cid,concept,aid,problem,start,end,avg_attn,freq,n_err_events,path
aritmetica_condicional,Aritmética em condicionais,494,41,int,+,0.8466,10,51,int@BasicType@FormalParameter@MethodDeclaration@ReturnStatement@BinaryOperati...
aritmetica_condicional,Aritmética em condicionais,439,1,int,sum,0.8354,7,82,int@BasicType@FieldDeclaration@VariableDeclarator@sum
aritmetica_condicional,Aritmética em condicionais,439,1,b,==,0.5684,13,82,b@FormalParameter@MethodDeclaration@IfStatement@BinaryOperation@BinaryOperati...
aritmetica_condicional,Aritmética em condicionais,439,1,int,sum,0.5619,6,82,int@BasicType@FormalParameter@MethodDeclaration@LocalVariableDeclaration@Vari...
aritmetica_condicional,Aritmética em condicionais,439,233,int,sum,0.5413,9,250,int@BasicType@FormalParameter@MethodDeclaration@LocalVariableDeclaration@Vari...
aritmetica_condicional,Aritmética em condicionais,494,41,int,<=,0.5096,7,51,int@BasicType@LocalVariableDeclaration@MethodDeclaration@ForStatement@ForCont...
aritmetica_condicional,Aritmética em condicionais,439,233,b,==,0.4297,61,250,b@FormalParameter@MethodDeclaration@IfStatement@BinaryOperation@BinaryOperati...
aritmetica_condicional,Aritmética em condicionais,439,233,boolean,boolean,0.325,84,250,boolean@BasicType@FormalParameter@MethodDeclaration@FormalParameter@BasicType...
aritmetica_condicional,Aritmética em condicionais,439,233,int,true,0.3164,17,250,int@BasicType@FormalParameter@MethodDeclaration@IfStatement@ReturnStatement@L...
aritmetica_condicional,Aritmética em condicionais,439,233,boolean,<PAD/UNK>,0.308,18,250,<PAD/UNK>
aritmetica_condicional,Aritmética em condicionais,439,233,int,=,0.2866,10,250,int@BasicType@FormalParameter@MethodDeclaration@IfStatement@Assignment@=
aritmetica_condicional,Aritmética em condicionais,439,233,int,6,0.2589,7,250,int@BasicType@FormalParameter@MethodDeclaration@IfStatement@BinaryOperation@L...
aritmetica_condicional,Aritmética em condicionais,439,233,int,=,0.2388,6,250,int@BasicType@FormalParameter@MethodDeclaration@IfStatement@Assignment@Assign...
aritmetica_condicional,Aritmética em condicionais,439,233,int,-,0.2381,9,250,int@BasicType@LocalVariableDeclaration@MethodDeclaration@LocalVariableDeclara...
aritmetica_condicional,Aritmética em condicionais,439,1,b,=,0.2353,5,82,b@MemberReference@BinaryOperation@Assignment@=
aritmetica_condicional,Aritmética em condicionais,439,233,b,6,0.2275,7,250,b@MemberReference@BinaryOperation@MethodInvocation@BinaryOperation@Literal@6
aritmetica_condicional,Aritmética em condicionais,439,233,b,6,0.1954,9,250,b@MemberReference@BinaryOperation@BinaryOperation@BinaryOperation@BinaryOpera...
aritmetica_condicional,Aritmética em condicionais,439,233,int,||,0.1709,62,250,int@BasicType@FormalParameter@MethodDeclaration@IfStatement@BinaryOperation@||
aritmetica_condicional,Aritmética em condicionais,439,233,int,||,0.1503,10,250,int@BasicType@FormalParameter@MethodDeclaration@IfStatement@IfStatement@Binar...
aritmetica_condicional,Aritmética em condicionais,439,233,boolean,boolean,0.1472,34,250,boolean@BasicType@MethodDeclaration@FormalParameter@BasicType@boolean
aritmetica_condicional,Aritmética em condicionais,439,1,int,||,0.1435,12,82,int@BasicType@FormalParameter@MethodDeclaration@IfStatement@BinaryOperation@||
aritmetica_condicional,Aritmética em condicionais,439,1,private,sum,0.139,7,82,private@Modifier@FieldDeclaration@VariableDeclarator@sum
aritmetica_condicional,Aritmética em condicionais,439,1,int,==,0.1206,5,82,int@BasicType@LocalVariableDeclaration@MethodDeclaration@IfStatement@BinaryOp...
aritmetica_condicional,Aritmética em condicionais,439,233,==,-,0.1199,13,250,==@BinaryOperation@MethodInvocation@BinaryOperation@-
aritmetica_condicional,Aritmética em condicionais,439,233,int,==,0.1198,36,250,int@BasicType@LocalVariableDeclaration@MethodDeclaration@IfStatement@BinaryOp...
aritmetica_condicional,Aritmética em condicionais,439,233,b,6,0.1192,19,250,b@MemberReference@BinaryOperation@Literal@6
aritmetica_condicional,Aritmética em condicionais,439,233,b,=,0.1189,17,250,b@MemberReference@BinaryOperation@Assignment@=
aritmetica_condicional,Aritmética em condicionais,439,1,b,+,0.1181,6,82,b@MemberReference@BinaryOperation@BinaryOperation@BinaryOperation@BinaryOpera...
aritmetica_condicional,Aritmética em condicionais,439,233,b,6,0.1178,14,250,b@MemberReference@BinaryOperation@Assignment@Literal@6
aritmetica_condicional,Aritmética em condicionais,439,233,int,==,0.1167,88,250,int@BasicType@FormalParameter@MethodDeclaration@IfStatement@BinaryOperation@B...
aritmetica_condicional,Aritmética em condicionais,439,233,int,d,0.111,7,250,int@BasicType@LocalVariableDeclaration@MethodDeclaration@LocalVariableDeclara...
aritmetica_condicional,Aritmética em condicionais,439,233,int,=,0.1076,12,250,int@BasicType@FormalParameter@MethodDeclaration@IfStatement@IfStatement@Assig...
aritmetica_condicional,Aritmética em condicionais,439,1,int,>=,0.1058,13,82,int@BasicType@FormalParameter@MethodDeclaration@IfStatement@BinaryOperation@B...
aritmetica_condicional,Aritmética em condicionais,439,233,public,boolean,0.1052,19,250,<PAD/UNK>
aritmetica_condicional,Aritmética em condicionais,439,233,int,-,0.1032,7,250,int@BasicType@FormalParameter@MethodDeclaration@LocalVariableDeclaration@Vari...
aritmetica_condicional,Aritmética em condicionais,439,1,int,==,0.1005,6,82,int@BasicType@FormalParameter@MethodDeclaration@IfStatement@BinaryOperation@B...
aritmetica_condicional,Aritmética em condicionais,494,41,int,x,0.0907,5,51,int@BasicType@VariableDeclaration@VariableDeclarator@x
aritmetica_condicional,Aritmética em condicionais,439,233,b,=,0.0778,8,250,b@FormalParameter@MethodDeclaration@IfStatement@IfStatement@Assignment@=
aritmetica_condicional,Aritmética em condicionais,439,233,int,love6,0.0627,5,250,int@BasicType@FormalParameter@MethodDeclaration@LocalVariableDeclaration@Vari...
aritmetica_condicional,Aritmética em condicionais,494,41,nums,2,0.0601,16,51,nums@MemberReference@BinaryOperation@BinaryOperation@MemberReference@ArraySel...
aritmetica_condicional,Aritmética em condicionais,439,233,a,==,0.0514,5,250,a@MemberReference@BinaryOperation@BinaryOperation@BinaryOperation@==
aritmetica_condicional,Aritmética em condicionais,439,233,b,6,0.0508,5,250,b@MemberReference@BinaryOperation@BinaryOperation@Literal@6
aritmetica_condicional,Aritmética em condicionais,494,41,int,sum3,0.0497,5,51,<PAD/UNK>
aritmetica_condicional,Aritmética em condicionais,439,233,b,6,0.0442,8,250,b@FormalParameter@MethodDeclaration@IfStatement@BinaryOperation@BinaryOperati...
aritmetica_condicional,Aritmética em condicionais,494,41,nums,=,0.0442,7,51,nums@FormalParameter@MethodDeclaration@ForStatement@BlockStatement@StatementE...
aritmetica_condicional,Aritmética em condicionais,494,41,int,nums,0.0361,14,51,int@BasicType@FormalParameter@nums
aritmetica_condicional,Aritmética em condicionais,439,233,a,==,0.0353,7,250,a@FormalParameter@MethodDeclaration@IfStatement@BinaryOperation@BinaryOperati...
aritmetica_condicional,Aritmética em condicionais,439,233,int,|,0.0347,12,250,<PAD/UNK>
aritmetica_condicional,Aritmética em condicionais,439,233,true,==,0.0334,5,250,true@Literal@ReturnStatement@IfStatement@IfStatement@BinaryOperation@BinaryOp...
aritmetica_condicional,Aritmética em condicionais,494,41,int,+,0.0316,9,51,int@BasicType@FormalParameter@MethodDeclaration@ReturnStatement@BinaryOperati...
aritmetica_condicional,Aritmética em condicionais,439,233,b,==,0.0259,7,250,b@MemberReference@BinaryOperation@BinaryOperation@BinaryOperation@BinaryOpera...
aritmetica_condicional,Aritmética em condicionais,439,233,int,||,0.0226,8,250,int@BasicType@FormalParameter@MethodDeclaration@IfStatement@BinaryOperation@B...
aritmetica_condicional,Aritmética em condicionais,439,1,int,&&,0.0161,6,82,int@BasicType@FormalParameter@MethodDeclaration@IfStatement@BinaryOperation@&&
aritmetica_condicional,Aritmética em condicionais,494,41,sum3,+,0.0159,9,51,sum3@MethodDeclaration@ReturnStatement@BinaryOperation@BinaryOperation@+
aritmetica_condicional,Aritmética em condicionais,439,233,answerCell,boolean,0.0125,14,250,answerCell@MethodDeclaration@FormalParameter@BasicType@boolean
aritmetica_condicional,Aritmética em condicionais,439,233,==,true,0.0116,6,250,==@BinaryOperation@Literal@true
aritmetica_condicional,Aritmética em condicionais,439,233,boolean,false,0.0077,10,250,boolean@BasicType@FormalParameter@MethodDeclaration@IfStatement@ReturnStateme...
bounds_checking,Validação de limites e bounds checking,494,49,int,0,0.8773,9,120,int@BasicType@VariableDeclaration@VariableDeclarator@Literal@0
bounds_checking,Validação de limites e bounds checking,494,43,int,+,0.8226,12,259,int@BasicType@FormalParameter@MethodDeclaration@ReturnStatement@BinaryOperati...
bounds_checking,Validação de limites e bounds checking,494,43,int,==,0.7911,7,259,int@BasicType@LocalVariableDeclaration@BlockStatement@IfStatement@IfStatement...
bounds_checking,Validação de limites e bounds checking,494,106,int,0,0.7714,36,228,int@BasicType@VariableDeclaration@VariableDeclarator@Literal@0
bounds_checking,Validação de limites e bounds checking,494,108,int,0,0.7148,36,311,int@BasicType@VariableDeclaration@VariableDeclarator@Literal@0
bounds_checking,Validação de limites e bounds checking,494,43,int,==,0.6701,6,259,int@BasicType@FormalParameter@MethodDeclaration@IfStatement@IfStatement@Binar...
bounds_checking,Validação de limites e bounds checking,502,70,int,&&,0.6161,8,271,int@BasicType@FormalParameter@MethodDeclaration@IfStatement@BinaryOperation@&&
bounds_checking,Validação de limites e bounds checking,494,108,int,1,0.5841,23,311,int@BasicType@VariableDeclaration@ForControl@BinaryOperation@BinaryOperation@...
bounds_checking,Validação de limites e bounds checking,502,70,int,1,0.5539,7,271,int@BasicType@FormalParameter@MethodDeclaration@IfStatement@BinaryOperation@L...
bounds_checking,Validação de limites e bounds checking,494,49,int,1,0.5397,19,120,int@BasicType@VariableDeclaration@ForControl@BinaryOperation@BinaryOperation@...
bounds_checking,Validação de limites e bounds checking,494,106,int,result,0.536,7,228,int@BasicType@FormalParameter@MethodDeclaration@LocalVariableDeclaration@Vari...
bounds_checking,Validação de limites e bounds checking,494,49,int,length,0.516,25,120,int@BasicType@VariableDeclaration@ForControl@BinaryOperation@MemberReference@...
bounds_checking,Validação de limites e bounds checking,494,108,nums,=,0.4962,82,311,nums@MemberReference@Assignment@=
bounds_checking,Validação de limites e bounds checking,492,34,<PAD/UNK>,str,0.4801,14,309,<PAD/UNK>
bounds_checking,Validação de limites e bounds checking,492,34,==,str,0.4649,6,309,==@BinaryOperation@BinaryOperation@BinaryOperation@MethodInvocation@str
bounds_checking,Validação de limites e bounds checking,492,34,zipZap,str,0.454,95,309,zipZap@MethodDeclaration@FormalParameter@str
bounds_checking,Validação de limites e bounds checking,494,106,>,==,0.4473,13,228,>@BinaryOperation@BinaryOperation@BinaryOperation@==
bounds_checking,Validação de limites e bounds checking,502,70,int,len,0.4432,6,271,int@BasicType@LocalVariableDeclaration@VariableDeclarator@len
bounds_checking,Validação de limites e bounds checking,494,106,nums,=,0.4401,25,228,nums@MemberReference@Assignment@=
bounds_checking,Validação de limites e bounds checking,494,49,int,==,0.4325,10,120,int@BasicType@LocalVariableDeclaration@MethodDeclaration@IfStatement@BinaryOp...
bounds_checking,Validação de limites e bounds checking,502,45,sum,=,0.4323,8,127,sum@MemberReference@BinaryOperation@Assignment@=
bounds_checking,Validação de limites e bounds checking,494,106,int,end,0.4141,44,228,int@BasicType@LocalVariableDeclaration@VariableDeclarator@end
bounds_checking,Validação de limites e bounds checking,494,43,nums,=,0.4074,51,259,nums@MemberReference@Assignment@=
bounds_checking,Validação de limites e bounds checking,502,118,int,=,0.405,34,146,int@BasicType@LocalVariableDeclaration@MethodDeclaration@StatementExpression@...
bounds_checking,Validação de limites e bounds checking,494,43,int,<=,0.404,6,259,int@BasicType@FormalParameter@MethodDeclaration@IfStatement@BinaryOperation@<=
bounds_checking,Validação de limites e bounds checking,502,70,nums,i,0.397,63,271,nums@FormalParameter@MethodDeclaration@ForStatement@ForControl@BinaryOperatio...
bounds_checking,Validação de limites e bounds checking,492,34,==,str,0.3511,8,309,<PAD/UNK>
bounds_checking,Validação de limites e bounds checking,502,70,i,1,0.3509,47,271,i@MemberReference@BinaryOperation@Literal@1
bounds_checking,Validação de limites e bounds checking,502,70,int,0,0.3412,7,271,int@BasicType@LocalVariableDeclaration@VariableDeclarator@Literal@0
bounds_checking,Validação de limites e bounds checking,502,70,==,=,0.3248,18,271,==@BinaryOperation@IfStatement@IfStatement@BlockStatement@StatementExpression...
bounds_checking,Validação de limites e bounds checking,494,106,int,length,0.3236,9,228,int@BasicType@VariableDeclaration@ForControl@BinaryOperation@MemberReference@...
bounds_checking,Validação de limites e bounds checking,502,118,int,=,0.3213,6,146,int@BasicType@VariableDeclaration@ForControl@ForStatement@StatementExpression...
bounds_checking,Validação de limites e bounds checking,494,106,int,end,0.3192,46,228,int@BasicType@FormalParameter@MethodDeclaration@LocalVariableDeclaration@Vari...
bounds_checking,Validação de limites e bounds checking,502,118,int,result,0.3162,9,146,int@BasicType@LocalVariableDeclaration@VariableDeclarator@result
bounds_checking,Validação de limites e bounds checking,494,108,int,length,0.3103,51,311,int@BasicType@VariableDeclaration@ForControl@BinaryOperation@MemberReference@...
bounds_checking,Validação de limites e bounds checking,494,108,nums,==,0.3088,6,311,nums@MemberReference@BinaryOperation@IfStatement@BlockStatement@IfStatement@B...
bounds_checking,Validação de limites e bounds checking,492,34,zipZap,str,0.3085,28,309,<PAD/UNK>
bounds_checking,Validação de limites e bounds checking,502,70,count,=,0.3065,16,271,count@MemberReference@Assignment@=
bounds_checking,Validação de limites e bounds checking,502,70,<PAD/UNK>,=,0.2865,27,271,<PAD/UNK>
bounds_checking,Validação de limites e bounds checking,492,34,'z',str,0.2863,6,309,<PAD/UNK>
bounds_checking,Validação de limites e bounds checking,502,45,int,0,0.2863,22,127,int@BasicType@LocalVariableDeclaration@VariableDeclarator@Literal@0
bounds_checking,Validação de limites e bounds checking,494,43,int,2,0.2852,7,259,int@BasicType@FormalParameter@MethodDeclaration@IfStatement@BinaryOperation@L...
bounds_checking,Validação de limites e bounds checking,494,106,int,==,0.2829,7,228,int@BasicType@FormalParameter@MethodDeclaration@IfStatement@BinaryOperation@B...
bounds_checking,Validação de limites e bounds checking,502,45,<PAD/UNK>,=,0.2658,19,127,<PAD/UNK>
bounds_checking,Validação de limites e bounds checking,502,70,int,1,0.2618,6,271,int@BasicType@VariableDeclaration@VariableDeclarator@Literal@1
bounds_checking,Validação de limites e bounds checking,492,34,version,str,0.2599,6,309,<PAD/UNK>
bounds_checking,Validação de limites e bounds checking,492,34,String,version,0.2595,13,309,<PAD/UNK>
bounds_checking,Validação de limites e bounds checking,502,118,nums,i,0.2566,18,146,nums@FormalParameter@MethodDeclaration@ForStatement@ForControl@BinaryOperatio...
bounds_checking,Validação de limites e bounds checking,492,34,+=,str,0.2559,10,309,+=@Assignment@StatementExpression@BlockStatement@StatementExpression@Assignme...
bounds_checking,Validação de limites e bounds checking,492,34,String,newString,0.2493,10,309,String@ReferenceType@FormalParameter@MethodDeclaration@LocalVariableDeclarati...
bounds_checking,Validação de limites e bounds checking,492,34,<,str,0.243,8,309,<@BinaryOperation@BinaryOperation@MethodInvocation@str
bounds_checking,Validação de limites e bounds checking,492,34,zipZap,output,0.2382,5,309,<PAD/UNK>
bounds_checking,Validação de limites e bounds checking,494,43,int,<,0.238,9,259,int@BasicType@FormalParameter@MethodDeclaration@ForStatement@ForControl@Binar...
bounds_checking,Validação de limites e bounds checking,494,43,int,==,0.235,12,259,int@BasicType@LocalVariableDeclaration@MethodDeclaration@IfStatement@BinaryOp...
bounds_checking,Validação de limites e bounds checking,502,118,int,2,0.2301,17,146,int@BasicType@ArrayCreator@BinaryOperation@Literal@2
bounds_checking,Validação de limites e bounds checking,494,43,nums,==,0.2296,12,259,<PAD/UNK>
bounds_checking,Validação de limites e bounds checking,494,108,<,==,0.2203,39,311,<@BinaryOperation@ForControl@ForStatement@BlockStatement@IfStatement@BinaryOp...
bounds_checking,Validação de limites e bounds checking,492,34,<PAD/UNK>,a,0.2187,6,309,<PAD/UNK>
bounds_checking,Validação de limites e bounds checking,494,49,int,<,0.2187,34,120,int@BasicType@FormalParameter@MethodDeclaration@ForStatement@ForControl@Binar...
bounds_checking,Validação de limites e bounds checking,494,43,len,==,0.2144,5,259,<PAD/UNK>
bounds_checking,Validação de limites e bounds checking,502,118,i,=,0.2127,9,146,i@MemberReference@ArraySelector@MemberReference@Assignment@=
bounds_checking,Validação de limites e bounds checking,502,118,<PAD/UNK>,=,0.2108,16,146,<PAD/UNK>
bounds_checking,Validação de limites e bounds checking,494,108,5,=,0.2078,25,311,5@Literal@Assignment@=
bounds_checking,Validação de limites e bounds checking,492,34,<=,str,0.2054,5,309,<PAD/UNK>
bounds_checking,Validação de limites e bounds checking,494,49,1,=,0.2032,6,120,1@Literal@BinaryOperation@ArraySelector@MemberReference@Assignment@=
bounds_checking,Validação de limites e bounds checking,502,70,==,=,0.2032,10,271,==@BinaryOperation@IfStatement@StatementExpression@Assignment@=
bounds_checking,Validação de limites e bounds checking,492,34,a,append,0.202,6,309,a@MethodInvocation@MethodInvocation@append
bounds_checking,Validação de limites e bounds checking,494,106,int,<,0.2012,33,228,int@BasicType@FormalParameter@MethodDeclaration@ForStatement@ForControl@Binar...
bounds_checking,Validação de limites e bounds checking,492,34,&&,str,0.2008,10,309,&&@BinaryOperation@MethodInvocation@str
bounds_checking,Validação de limites e bounds checking,502,118,i,1,0.2008,28,146,i@MemberReference@BinaryOperation@Literal@1
bounds_checking,Validação de limites e bounds checking,494,49,nums,+=,0.1992,8,120,nums@MemberReference@Assignment@+=
bounds_checking,Validação de limites e bounds checking,494,49,int,val,0.1935,16,120,int@BasicType@FormalParameter@MethodDeclaration@FormalParameter@val
bounds_checking,Validação de limites e bounds checking,502,70,int,count,0.1927,19,271,int@BasicType@LocalVariableDeclaration@VariableDeclarator@count
bounds_checking,Validação de limites e bounds checking,494,43,int,newNums,0.1898,18,259,<PAD/UNK>
bounds_checking,Validação de limites e bounds checking,494,49,int,total,0.1892,7,120,int@BasicType@LocalVariableDeclaration@VariableDeclarator@total
bounds_checking,Validação de limites e bounds checking,502,45,nums,!=,0.1834,13,127,nums@FormalParameter@MethodDeclaration@ForStatement@BlockStatement@IfStatemen...
bounds_checking,Validação de limites e bounds checking,502,70,i,=,0.1802,5,271,i@MemberReference@ArraySelector@MemberReference@Assignment@=
bounds_checking,Validação de limites e bounds checking,494,43,nums,+,0.1792,6,259,nums@MemberReference@BinaryOperation@MemberReference@ArraySelector@BinaryOper...
bounds_checking,Validação de limites e bounds checking,502,45,==,+=,0.1769,7,127,==@BinaryOperation@IfStatement@BlockStatement@StatementExpression@Assignment@+=
bounds_checking,Validação de limites e bounds checking,492,34,a,String,0.1756,7,309,a@FormalParameter@MethodDeclaration@FormalParameter@ReferenceType@String
bounds_checking,Validação de limites e bounds checking,502,70,%,0,0.1714,9,271,%@BinaryOperation@BinaryOperation@Literal@0
bounds_checking,Validação de limites e bounds checking,502,70,int,<PAD/UNK>,0.168,32,271,<PAD/UNK>
bounds_checking,Validação de limites e bounds checking,494,49,nums,13,0.1676,32,120,nums@MemberReference@BinaryOperation@Literal@13
bounds_checking,Validação de limites e bounds checking,494,108,int,=,0.1608,6,311,int@BasicType@LocalVariableDeclaration@BlockStatement@StatementExpression@Ass...
bounds_checking,Validação de limites e bounds checking,502,45,int,<PAD/UNK>,0.1602,17,127,<PAD/UNK>
bounds_checking,Validação de limites e bounds checking,494,106,int,ends,0.1592,9,228,<PAD/UNK>
bounds_checking,Validação de limites e bounds checking,502,70,nums,=,0.1592,6,271,<PAD/UNK>
bounds_checking,Validação de limites e bounds checking,502,70,int,i,0.1576,30,271,int@BasicType@VariableDeclaration@ForControl@MemberReference@i
bounds_checking,Validação de limites e bounds checking,494,43,int,==,0.1575,14,259,int@BasicType@FormalParameter@MethodDeclaration@IfStatement@BinaryOperation@==
bounds_checking,Validação de limites e bounds checking,494,106,int,-,0.1564,8,228,int@BasicType@VariableDeclaration@VariableDeclarator@BinaryOperation@-
bounds_checking,Validação de limites e bounds checking,502,118,int,shifted,0.152,5,146,<PAD/UNK>
bounds_checking,Validação de limites e bounds checking,494,43,int,2,0.1518,15,259,int@BasicType@ArrayCreator@Literal@2
bounds_checking,Validação de limites e bounds checking,492,34,String,String,0.1515,62,309,String@ReferenceType@MethodDeclaration@FormalParameter@ReferenceType@String
bounds_checking,Validação de limites e bounds checking,502,70,nums,2,0.1515,5,271,nums@MemberReference@BinaryOperation@ArraySelector@MemberReference@BinaryOper...
bounds_checking,Validação de limites e bounds checking,494,43,int,front,0.1494,14,259,int@BasicType@LocalVariableDeclaration@VariableDeclarator@front
bounds_checking,Validação de limites e bounds checking,502,70,==,2,0.1493,5,271,==@BinaryOperation@IfStatement@BlockStatement@IfStatement@BinaryOperation@Lit...
bounds_checking,Validação de limites e bounds checking,502,45,int,i,0.149,25,127,int@BasicType@VariableDeclaration@ForControl@MemberReference@i
bounds_checking,Validação de limites e bounds checking,502,70,i,=,0.1489,15,271,i@MemberReference@BinaryOperation@ArraySelector@MemberReference@Assignment@=
bounds_checking,Validação de limites e bounds checking,494,108,int,0,0.1486,5,311,int@BasicType@LocalVariableDeclaration@MethodDeclaration@LocalVariableDeclara...
bounds_checking,Validação de limites e bounds checking,494,49,int,val,0.1472,10,120,int@BasicType@FormalParameter@val
bounds_checking,Validação de limites e bounds checking,494,106,int,begin,0.1469,5,228,<PAD/UNK>
bounds_checking,Validação de limites e bounds checking,494,49,int,>=,0.146,5,120,<PAD/UNK>
bounds_checking,Validação de limites e bounds checking,494,108,int,<PAD/UNK>,0.1456,67,311,<PAD/UNK>
bounds_checking,Validação de limites e bounds checking,494,43,int,2,0.1447,5,259,int@BasicType@VariableDeclaration@ForControl@BinaryOperation@Literal@2
bounds_checking,Validação de limites e bounds checking,494,108,1,=,0.1428,51,311,1@Literal@BinaryOperation@ArraySelector@MemberReference@Assignment@=
bounds_checking,Validação de limites e bounds checking,502,118,i,=,0.1424,16,146,i@MemberReference@ForControl@ForStatement@BlockStatement@StatementExpression@...
bounds_checking,Validação de limites e bounds checking,494,106,int,len,0.1419,7,228,int@BasicType@VariableDeclaration@ForControl@BinaryOperation@MemberReference@len
bounds_checking,Validação de limites e bounds checking,494,106,int,+,0.138,14,228,int@BasicType@VariableDeclaration@VariableDeclarator@BinaryOperation@+
bounds_checking,Validação de limites e bounds checking,494,43,int,=,0.1366,5,259,int@BasicType@FormalParameter@MethodDeclaration@ForStatement@StatementExpress...
bounds_checking,Validação de limites e bounds checking,502,70,nums,=,0.135,15,271,nums@FormalParameter@MethodDeclaration@ForStatement@BlockStatement@IfStatemen...
bounds_checking,Validação de limites e bounds checking,494,49,++,=,0.1349,13,120,++@MemberReference@ForControl@ForStatement@BlockStatement@StatementExpression...
bounds_checking,Validação de limites e bounds checking,502,118,1,=,0.1346,58,146,1@Literal@BinaryOperation@ArraySelector@MemberReference@Assignment@=
bounds_checking,Validação de limites e bounds checking,494,106,int,-,0.1319,13,228,int@BasicType@LocalVariableDeclaration@MethodDeclaration@LocalVariableDeclara...
bounds_checking,Validação de limites e bounds checking,502,70,i,1,0.1305,25,271,i@MemberReference@BinaryOperation@BinaryOperation@Literal@1
bounds_checking,Validação de limites e bounds checking,502,45,int,sum,0.1303,30,127,int@BasicType@LocalVariableDeclaration@VariableDeclarator@sum
bounds_checking,Validação de limites e bounds checking,492,34,str,str,0.1297,5,309,str@FormalParameter@MethodDeclaration@LocalVariableDeclaration@VariableDeclar...
bounds_checking,Validação de limites e bounds checking,494,106,int,1,0.1293,14,228,int@BasicType@LocalVariableDeclaration@VariableDeclarator@BinaryOperation@Lit...
bounds_checking,Validação de limites e bounds checking,502,45,<PAD/UNK>,+=,0.1282,14,127,<PAD/UNK>
bounds_checking,Validação de limites e bounds checking,502,118,i,=,0.1282,10,146,i@MemberReference@BinaryOperation@ArraySelector@MemberReference@Assignment@=
bounds_checking,Validação de limites e bounds checking,502,70,||,=,0.1261,6,271,||@BinaryOperation@IfStatement@BlockStatement@StatementExpression@Assignment@=
bounds_checking,Validação de limites e bounds checking,494,43,int,<PAD/UNK>,0.1258,60,259,<PAD/UNK>
bounds_checking,Validação de limites e bounds checking,502,118,int,<PAD/UNK>,0.1247,13,146,<PAD/UNK>
bounds_checking,Validação de limites e bounds checking,494,106,int,a,0.1242,6,228,int@BasicType@FormalParameter@MethodDeclaration@LocalVariableDeclaration@Vari...
bounds_checking,Validação de limites e bounds checking,492,34,String,str,0.1238,38,309,String@ReferenceType@FormalParameter@str
bounds_checking,Validação de limites e bounds checking,494,43,int,front,0.1232,11,259,<PAD/UNK>
bounds_checking,Validação de limites e bounds checking,494,108,int,fives,0.1231,27,311,<PAD/UNK>
bounds_checking,Validação de limites e bounds checking,502,70,nums,=,0.1215,6,271,nums@MemberReference@BinaryOperation@Assignment@=
bounds_checking,Validação de limites e bounds checking,494,49,int,length,0.1208,6,120,int@BasicType@LocalVariableDeclaration@VariableDeclarator@MemberReference@length
bounds_checking,Validação de limites e bounds checking,494,108,int,four,0.1208,14,311,<PAD/UNK>
bounds_checking,Validação de limites e bounds checking,502,45,nums,=,0.12,11,127,nums@MemberReference@BinaryOperation@IfStatement@BlockStatement@StatementExpr...
bounds_checking,Validação de limites e bounds checking,502,45,int,0,0.1158,7,127,int@BasicType@VariableDeclaration@VariableDeclarator@Literal@0
bounds_checking,Validação de limites e bounds checking,494,106,int,<PAD/UNK>,0.1153,76,228,<PAD/UNK>
bounds_checking,Validação de limites e bounds checking,492,34,&&,2,0.1152,5,309,&&@BinaryOperation@IfStatement@BlockStatement@StatementExpression@Assignment@...
bounds_checking,Validação de limites e bounds checking,494,43,int,=,0.1151,16,259,int@BasicType@ArrayCreator@Assignment@=
bounds_checking,Validação de limites e bounds checking,494,49,int,length,0.115,9,120,int@BasicType@FormalParameter@MethodDeclaration@IfStatement@BinaryOperation@M...
bounds_checking,Validação de limites e bounds checking,494,43,int,nums,0.1142,5,259,<PAD/UNK>
bounds_checking,Validação de limites e bounds checking,502,45,+=,=,0.1142,5,127,+=@Assignment@StatementExpression@BlockStatement@StatementExpression@Assignme...
bounds_checking,Validação de limites e bounds checking,502,45,!=,+=,0.1128,12,127,!=@BinaryOperation@IfStatement@BlockStatement@StatementExpression@Assignment@+=
bounds_checking,Validação de limites e bounds checking,494,43,int,=,0.1119,14,259,int@BasicType@LocalVariableDeclaration@BlockStatement@StatementExpression@Ass...
bounds_checking,Validação de limites e bounds checking,494,108,int,nums,0.1115,13,311,int@BasicType@FormalParameter@MethodDeclaration@ReturnStatement@MemberReferen...
bounds_checking,Validação de limites e bounds checking,494,43,nums,=,0.1114,12,259,nums@FormalParameter@MethodDeclaration@IfStatement@BlockStatement@StatementEx...
bounds_checking,Validação de limites e bounds checking,494,106,++,=,0.11,11,228,++@MemberReference@ForControl@ForStatement@BlockStatement@StatementExpression...
bounds_checking,Validação de limites e bounds checking,494,49,nums,val,0.1097,7,120,nums@MemberReference@BinaryOperation@MemberReference@val
bounds_checking,Validação de limites e bounds checking,502,45,int,0,0.1092,10,127,int@BasicType@FormalParameter@MethodDeclaration@LocalVariableDeclaration@Vari...
bounds_checking,Validação de limites e bounds checking,502,118,left,=,0.1091,15,146,left@MemberReference@Assignment@=
bounds_checking,Validação de limites e bounds checking,502,70,<PAD/UNK>,!=,0.109,5,271,<PAD/UNK>
bounds_checking,Validação de limites e bounds checking,492,34,&&,str,0.1078,38,309,&&@BinaryOperation@BinaryOperation@MethodInvocation@str
bounds_checking,Validação de limites e bounds checking,492,34,&&,charAt,0.1077,19,309,&&@BinaryOperation@BinaryOperation@MethodInvocation@charAt
bounds_checking,Validação de limites e bounds checking,502,70,nums,2,0.1071,5,271,nums@MemberReference@BinaryOperation@BinaryOperation@BinaryOperation@BinaryOp...
bounds_checking,Validação de limites e bounds checking,502,118,nums,=,0.1064,5,146,nums@MemberReference@VariableDeclarator@LocalVariableDeclaration@BlockStateme...
bounds_checking,Validação de limites e bounds checking,502,70,nums,!=,0.106,5,271,nums@MemberReference@BinaryOperation@BinaryOperation@BinaryOperation@!=
bounds_checking,Validação de limites e bounds checking,494,106,int,two,0.1049,5,228,int@BasicType@FormalParameter@MethodDeclaration@LocalVariableDeclaration@Vari...
bounds_checking,Validação de limites e bounds checking,502,70,2,=,0.1048,24,271,<PAD/UNK>
bounds_checking,Validação de limites e bounds checking,502,70,i,=,0.1047,7,271,<PAD/UNK>
bounds_checking,Validação de limites e bounds checking,494,43,int,0,0.1036,6,259,int@BasicType@LocalVariableDeclaration@MethodDeclaration@IfStatement@BinaryOp...
bounds_checking,Validação de limites e bounds checking,502,118,==,left,0.1032,12,146,<PAD/UNK>
bounds_checking,Validação de limites e bounds checking,492,34,==,2,0.1019,14,309,==@BinaryOperation@MethodInvocation@BinaryOperation@Literal@2
bounds_checking,Validação de limites e bounds checking,492,34,String,String,0.1014,14,309,String@ReferenceType@FormalParameter@MethodDeclaration@LocalVariableDeclarati...
bounds_checking,Validação de limites e bounds checking,492,34,==,str,0.0997,6,309,==@BinaryOperation@IfStatement@BlockStatement@IfStatement@BinaryOperation@Met...
bounds_checking,Validação de limites e bounds checking,502,70,int,0,0.0988,17,271,int@BasicType@VariableDeclaration@VariableDeclarator@Literal@0
bounds_checking,Validação de limites e bounds checking,502,70,int,0,0.0966,21,271,int@BasicType@FormalParameter@MethodDeclaration@LocalVariableDeclaration@Vari...
bounds_checking,Validação de limites e bounds checking,494,49,nums,!=,0.0961,6,120,nums@FormalParameter@MethodDeclaration@ForStatement@BlockStatement@IfStatemen...
bounds_checking,Validação de limites e bounds checking,502,118,int,i,0.0939,26,146,int@BasicType@VariableDeclaration@ForControl@MemberReference@i
bounds_checking,Validação de limites e bounds checking,502,118,nums,=,0.0938,7,146,nums@FormalParameter@MethodDeclaration@ForStatement@BlockStatement@StatementE...
bounds_checking,Validação de limites e bounds checking,494,108,++,=,0.0932,9,311,++@MemberReference@ForControl@ForStatement@BlockStatement@StatementExpression...
bounds_checking,Validação de limites e bounds checking,502,118,i,1,0.0931,9,146,i@MemberReference@BinaryOperation@BinaryOperation@Literal@1
bounds_checking,Validação de limites e bounds checking,494,43,int,length,0.0927,14,259,int@BasicType@FormalParameter@MethodDeclaration@IfStatement@BinaryOperation@M...
bounds_checking,Validação de limites e bounds checking,492,34,&&,chr,0.0899,6,309,<PAD/UNK>
bounds_checking,Validação de limites e bounds checking,492,34,zipZap,version,0.0898,20,309,<PAD/UNK>
bounds_checking,Validação de limites e bounds checking,502,45,int,0,0.0879,5,127,int@BasicType@LocalVariableDeclaration@MethodDeclaration@IfStatement@BinaryOp...
bounds_checking,Validação de limites e bounds checking,494,43,nums,=,0.0868,9,259,nums@FormalParameter@MethodDeclaration@ForStatement@StatementExpression@Assig...
bounds_checking,Validação de limites e bounds checking,494,108,int,<,0.0863,30,311,int@BasicType@FormalParameter@MethodDeclaration@ForStatement@ForControl@Binar...
bounds_checking,Validação de limites e bounds checking,502,70,+,1,0.0849,42,271,+@BinaryOperation@Literal@1
bounds_checking,Validação de limites e bounds checking,502,70,nums,i,0.084,23,271,nums@FormalParameter@MethodDeclaration@ForStatement@ForControl@VariableDeclar...
bounds_checking,Validação de limites e bounds checking,492,34,str,str,0.0838,9,309,<PAD/UNK>
bounds_checking,Validação de limites e bounds checking,502,70,%,=,0.0836,25,271,%@BinaryOperation@BinaryOperation@IfStatement@BlockStatement@StatementExpress...
bounds_checking,Validação de limites e bounds checking,494,43,1,==,0.0831,6,259,1@Literal@BinaryOperation@IfStatement@MethodDeclaration@IfStatement@BinaryOpe...
bounds_checking,Validação de limites e bounds checking,494,108,int,5,0.083,6,311,int@BasicType@LocalVariableDeclaration@BlockStatement@StatementExpression@Ass...
bounds_checking,Validação de limites e bounds checking,502,118,int,nums,0.083,14,146,int@BasicType@LocalVariableDeclaration@VariableDeclarator@MemberReference@nums
bounds_checking,Validação de limites e bounds checking,494,106,int,-,0.0806,6,228,int@BasicType@FormalParameter@MethodDeclaration@LocalVariableDeclaration@Vari...
bounds_checking,Validação de limites e bounds checking,502,118,nums,i,0.0803,9,146,nums@FormalParameter@MethodDeclaration@ForStatement@ForControl@MemberReference@i
bounds_checking,Validação de limites e bounds checking,502,118,int,end,0.0796,6,146,<PAD/UNK>
bounds_checking,Validação de limites e bounds checking,492,34,&&,str,0.0794,18,309,&&@BinaryOperation@BinaryOperation@BinaryOperation@MethodInvocation@str
bounds_checking,Validação de limites e bounds checking,494,108,int,fourCount,0.0794,8,311,<PAD/UNK>
bounds_checking,Validação de limites e bounds checking,494,49,nums,==,0.0793,5,120,nums@FormalParameter@MethodDeclaration@IfStatement@BinaryOperation@==
bounds_checking,Validação de limites e bounds checking,502,70,nums,1,0.0786,15,271,nums@MemberReference@BinaryOperation@Literal@1
bounds_checking,Validação de limites e bounds checking,492,34,==,str,0.0775,25,309,==@BinaryOperation@MethodInvocation@str
bounds_checking,Validação de limites e bounds checking,502,118,int,1,0.0765,8,146,int@BasicType@VariableDeclaration@VariableDeclarator@Literal@1
bounds_checking,Validação de limites e bounds checking,494,49,int,nums,0.0762,8,120,int@BasicType@FormalParameter@nums
bounds_checking,Validação de limites e bounds checking,494,43,int,add,0.0758,7,259,<PAD/UNK>
bounds_checking,Validação de limites e bounds checking,502,118,int,1,0.0758,13,146,int@BasicType@ArrayCreator@BinaryOperation@BinaryOperation@BinaryOperation@Li...
bounds_checking,Validação de limites e bounds checking,502,45,<PAD/UNK>,0,0.0754,12,127,<PAD/UNK>
bounds_checking,Validação de limites e bounds checking,494,108,=,=,0.0748,27,311,=@Assignment@StatementExpression@BlockStatement@StatementExpression@Assignment@=
bounds_checking,Validação de limites e bounds checking,494,43,=,=,0.0744,13,259,=@Assignment@StatementExpression@BlockStatement@StatementExpression@Assignment@=
bounds_checking,Validação de limites e bounds checking,494,43,int,length,0.0735,9,259,int@BasicType@LocalVariableDeclaration@MethodDeclaration@IfStatement@BinaryOp...
bounds_checking,Validação de limites e bounds checking,494,49,int,0,0.0726,11,120,int@BasicType@FormalParameter@MethodDeclaration@IfStatement@BinaryOperation@L...
bounds_checking,Validação de limites e bounds checking,502,70,nums,i,0.0712,36,271,nums@FormalParameter@MethodDeclaration@ForStatement@ForControl@MemberReference@i
bounds_checking,Validação de limites e bounds checking,494,106,int,boolean,0.0693,15,228,int@BasicType@FormalParameter@MethodDeclaration@LocalVariableDeclaration@Basi...
bounds_checking,Validação de limites e bounds checking,502,70,arr,=,0.0692,6,271,arr@MemberReference@Assignment@=
bounds_checking,Validação de limites e bounds checking,502,70,nums,=,0.0669,10,271,nums@MemberReference@BinaryOperation@IfStatement@BlockStatement@StatementExpr...
bounds_checking,Validação de limites e bounds checking,494,106,int,length,0.0639,11,228,int@BasicType@LocalVariableDeclaration@VariableDeclarator@BinaryOperation@Mem...
bounds_checking,Validação de limites e bounds checking,494,43,nums,==,0.0631,6,259,nums@FormalParameter@MethodDeclaration@IfStatement@BinaryOperation@==
bounds_checking,Validação de limites e bounds checking,494,106,<,=,0.0616,10,228,<@BinaryOperation@ForControl@ForStatement@BlockStatement@StatementExpression@...
bounds_checking,Validação de limites e bounds checking,494,49,nums,==,0.0607,13,120,nums@FormalParameter@MethodDeclaration@ForStatement@BlockStatement@IfStatemen...
bounds_checking,Validação de limites e bounds checking,502,118,+,1,0.0603,9,146,+@BinaryOperation@Literal@1
bounds_checking,Validação de limites e bounds checking,492,34,<PAD/UNK>,charAt,0.0594,5,309,<PAD/UNK>
bounds_checking,Validação de limites e bounds checking,494,49,int,length,0.0591,6,120,int@BasicType@LocalVariableDeclaration@MethodDeclaration@IfStatement@BinaryOp...
bounds_checking,Validação de limites e bounds checking,502,45,int,sum67,0.0587,8,127,int@BasicType@MethodDeclaration@sum67
bounds_checking,Validação de limites e bounds checking,494,43,>=,==,0.0586,5,259,<PAD/UNK>
bounds_checking,Validação de limites e bounds checking,494,106,nums,==,0.058,21,228,nums@FormalParameter@MethodDeclaration@ForStatement@BlockStatement@IfStatemen...
bounds_checking,Validação de limites e bounds checking,494,106,int,n,0.0574,9,228,int@BasicType@LocalVariableDeclaration@VariableDeclarator@BinaryOperation@Mem...
bounds_checking,Validação de limites e bounds checking,502,70,nums,2,0.0571,26,271,nums@MemberReference@BinaryOperation@BinaryOperation@BinaryOperation@Literal@2
bounds_checking,Validação de limites e bounds checking,494,49,nums,=,0.0562,8,120,nums@FormalParameter@MethodDeclaration@ForStatement@BlockStatement@StatementE...
bounds_checking,Validação de limites e bounds checking,492,34,String,<PAD/UNK>,0.0555,11,309,<PAD/UNK>
bounds_checking,Validação de limites e bounds checking,494,43,int,newNums,0.0555,9,259,int@BasicType@LocalVariableDeclaration@VariableDeclarator@newNums
bounds_checking,Validação de limites e bounds checking,494,43,nums,2,0.0552,22,259,nums@MemberReference@BinaryOperation@BinaryOperation@MemberReference@ArraySel...
bounds_checking,Validação de limites e bounds checking,502,118,nums,=,0.0549,10,146,nums@MemberReference@BinaryOperation@ArraySelector@MemberReference@Assignment@=
bounds_checking,Validação de limites e bounds checking,502,70,int,i,0.0543,39,271,int@BasicType@VariableDeclaration@ForControl@BinaryOperation@MemberReference@i
bounds_checking,Validação de limites e bounds checking,502,45,==,<PAD/UNK>,0.0539,5,127,<PAD/UNK>
bounds_checking,Validação de limites e bounds checking,494,43,int,=,0.0538,9,259,int@BasicType@LocalVariableDeclaration@MethodDeclaration@StatementExpression@...
bounds_checking,Validação de limites e bounds checking,492,34,<,-,0.0534,9,309,<@BinaryOperation@BinaryOperation@-
bounds_checking,Validação de limites e bounds checking,492,34,str,str,0.0524,5,309,str@FormalParameter@MethodDeclaration@ForStatement@ForControl@BinaryOperation...
bounds_checking,Validação de limites e bounds checking,494,106,int,x,0.0523,6,228,int@BasicType@FormalParameter@MethodDeclaration@ForStatement@ForControl@Membe...
bounds_checking,Validação de limites e bounds checking,494,106,int,len,0.0523,11,228,int@BasicType@LocalVariableDeclaration@MethodDeclaration@LocalVariableDeclara...
bounds_checking,Validação de limites e bounds checking,494,106,int,++,0.0522,9,228,int@BasicType@VariableDeclaration@ForControl@MemberReference@++
bounds_checking,Validação de limites e bounds checking,494,49,int,nums,0.0509,7,120,int@BasicType@VariableDeclaration@ForControl@BinaryOperation@BinaryOperation@...
bounds_checking,Validação de limites e bounds checking,494,106,int,front,0.0494,8,228,int@BasicType@FormalParameter@MethodDeclaration@LocalVariableDeclaration@Vari...
bounds_checking,Validação de limites e bounds checking,494,49,int,length,0.0488,5,120,int@BasicType@VariableDeclaration@ForControl@BinaryOperation@BinaryOperation@...
bounds_checking,Validação de limites e bounds checking,502,70,==,=,0.0483,6,271,==@BinaryOperation@IfStatement@BlockStatement@StatementExpression@Assignment@=
bounds_checking,Validação de limites e bounds checking,494,43,nums,2,0.0481,5,259,nums@MemberReference@BinaryOperation@Literal@2
bounds_checking,Validação de limites e bounds checking,494,43,nums,<PAD/UNK>,0.0479,7,259,<PAD/UNK>
bounds_checking,Validação de limites e bounds checking,494,106,int,len,0.0478,30,228,int@BasicType@LocalVariableDeclaration@MethodDeclaration@ForStatement@ForCont...
bounds_checking,Validação de limites e bounds checking,502,118,int,i,0.0478,7,146,int@BasicType@VariableDeclaration@ForControl@BinaryOperation@MemberReference@i
bounds_checking,Validação de limites e bounds checking,492,34,<,str,0.0469,5,309,<@BinaryOperation@MethodInvocation@str
bounds_checking,Validação de limites e bounds checking,492,34,String,"""z""",0.0467,6,309,<PAD/UNK>
bounds_checking,Validação de limites e bounds checking,502,70,==,i,0.0467,14,271,==@BinaryOperation@MemberReference@ArraySelector@BinaryOperation@MemberRefere...
bounds_checking,Validação de limites e bounds checking,502,45,int,0,0.0467,7,127,int@BasicType@FormalParameter@MethodDeclaration@IfStatement@BinaryOperation@L...
bounds_checking,Validação de limites e bounds checking,502,70,int,i,0.0464,20,271,int@BasicType@VariableDeclaration@VariableDeclarator@i
bounds_checking,Validação de limites e bounds checking,492,34,<,2,0.046,8,309,<@BinaryOperation@BinaryOperation@Literal@2
bounds_checking,Validação de limites e bounds checking,502,70,==,<PAD/UNK>,0.0455,13,271,<PAD/UNK>
bounds_checking,Validação de limites e bounds checking,502,118,nums,=,0.0448,5,146,nums@MemberReference@Assignment@=
bounds_checking,Validação de limites e bounds checking,502,70,<PAD/UNK>,i,0.0446,16,271,<PAD/UNK>
bounds_checking,Validação de limites e bounds checking,494,108,int,j,0.0441,11,311,int@BasicType@FormalParameter@MethodDeclaration@LocalVariableDeclaration@Vari...
bounds_checking,Validação de limites e bounds checking,494,43,int,nums,0.0434,20,259,int@BasicType@FormalParameter@nums
bounds_checking,Validação de limites e bounds checking,492,34,'z',2,0.0428,6,309,<PAD/UNK>
bounds_checking,Validação de limites e bounds checking,502,70,==,1,0.0417,8,271,==@BinaryOperation@MemberReference@ArraySelector@BinaryOperation@Literal@1
bounds_checking,Validação de limites e bounds checking,494,106,nums,0,0.0413,5,228,nums@MemberReference@BinaryOperation@Literal@0
bounds_checking,Validação de limites e bounds checking,494,43,front,==,0.041,5,259,<PAD/UNK>
bounds_checking,Validação de limites e bounds checking,494,106,int,n,0.0407,10,228,int@BasicType@FormalParameter@n
bounds_checking,Validação de limites e bounds checking,494,106,nums,==,0.0405,11,228,nums@MemberReference@BinaryOperation@BinaryOperation@BinaryOperation@==
bounds_checking,Validação de limites e bounds checking,494,108,nums,5,0.0384,15,311,nums@MemberReference@Assignment@Literal@5
bounds_checking,Validação de limites e bounds checking,494,43,arr,=,0.0378,6,259,<PAD/UNK>
bounds_checking,Validação de limites e bounds checking,494,43,<PAD/UNK>,==,0.0363,5,259,<PAD/UNK>
bounds_checking,Validação de limites e bounds checking,494,108,int,nums,0.0363,27,311,int@BasicType@FormalParameter@nums
bounds_checking,Validação de limites e bounds checking,502,45,int,i,0.0362,5,127,int@BasicType@VariableDeclaration@ForControl@BinaryOperation@MemberReference@i
bounds_checking,Validação de limites e bounds checking,502,70,twoTwo,nums,0.0359,11,271,twoTwo@MethodDeclaration@FormalParameter@nums
bounds_checking,Validação de limites e bounds checking,494,43,length,==,0.0344,8,259,<PAD/UNK>
bounds_checking,Validação de limites e bounds checking,494,106,int,nums,0.0341,14,228,int@BasicType@FormalParameter@nums
bounds_checking,Validação de limites e bounds checking,494,108,int,out,0.0326,12,311,<PAD/UNK>
bounds_checking,Validação de limites e bounds checking,494,108,int,nums,0.0319,23,311,int@BasicType@VariableDeclaration@ForControl@BinaryOperation@BinaryOperation@...
bounds_checking,Validação de limites e bounds checking,494,43,int,length,0.031,10,259,int@BasicType@LocalVariableDeclaration@VariableDeclarator@length
bounds_checking,Validação de limites e bounds checking,494,49,nums,=,0.0309,7,120,nums@MemberReference@BinaryOperation@Assignment@=
bounds_checking,Validação de limites e bounds checking,494,43,int,+,0.0305,10,259,int@BasicType@FormalParameter@MethodDeclaration@ReturnStatement@BinaryOperati...
bounds_checking,Validação de limites e bounds checking,494,106,d,==,0.0303,10,228,<PAD/UNK>
bounds_checking,Validação de limites e bounds checking,494,108,int,size,0.0295,7,311,int@BasicType@LocalVariableDeclaration@VariableDeclarator@size
bounds_checking,Validação de limites e bounds checking,494,49,0,=,0.0292,9,120,0@Literal@Assignment@=
bounds_checking,Validação de limites e bounds checking,502,70,i,i,0.029,5,271,i@VariableDeclarator@VariableDeclaration@ForControl@MemberReference@i
bounds_checking,Validação de limites e bounds checking,494,43,int,front,0.0287,6,259,int@BasicType@LocalVariableDeclaration@BlockStatement@StatementExpression@Ass...
bounds_checking,Validação de limites e bounds checking,502,70,+,2,0.0283,5,271,+@BinaryOperation@ArraySelector@MemberReference@BinaryOperation@Literal@2
bounds_checking,Validação de limites e bounds checking,494,106,int,n,0.0279,17,228,int@BasicType@FormalParameter@MethodDeclaration@FormalParameter@n
bounds_checking,Validação de limites e bounds checking,494,49,int,sum,0.0271,7,120,int@BasicType@FormalParameter@MethodDeclaration@LocalVariableDeclaration@Vari...
bounds_checking,Validação de limites e bounds checking,494,106,nums,=,0.0254,7,228,nums@MemberReference@BinaryOperation@IfStatement@BlockStatement@StatementExpr...
bounds_checking,Validação de limites e bounds checking,494,108,nums,<PAD/UNK>,0.0254,5,311,<PAD/UNK>
bounds_checking,Validação de limites e bounds checking,494,49,<,length,0.0235,8,120,<@BinaryOperation@MemberReference@length
bounds_checking,Validação de limites e bounds checking,494,108,int,++,0.023,16,311,int@BasicType@VariableDeclaration@ForControl@MemberReference@++
bounds_checking,Validação de limites e bounds checking,494,106,int,arr,0.0229,5,228,<PAD/UNK>
bounds_checking,Validação de limites e bounds checking,494,108,1,5,0.0229,10,311,1@Literal@BinaryOperation@ArraySelector@MemberReference@Assignment@Literal@5
bounds_checking,Validação de limites e bounds checking,494,49,<,1,0.0225,5,120,<@BinaryOperation@BinaryOperation@Literal@1
bounds_checking,Validação de limites e bounds checking,494,43,int,nums,0.0218,6,259,int@BasicType@FormalParameter@MethodDeclaration@IfStatement@BinaryOperation@M...
bounds_checking,Validação de limites e bounds checking,494,43,nums,=,0.0215,6,259,nums@MethodInvocation@BinaryOperation@IfStatement@BlockStatement@StatementExp...
bounds_checking,Validação de limites e bounds checking,494,108,int,nums,0.0198,8,311,int@BasicType@MethodDeclaration@FormalParameter@nums
bounds_checking,Validação de limites e bounds checking,492,34,zipZap,empty,0.0193,5,309,<PAD/UNK>
bounds_checking,Validação de limites e bounds checking,494,106,end,length,0.0193,30,228,end@VariableDeclarator@BinaryOperation@MemberReference@length
bounds_checking,Validação de limites e bounds checking,494,108,int,fix45,0.0193,5,311,int@BasicType@MethodDeclaration@fix45
bounds_checking,Validação de limites e bounds checking,494,106,int,start,0.0182,24,228,int@BasicType@FormalParameter@MethodDeclaration@LocalVariableDeclaration@Vari...
bounds_checking,Validação de limites e bounds checking,494,108,<,==,0.018,7,311,<@BinaryOperation@IfStatement@BlockStatement@IfStatement@BinaryOperation@==
bounds_checking,Validação de limites e bounds checking,494,108,<,1,0.0169,6,311,<@BinaryOperation@BinaryOperation@Literal@1
bounds_checking,Validação de limites e bounds checking,492,34,!=,str,0.0161,5,309,!=@BinaryOperation@MethodInvocation@str
bounds_checking,Validação de limites e bounds checking,494,43,sum3,+,0.0151,10,259,sum3@MethodDeclaration@ReturnStatement@BinaryOperation@BinaryOperation@+
bounds_checking,Validação de limites e bounds checking,492,34,String,<,0.0145,6,309,String@ReferenceType@FormalParameter@MethodDeclaration@ForStatement@ForContro...
bounds_checking,Validação de limites e bounds checking,494,108,int,-,0.0124,6,311,int@BasicType@VariableDeclaration@ForControl@BinaryOperation@BinaryOperation@-
bounds_checking,Validação de limites e bounds checking,494,108,<,length,0.0124,7,311,<@BinaryOperation@BinaryOperation@MemberReference@length
bounds_checking,Validação de limites e bounds checking,494,108,nums,=,0.0121,11,311,nums@MemberReference@BinaryOperation@IfStatement@BlockStatement@StatementExpr...
bounds_checking,Validação de limites e bounds checking,494,108,j,==,0.0098,5,311,j@VariableDeclarator@VariableDeclaration@ForControl@BinaryOperation@BinaryOpe...
branching_condicional,Branching condicional multi-caminho,439,235,int,vacation,0.9761,26,180,int@BasicType@FormalParameter@MethodDeclaration@FormalParameter@vacation
branching_condicional,Branching condicional multi-caminho,439,232,int,vacation,0.9685,155,471,int@BasicType@FormalParameter@MethodDeclaration@FormalParameter@vacation
branching_condicional,Branching condicional multi-caminho,439,3,int,+,0.9215,5,309,int@BasicType@FormalParameter@MethodDeclaration@IfStatement@ReturnStatement@B...
branching_condicional,Branching condicional multi-caminho,439,13,caughtSpeeding,speed,0.883,142,460,caughtSpeeding@MethodDeclaration@FormalParameter@speed
branching_condicional,Branching condicional multi-caminho,439,232,caughtSpeeding,speed,0.8433,25,471,caughtSpeeding@MethodDeclaration@FormalParameter@speed
branching_condicional,Branching condicional multi-caminho,439,235,int,&&,0.8261,6,180,int@BasicType@FormalParameter@MethodDeclaration@IfStatement@IfStatement@Binar...
branching_condicional,Branching condicional multi-caminho,439,12,int,&&,0.8258,14,94,int@BasicType@FormalParameter@MethodDeclaration@IfStatement@IfStatement@Binar...
branching_condicional,Branching condicional multi-caminho,492,33,String,a,0.7222,5,225,<PAD/UNK>
branching_condicional,Branching condicional multi-caminho,439,236,int,isWeekend,0.6161,18,223,int@BasicType@FormalParameter@MethodDeclaration@IfStatement@MemberReference@i...
branching_condicional,Branching condicional multi-caminho,502,70,int,&&,0.6161,8,271,int@BasicType@FormalParameter@MethodDeclaration@IfStatement@BinaryOperation@&&
branching_condicional,Branching condicional multi-caminho,439,236,int,&&,0.6158,8,223,int@BasicType@FormalParameter@MethodDeclaration@IfStatement@IfStatement@Binar...
branching_condicional,Branching condicional multi-caminho,439,3,outsideMode,1,0.6146,5,309,outsideMode@MemberReference@BinaryOperation@BinaryOperation@BinaryOperation@L...
branching_condicional,Branching condicional multi-caminho,439,234,boolean,isWeekend,0.6089,10,197,boolean@BasicType@FormalParameter@MethodDeclaration@IfStatement@BinaryOperati...
branching_condicional,Branching condicional multi-caminho,439,234,int,isWeekend,0.5905,31,197,int@BasicType@FormalParameter@MethodDeclaration@IfStatement@MemberReference@i...
branching_condicional,Branching condicional multi-caminho,487,28,without2,str,0.5648,8,297,without2@MethodDeclaration@FormalParameter@str
branching_condicional,Branching condicional multi-caminho,439,3,boolean,num,0.5579,6,309,<PAD/UNK>
branching_condicional,Branching condicional multi-caminho,502,70,int,1,0.5539,7,271,int@BasicType@FormalParameter@MethodDeclaration@IfStatement@BinaryOperation@L...
branching_condicional,Branching condicional multi-caminho,439,3,outsideMode,10,0.5506,17,309,outsideMode@FormalParameter@MethodDeclaration@IfStatement@BinaryOperation@Bin...
branching_condicional,Branching condicional multi-caminho,439,3,outsideMode,true,0.5462,17,309,outsideMode@MemberReference@IfStatement@BlockStatement@IfStatement@ReturnStat...
branching_condicional,Branching condicional multi-caminho,439,3,outsideMode,n,0.5459,13,309,outsideMode@MemberReference@BinaryOperation@BinaryOperation@MemberReference@n
branching_condicional,Branching condicional multi-caminho,487,20,&&,=,0.5329,6,152,<PAD/UNK>
branching_condicional,Branching condicional multi-caminho,439,3,outsideMode,>=,0.5293,10,309,outsideMode@MemberReference@IfStatement@IfStatement@BinaryOperation@BinaryOpe...
branching_condicional,Branching condicional multi-caminho,439,3,outsideMode,==,0.5202,6,309,outsideMode@FormalParameter@MethodDeclaration@IfStatement@BinaryOperation@==
branching_condicional,Branching condicional multi-caminho,492,37,String,str,0.5074,7,104,String@ReferenceType@FormalParameter@MethodDeclaration@IfStatement@BinaryOper...
branching_condicional,Branching condicional multi-caminho,439,236,c,==,0.5007,10,223,c@MemberReference@BinaryOperation@BinaryOperation@BinaryOperation@BinaryOpera...
branching_condicional,Branching condicional multi-caminho,439,3,outsideMode,>=,0.5006,23,309,outsideMode@FormalParameter@MethodDeclaration@IfStatement@IfStatement@BinaryO...
branching_condicional,Branching condicional multi-caminho,439,3,int,>=,0.4907,12,309,int@BasicType@LocalVariableDeclaration@MethodDeclaration@IfStatement@BinaryOp...
branching_condicional,Branching condicional multi-caminho,439,12,int,&&,0.4882,7,94,int@BasicType@FormalParameter@MethodDeclaration@IfStatement@BinaryOperation@B...
branching_condicional,Branching condicional multi-caminho,487,101,int,*,0.4832,5,483,<PAD/UNK>
branching_condicional,Branching condicional multi-caminho,492,37,j,-,0.4536,5,104,<PAD/UNK>
branching_condicional,Branching condicional multi-caminho,439,234,int,isWeekend,0.4517,68,197,int@BasicType@FormalParameter@MethodDeclaration@FormalParameter@isWeekend
branching_condicional,Branching condicional multi-caminho,439,235,int,&&,0.4511,8,180,int@BasicType@FormalParameter@MethodDeclaration@IfStatement@BinaryOperation@B...
branching_condicional,Branching condicional multi-caminho,439,3,int,boolean,0.4477,23,309,int@BasicType@FormalParameter@MethodDeclaration@LocalVariableDeclaration@Basi...
branching_condicional,Branching condicional multi-caminho,439,5,b,==,0.4438,18,250,b@FormalParameter@MethodDeclaration@IfStatement@BinaryOperation@BinaryOperati...
branching_condicional,Branching condicional multi-caminho,502,70,int,len,0.4432,6,271,int@BasicType@LocalVariableDeclaration@VariableDeclarator@len
branching_condicional,Branching condicional multi-caminho,439,236,int,isWeekend,0.4377,32,223,int@BasicType@FormalParameter@MethodDeclaration@FormalParameter@isWeekend
branching_condicional,Branching condicional multi-caminho,502,71,i,1,0.4375,5,114,i@MemberReference@BinaryOperation@Literal@1
branching_condicional,Branching condicional multi-caminho,439,232,int,&&,0.4364,6,471,int@BasicType@FormalParameter@MethodDeclaration@IfStatement@BinaryOperation@B...
branching_condicional,Branching condicional multi-caminho,487,28,length,str,0.4325,13,297,<PAD/UNK>
branching_condicional,Branching condicional multi-caminho,502,45,sum,=,0.4323,8,127,sum@MemberReference@BinaryOperation@Assignment@=
branching_condicional,Branching condicional multi-caminho,502,71,nums,i,0.4297,11,114,nums@FormalParameter@MethodDeclaration@ForStatement@ForControl@BinaryOperatio...
branching_condicional,Branching condicional multi-caminho,439,236,b,==,0.419,39,223,b@FormalParameter@MethodDeclaration@IfStatement@BinaryOperation@BinaryOperati...
branching_condicional,Branching condicional multi-caminho,487,24,int,b,0.4149,15,150,int@BasicType@FormalParameter@b
branching_condicional,Branching condicional multi-caminho,487,28,length,str,0.4129,23,297,length@MethodInvocation@BinaryOperation@IfStatement@BlockStatement@ReturnStat...
branching_condicional,Branching condicional multi-caminho,487,28,>=,=,0.4112,6,297,<PAD/UNK>
branching_condicional,Branching condicional multi-caminho,439,235,int,>=,0.4022,24,180,int@BasicType@LocalVariableDeclaration@MethodDeclaration@IfStatement@BinaryOp...
branching_condicional,Branching condicional multi-caminho,502,70,nums,i,0.397,63,271,nums@FormalParameter@MethodDeclaration@ForStatement@ForControl@BinaryOperatio...
branching_condicional,Branching condicional multi-caminho,439,234,int,&&,0.3934,5,197,int@BasicType@FormalParameter@MethodDeclaration@IfStatement@IfStatement@Binar...
branching_condicional,Branching condicional multi-caminho,487,101,int,smalls,0.3922,11,483,<PAD/UNK>
branching_condicional,Branching condicional multi-caminho,487,102,without2,str,0.3878,291,571,without2@MethodDeclaration@FormalParameter@str
branching_condicional,Branching condicional multi-caminho,487,21,int,=,0.3844,6,113,<PAD/UNK>
branching_condicional,Branching condicional multi-caminho,487,28,len,str,0.3833,6,297,<PAD/UNK>
branching_condicional,Branching condicional multi-caminho,439,232,int,&&,0.3817,13,471,int@BasicType@FormalParameter@MethodDeclaration@IfStatement@IfStatement@Binar...
branching_condicional,Branching condicional multi-caminho,439,236,int,&&,0.381,28,223,int@BasicType@FormalParameter@MethodDeclaration@IfStatement@BinaryOperation@B...
branching_condicional,Branching condicional multi-caminho,487,101,int,*,0.3762,5,483,int@BasicType@LocalVariableDeclaration@VariableDeclarator@BinaryOperation@*
branching_condicional,Branching condicional multi-caminho,439,3,outsideMode,>=,0.3752,5,309,outsideMode@MemberReference@BinaryOperation@BinaryOperation@BinaryOperation@>=
branching_condicional,Branching condicional multi-caminho,487,101,>=,=,0.3709,5,483,<PAD/UNK>
branching_condicional,Branching condicional multi-caminho,487,102,without2,str,0.3674,11,571,<PAD/UNK>
branching_condicional,Branching condicional multi-caminho,487,101,int,choco,0.3655,7,483,<PAD/UNK>
branching_condicional,Branching condicional multi-caminho,439,234,int,||,0.3631,36,197,int@BasicType@FormalParameter@MethodDeclaration@IfStatement@BinaryOperation@||
branching_condicional,Branching condicional multi-caminho,439,5,boolean,answerCell,0.3627,5,250,<PAD/UNK>
branching_condicional,Branching condicional multi-caminho,487,102,without2,str,0.359,83,571,without2@MethodDeclaration@IfStatement@BinaryOperation@MethodInvocation@str
branching_condicional,Branching condicional multi-caminho,492,37,String,x,0.356,18,104,String@ReferenceType@FormalParameter@MethodDeclaration@LocalVariableDeclarati...
branching_condicional,Branching condicional multi-caminho,439,13,int,speed,0.3525,57,460,int@BasicType@MethodDeclaration@FormalParameter@speed
branching_condicional,Branching condicional multi-caminho,502,70,i,1,0.3509,47,271,i@MemberReference@BinaryOperation@Literal@1
branching_condicional,Branching condicional multi-caminho,439,3,outsideMode,>=,0.3481,12,309,outsideMode@FormalParameter@MethodDeclaration@IfStatement@BinaryOperation@Bin...
branching_condicional,Branching condicional multi-caminho,502,70,int,0,0.3412,7,271,int@BasicType@LocalVariableDeclaration@VariableDeclarator@Literal@0
branching_condicional,Branching condicional multi-caminho,439,3,int,sum,0.3366,21,309,int@BasicType@FormalParameter@MethodDeclaration@LocalVariableDeclaration@Vari...
branching_condicional,Branching condicional multi-caminho,487,20,int,c,0.3353,35,152,int@BasicType@FormalParameter@c
branching_condicional,Branching condicional multi-caminho,439,3,int,&&,0.3335,5,309,int@BasicType@FormalParameter@MethodDeclaration@IfStatement@IfStatement@Binar...
branching_condicional,Branching condicional multi-caminho,492,33,String,out,0.3301,8,225,String@ReferenceType@FormalParameter@MethodDeclaration@LocalVariableDeclarati...
branching_condicional,Branching condicional multi-caminho,439,235,int,you,0.3265,9,180,int@BasicType@FormalParameter@you
branching_condicional,Branching condicional multi-caminho,502,70,==,=,0.3248,18,271,==@BinaryOperation@IfStatement@IfStatement@BlockStatement@StatementExpression...
branching_condicional,Branching condicional multi-caminho,439,232,int,speed,0.3227,20,471,int@BasicType@MethodDeclaration@FormalParameter@speed
branching_condicional,Branching condicional multi-caminho,439,5,boolean,boolean,0.3224,292,250,boolean@BasicType@FormalParameter@MethodDeclaration@FormalParameter@BasicType...
branching_condicional,Branching condicional multi-caminho,439,236,b,&&,0.3188,10,223,b@MemberReference@BinaryOperation@BinaryOperation@IfStatement@IfStatement@Bin...
branching_condicional,Branching condicional multi-caminho,487,102,<PAD/UNK>,str,0.3183,29,571,<PAD/UNK>
branching_condicional,Branching condicional multi-caminho,487,28,int,atFirst,0.317,12,297,<PAD/UNK>
branching_condicional,Branching condicional multi-caminho,439,235,int,||,0.3144,48,180,int@BasicType@FormalParameter@MethodDeclaration@IfStatement@BinaryOperation@||
branching_condicional,Branching condicional multi-caminho,502,70,count,=,0.3065,16,271,count@MemberReference@Assignment@=
branching_condicional,Branching condicional multi-caminho,487,101,int,c,0.3053,19,483,int@BasicType@FormalParameter@c
branching_condicional,Branching condicional multi-caminho,487,102,int,fixTeen,0.3047,8,571,int@BasicType@FormalParameter@MethodDeclaration@ReturnStatement@BinaryOperati...
branching_condicional,Branching condicional multi-caminho,487,101,int,%,0.3044,11,483,int@BasicType@FormalParameter@MethodDeclaration@IfStatement@BinaryOperation@B...
branching_condicional,Branching condicional multi-caminho,487,101,5,-,0.2999,9,483,<PAD/UNK>
branching_condicional,Branching condicional multi-caminho,487,102,0,str,0.2998,6,571,<PAD/UNK>
branching_condicional,Branching condicional multi-caminho,492,37,String,String,0.2971,5,104,String@ReferenceType@MethodDeclaration@FormalParameter@ReferenceType@String
branching_condicional,Branching condicional multi-caminho,487,21,13,=,0.2958,12,113,<PAD/UNK>
branching_condicional,Branching condicional multi-caminho,487,101,big,>,0.2943,5,483,<PAD/UNK>
branching_condicional,Branching condicional multi-caminho,487,20,&&,c,0.2934,7,152,<PAD/UNK>
branching_condicional,Branching condicional multi-caminho,487,102,length,str,0.2908,11,571,<PAD/UNK>
branching_condicional,Branching condicional multi-caminho,487,101,int,count,0.2898,18,483,<PAD/UNK>
branching_condicional,Branching condicional multi-caminho,492,33,repeatEnd,String,0.2888,12,225,repeatEnd@MethodDeclaration@FormalParameter@ReferenceType@String
branching_condicional,Branching condicional multi-caminho,439,236,int,=,0.2868,36,223,int@BasicType@FormalParameter@MethodDeclaration@IfStatement@Assignment@=
branching_condicional,Branching condicional multi-caminho,502,70,<PAD/UNK>,=,0.2865,27,271,<PAD/UNK>
branching_condicional,Branching condicional multi-caminho,502,45,int,0,0.2863,22,127,int@BasicType@LocalVariableDeclaration@VariableDeclarator@Literal@0
branching_condicional,Branching condicional multi-caminho,502,71,int,0,0.2862,26,114,int@BasicType@LocalVariableDeclaration@VariableDeclarator@Literal@0
branching_condicional,Branching condicional multi-caminho,492,37,<PAD/UNK>,a,0.2856,6,104,<PAD/UNK>
branching_condicional,Branching condicional multi-caminho,439,3,outsideMode,true,0.2849,13,309,outsideMode@FormalParameter@MethodDeclaration@IfStatement@BlockStatement@Retu...
branching_condicional,Branching condicional multi-caminho,487,28,int,str,0.2826,24,297,int@BasicType@LocalVariableDeclaration@VariableDeclarator@MethodInvocation@str
branching_condicional,Branching condicional multi-caminho,439,12,isSummer,&&,0.2825,15,94,isSummer@MemberReference@IfStatement@BlockStatement@IfStatement@BinaryOperati...
branching_condicional,Branching condicional multi-caminho,492,33,<PAD/UNK>,a,0.2804,22,225,<PAD/UNK>
branching_condicional,Branching condicional multi-caminho,487,101,<PAD/UNK>,*,0.2784,6,483,<PAD/UNK>
branching_condicional,Branching condicional multi-caminho,487,101,int,%,0.2751,11,483,<PAD/UNK>
branching_condicional,Branching condicional multi-caminho,487,20,int,==,0.2737,8,152,int@BasicType@FormalParameter@MethodDeclaration@IfStatement@BinaryOperation@B...
branching_condicional,Branching condicional multi-caminho,487,21,int,c,0.2697,27,113,int@BasicType@FormalParameter@c
branching_condicional,Branching condicional multi-caminho,492,37,String,String,0.2689,12,104,String@ReferenceType@LocalVariableDeclaration@MethodDeclaration@LocalVariable...
branching_condicional,Branching condicional multi-caminho,439,3,outsideMode,true,0.2688,11,309,outsideMode@MemberReference@BinaryOperation@IfStatement@BlockStatement@Return...
branching_condicional,Branching condicional multi-caminho,487,20,int,c,0.2658,91,152,int@BasicType@FormalParameter@MethodDeclaration@FormalParameter@c
branching_condicional,Branching condicional multi-caminho,502,45,<PAD/UNK>,=,0.2658,19,127,<PAD/UNK>
branching_condicional,Branching condicional multi-caminho,439,3,outsideMode,x,0.2654,8,309,<PAD/UNK>
branching_condicional,Branching condicional multi-caminho,439,3,int,||,0.2635,5,309,int@BasicType@FormalParameter@MethodDeclaration@IfStatement@BinaryOperation@||
branching_condicional,Branching condicional multi-caminho,487,17,int,c,0.2623,19,54,int@BasicType@FormalParameter@c
branching_condicional,Branching condicional multi-caminho,502,70,int,1,0.2618,6,271,int@BasicType@VariableDeclaration@VariableDeclarator@Literal@1
branching_condicional,Branching condicional multi-caminho,487,101,int,%,0.2617,8,483,int@BasicType@LocalVariableDeclaration@VariableDeclarator@BinaryOperation@%
branching_condicional,Branching condicional multi-caminho,487,24,0,<=,0.2615,6,150,<PAD/UNK>
branching_condicional,Branching condicional multi-caminho,487,102,without2,str,0.2597,21,571,without2@MethodDeclaration@IfStatement@BinaryOperation@BinaryOperation@Method...
branching_condicional,Branching condicional multi-caminho,487,21,int,==,0.2567,5,113,int@BasicType@FormalParameter@MethodDeclaration@IfStatement@BinaryOperation@B...
branching_condicional,Branching condicional multi-caminho,439,236,int,=,0.2566,37,223,int@BasicType@FormalParameter@MethodDeclaration@IfStatement@Assignment@Assign...
branching_condicional,Branching condicional multi-caminho,487,102,without2,str,0.2565,14,571,without2@MethodDeclaration@IfStatement@ReturnStatement@MemberReference@str
branching_condicional,Branching condicional multi-caminho,487,101,without2,str,0.2558,5,483,without2@MethodDeclaration@FormalParameter@str
branching_condicional,Branching condicional multi-caminho,487,102,int,end,0.2548,5,571,<PAD/UNK>
branching_condicional,Branching condicional multi-caminho,439,236,c,==,0.2536,9,223,c@FormalParameter@MethodDeclaration@IfStatement@IfStatement@BinaryOperation@B...
branching_condicional,Branching condicional multi-caminho,487,102,front,str,0.2495,14,571,<PAD/UNK>
branching_condicional,Branching condicional multi-caminho,487,101,int,c,0.2494,25,483,int@BasicType@FormalParameter@MethodDeclaration@FormalParameter@c
branching_condicional,Branching condicional multi-caminho,492,33,<,a,0.2445,8,225,<PAD/UNK>
branching_condicional,Branching condicional multi-caminho,487,101,0,big,0.2441,5,483,<PAD/UNK>
branching_condicional,Branching condicional multi-caminho,487,102,int,<PAD/UNK>,0.2428,5,571,<PAD/UNK>
branching_condicional,Branching condicional multi-caminho,487,102,without2,str,0.2418,14,571,without2@MethodDeclaration@IfStatement@BlockStatement@IfStatement@MethodInvoc...
branching_condicional,Branching condicional multi-caminho,439,232,boolean,week,0.2389,5,471,boolean@BasicType@FormalParameter@MethodDeclaration@LocalVariableDeclaration@...
branching_condicional,Branching condicional multi-caminho,487,28,length,str,0.2386,9,297,length@MemberReference@BinaryOperation@IfStatement@BlockStatement@ReturnState...
branching_condicional,Branching condicional multi-caminho,487,102,part1,str,0.237,6,571,<PAD/UNK>
branching_condicional,Branching condicional multi-caminho,439,232,day,vacation,0.2347,10,471,day@MemberReference@BinaryOperation@BinaryOperation@BinaryOperation@MemberRef...
branching_condicional,Branching condicional multi-caminho,492,33,str,str,0.2346,6,225,str@FormalParameter@MethodDeclaration@LocalVariableDeclaration@VariableDeclar...
branching_condicional,Branching condicional multi-caminho,487,101,big,==,0.2342,6,483,<PAD/UNK>
branching_condicional,Branching condicional multi-caminho,487,102,int,goal,0.2332,12,571,int@BasicType@FormalParameter@MethodDeclaration@FormalParameter@goal
branching_condicional,Branching condicional multi-caminho,492,33,a,append,0.2323,7,225,a@MethodInvocation@MethodInvocation@append
branching_condicional,Branching condicional multi-caminho,487,28,string,str,0.2308,11,297,<PAD/UNK>
branching_condicional,Branching condicional multi-caminho,439,3,outsideMode,>=,0.2297,70,309,outsideMode@MemberReference@IfStatement@BlockStatement@IfStatement@BinaryOper...
branching_condicional,Branching condicional multi-caminho,487,17,int,==,0.229,19,54,int@BasicType@FormalParameter@MethodDeclaration@IfStatement@BinaryOperation@B...
branching_condicional,Branching condicional multi-caminho,487,24,<=,21,0.2285,5,150,<PAD/UNK>
branching_condicional,Branching condicional multi-caminho,487,102,without2,str,0.2284,5,571,without2@MethodDeclaration@LocalVariableDeclaration@VariableDeclarator@Method...
branching_condicional,Branching condicional multi-caminho,487,102,without2,str,0.2281,35,571,without2@MethodDeclaration@IfStatement@BlockStatement@IfStatement@BinaryOpera...
branching_condicional,Branching condicional multi-caminho,487,101,>=,remaining,0.2279,10,483,<PAD/UNK>
branching_condicional,Branching condicional multi-caminho,492,33,<PAD/UNK>,lengthA,0.2275,6,225,<PAD/UNK>
branching_condicional,Branching condicional multi-caminho,439,3,int,outsideMode,0.2261,35,309,int@BasicType@FormalParameter@MethodDeclaration@IfStatement@MemberReference@o...
branching_condicional,Branching condicional multi-caminho,487,21,<PAD/UNK>,=,0.2257,21,113,<PAD/UNK>
branching_condicional,Branching condicional multi-caminho,487,20,int,=,0.2252,5,152,int@BasicType@LocalVariableDeclaration@MethodDeclaration@StatementExpression@...
branching_condicional,Branching condicional multi-caminho,439,234,int,||,0.2251,10,197,int@BasicType@FormalParameter@MethodDeclaration@IfStatement@IfStatement@Binar...
branching_condicional,Branching condicional multi-caminho,439,232,5,vacation,0.225,5,471,5@Literal@BinaryOperation@BinaryOperation@BinaryOperation@MemberReference@vac...
branching_condicional,Branching condicional multi-caminho,439,236,c,=,0.225,12,223,c@FormalParameter@MethodDeclaration@IfStatement@IfStatement@Assignment@Assign...
branching_condicional,Branching condicional multi-caminho,502,71,<PAD/UNK>,=,0.2245,13,114,<PAD/UNK>
branching_condicional,Branching condicional multi-caminho,487,102,o,str,0.224,12,571,<PAD/UNK>
branching_condicional,Branching condicional multi-caminho,487,101,int,goal,0.2226,8,483,<PAD/UNK>
branching_condicional,Branching condicional multi-caminho,439,3,outsideMode,&&,0.221,8,309,outsideMode@MemberReference@IfStatement@BlockStatement@IfStatement@BinaryOper...
branching_condicional,Branching condicional multi-caminho,487,102,b,str,0.2208,12,571,<PAD/UNK>
branching_condicional,Branching condicional multi-caminho,439,232,day,4,0.2204,16,471,day@MemberReference@BinaryOperation@Literal@4
branching_condicional,Branching condicional multi-caminho,487,101,<PAD/UNK>,=,0.2174,8,483,<PAD/UNK>
branching_condicional,Branching condicional multi-caminho,487,17,int,c,0.2169,39,54,int@BasicType@FormalParameter@MethodDeclaration@FormalParameter@c
branching_condicional,Branching condicional multi-caminho,487,101,big,--,0.2158,8,483,<PAD/UNK>
branching_condicional,Branching condicional multi-caminho,439,236,int,c,0.2157,47,223,int@BasicType@FormalParameter@c
branching_condicional,Branching condicional multi-caminho,492,37,str,str,0.2152,5,104,str@FormalParameter@MethodDeclaration@LocalVariableDeclaration@VariableDeclar...
branching_condicional,Branching condicional multi-caminho,439,236,c,10,0.2141,9,223,c@MemberReference@BinaryOperation@IfStatement@BlockStatement@ReturnStatement@...
branching_condicional,Branching condicional multi-caminho,439,5,boolean,=,0.2135,15,250,boolean@BasicType@FormalParameter@MethodDeclaration@IfStatement@BinaryOperati...
branching_condicional,Branching condicional multi-caminho,487,102,a,str,0.2125,7,571,<PAD/UNK>
branching_condicional,Branching condicional multi-caminho,439,3,outsideMode,10,0.2124,6,309,<PAD/UNK>
branching_condicional,Branching condicional multi-caminho,439,234,boolean,isWeekend,0.2113,6,197,boolean@BasicType@LocalVariableDeclaration@MethodDeclaration@IfStatement@Memb...
branching_condicional,Branching condicional multi-caminho,487,21,atFirst,str,0.2099,5,113,atFirst@MethodDeclaration@FormalParameter@str
branching_condicional,Branching condicional multi-caminho,502,71,%,0,0.2097,11,114,%@BinaryOperation@BinaryOperation@Literal@0
branching_condicional,Branching condicional multi-caminho,487,101,<PAD/UNK>,%,0.2089,13,483,<PAD/UNK>
branching_condicional,Branching condicional multi-caminho,439,235,int,1,0.2075,13,180,int@BasicType@FormalParameter@MethodDeclaration@LocalVariableDeclaration@Vari...
branching_condicional,Branching condicional multi-caminho,492,37,String,a,0.2069,12,104,<PAD/UNK>
branching_condicional,Branching condicional multi-caminho,487,102,>,str,0.2062,11,571,<PAD/UNK>
branching_condicional,Branching condicional multi-caminho,487,102,without2,-,0.2054,14,571,<PAD/UNK>
branching_condicional,Branching condicional multi-caminho,487,17,int,2,0.2054,6,54,int@BasicType@FormalParameter@MethodDeclaration@IfStatement@BinaryOperation@L...
branching_condicional,Branching condicional multi-caminho,487,102,&&,str,0.205,5,571,<PAD/UNK>
branching_condicional,Branching condicional multi-caminho,487,21,int,c,0.2044,52,113,int@BasicType@FormalParameter@MethodDeclaration@FormalParameter@c
branching_condicional,Branching condicional multi-caminho,439,12,outsideMode,>=,0.2039,10,94,outsideMode@MemberReference@IfStatement@BlockStatement@IfStatement@BinaryOper...
branching_condicional,Branching condicional multi-caminho,502,70,==,=,0.2032,10,271,==@BinaryOperation@IfStatement@StatementExpression@Assignment@=
branching_condicional,Branching condicional multi-caminho,492,33,repeatEnd,str,0.202,16,225,repeatEnd@MethodDeclaration@FormalParameter@str
branching_condicional,Branching condicional multi-caminho,487,101,int,/,0.2017,6,483,int@BasicType@FormalParameter@MethodDeclaration@LocalVariableDeclaration@Vari...
branching_condicional,Branching condicional multi-caminho,439,3,outsideMode,true,0.2015,9,309,outsideMode@MemberReference@BinaryOperation@Literal@true
branching_condicional,Branching condicional multi-caminho,487,28,int,c,0.2,10,297,int@BasicType@FormalParameter@MethodDeclaration@FormalParameter@c
branching_condicional,Branching condicional multi-caminho,487,102,without2,str,0.1992,6,571,without2@MethodDeclaration@IfStatement@BlockStatement@ReturnStatement@BinaryO...
branching_condicional,Branching condicional multi-caminho,487,28,int,<PAD/UNK>,0.1984,7,297,<PAD/UNK>
branching_condicional,Branching condicional multi-caminho,487,102,without2,<PAD/UNK>,0.1982,21,571,<PAD/UNK>
branching_condicional,Branching condicional multi-caminho,487,102,without2,start,0.1978,5,571,<PAD/UNK>
branching_condicional,Branching condicional multi-caminho,492,33,<=,str,0.1975,11,225,<PAD/UNK>
branching_condicional,Branching condicional multi-caminho,439,236,boolean,isWeekend,0.1971,12,223,boolean@BasicType@FormalParameter@isWeekend
branching_condicional,Branching condicional multi-caminho,487,20,int,c,0.1971,5,152,int@BasicType@FormalParameter@MethodDeclaration@IfStatement@BinaryOperation@M...
branching_condicional,Branching condicional multi-caminho,439,234,boolean,isWeekend,0.1952,49,197,boolean@BasicType@FormalParameter@isWeekend
branching_condicional,Branching condicional multi-caminho,487,102,charAt,str,0.1943,21,571,<PAD/UNK>
branching_condicional,Branching condicional multi-caminho,487,102,without2,length,0.1939,6,571,<PAD/UNK>
branching_condicional,Branching condicional multi-caminho,487,17,int,<PAD/UNK>,0.1934,6,54,<PAD/UNK>
branching_condicional,Branching condicional multi-caminho,502,70,int,count,0.1927,19,271,int@BasicType@LocalVariableDeclaration@VariableDeclarator@count
branching_condicional,Branching condicional multi-caminho,487,21,int,answer,0.1925,5,113,int@BasicType@FormalParameter@MethodDeclaration@LocalVariableDeclaration@Vari...
branching_condicional,Branching condicional multi-caminho,487,102,without2,substring,0.1922,20,571,without2@MethodDeclaration@LocalVariableDeclaration@VariableDeclarator@Method...
branching_condicional,Branching condicional multi-caminho,492,33,String,add,0.1906,5,225,<PAD/UNK>
branching_condicional,Branching condicional multi-caminho,487,28,int,str,0.1903,10,297,int@BasicType@LocalVariableDeclaration@MethodDeclaration@IfStatement@ReturnSt...
branching_condicional,Branching condicional multi-caminho,487,28,<PAD/UNK>,=,0.188,8,297,<PAD/UNK>
branching_condicional,Branching condicional multi-caminho,487,28,atFirst,str,0.1868,10,297,atFirst@MethodDeclaration@IfStatement@BlockStatement@StatementExpression@Assi...
branching_condicional,Branching condicional multi-caminho,439,232,day,vacation,0.1863,5,471,day@FormalParameter@MethodDeclaration@IfStatement@BinaryOperation@BinaryOpera...
branching_condicional,Branching condicional multi-caminho,487,101,int,<PAD/UNK>,0.1861,76,483,<PAD/UNK>
branching_condicional,Branching condicional multi-caminho,487,28,atFirst,str,0.1849,9,297,atFirst@MethodDeclaration@IfStatement@IfStatement@BinaryOperation@MemberRefer...
branching_condicional,Branching condicional multi-caminho,439,5,int,c,0.1844,5,250,int@BasicType@FormalParameter@c
branching_condicional,Branching condicional multi-caminho,492,33,<,output,0.1841,8,225,<PAD/UNK>
branching_condicional,Branching condicional multi-caminho,492,37,String,-,0.184,5,104,String@ReferenceType@LocalVariableDeclaration@VariableDeclarator@MethodInvoca...
branching_condicional,Branching condicional multi-caminho,439,3,outsideMode,&&,0.1836,7,309,outsideMode@MemberReference@IfStatement@IfStatement@BinaryOperation@&&
branching_condicional,Branching condicional multi-caminho,502,45,nums,!=,0.1834,13,127,nums@FormalParameter@MethodDeclaration@ForStatement@BlockStatement@IfStatemen...
branching_condicional,Branching condicional multi-caminho,439,235,int,7,0.1816,6,180,<PAD/UNK>
branching_condicional,Branching condicional multi-caminho,439,236,int,||,0.1805,7,223,int@BasicType@FormalParameter@MethodDeclaration@IfStatement@IfStatement@Binar...
branching_condicional,Branching condicional multi-caminho,502,70,i,=,0.1802,5,271,i@MemberReference@ArraySelector@MemberReference@Assignment@=
branching_condicional,Branching condicional multi-caminho,439,3,outsideMode,outsideMode,0.1801,47,309,outsideMode@FormalParameter@MethodDeclaration@IfStatement@MemberReference@out...
branching_condicional,Branching condicional multi-caminho,487,24,<PAD/UNK>,21,0.1787,6,150,<PAD/UNK>
branching_condicional,Branching condicional multi-caminho,492,37,a,String,0.1782,18,104,a@FormalParameter@MethodDeclaration@FormalParameter@ReferenceType@String
branching_condicional,Branching condicional multi-caminho,439,232,int,2,0.1775,18,471,int@BasicType@LocalVariableDeclaration@MethodDeclaration@LocalVariableDeclara...
branching_condicional,Branching condicional multi-caminho,502,45,==,+=,0.1769,7,127,==@BinaryOperation@IfStatement@BlockStatement@StatementExpression@Assignment@+=
branching_condicional,Branching condicional multi-caminho,487,101,int,%,0.1763,5,483,int@BasicType@FormalParameter@MethodDeclaration@LocalVariableDeclaration@Vari...
branching_condicional,Branching condicional multi-caminho,439,232,int,speed,0.1749,10,471,int@BasicType@FormalParameter@speed
branching_condicional,Branching condicional multi-caminho,487,17,int,=,0.174,13,54,int@BasicType@FormalParameter@MethodDeclaration@IfStatement@Assignment@=
branching_condicional,Branching condicional multi-caminho,487,102,int,str,0.1733,44,571,int@BasicType@LocalVariableDeclaration@VariableDeclarator@MethodInvocation@str
branching_condicional,Branching condicional multi-caminho,487,102,without2,str,0.1732,11,571,without2@MethodDeclaration@IfStatement@BlockStatement@StatementExpression@Ass...
branching_condicional,Branching condicional multi-caminho,487,24,int,<PAD/UNK>,0.1731,8,150,<PAD/UNK>
branching_condicional,Branching condicional multi-caminho,487,28,atFirst,str,0.1731,18,297,<PAD/UNK>
branching_condicional,Branching condicional multi-caminho,487,21,int,<PAD/UNK>,0.1726,23,113,<PAD/UNK>
branching_condicional,Branching condicional multi-caminho,487,102,len,str,0.1719,7,571,<PAD/UNK>
branching_condicional,Branching condicional multi-caminho,487,20,b,c,0.1714,19,152,b@MemberReference@BinaryOperation@IfStatement@IfStatement@BinaryOperation@Mem...
branching_condicional,Branching condicional multi-caminho,502,70,%,0,0.1714,9,271,%@BinaryOperation@BinaryOperation@Literal@0
branching_condicional,Branching condicional multi-caminho,439,3,boolean,==,0.1712,6,309,boolean@BasicType@FormalParameter@MethodDeclaration@IfStatement@BinaryOperati...
branching_condicional,Branching condicional multi-caminho,439,3,outsideMode,10,0.1704,6,309,outsideMode@MemberReference@IfStatement@IfStatement@BinaryOperation@BinaryOpe...
branching_condicional,Branching condicional multi-caminho,487,102,int,c,0.1694,14,571,int@BasicType@FormalParameter@MethodDeclaration@FormalParameter@c
branching_condicional,Branching condicional multi-caminho,502,70,int,<PAD/UNK>,0.168,32,271,<PAD/UNK>
branching_condicional,Branching condicional multi-caminho,487,102,i,str,0.1674,10,571,<PAD/UNK>
branching_condicional,Branching condicional multi-caminho,487,102,without2,str,0.1662,6,571,without2@MethodDeclaration@IfStatement@IfStatement@BinaryOperation@MethodInvo...
branching_condicional,Branching condicional multi-caminho,487,101,small,*,0.1659,6,483,small@MemberReference@BinaryOperation@BinaryOperation@*
branching_condicional,Branching condicional multi-caminho,439,3,outsideMode,&&,0.1657,19,309,outsideMode@FormalParameter@MethodDeclaration@IfStatement@BinaryOperation@&&
branching_condicional,Branching condicional multi-caminho,439,232,day,!=,0.1652,8,471,day@MemberReference@BinaryOperation@BinaryOperation@BinaryOperation@!=
branching_condicional,Branching condicional multi-caminho,439,236,int,=,0.1647,18,223,int@BasicType@FormalParameter@MethodDeclaration@IfStatement@BinaryOperation@A...
branching_condicional,Branching condicional multi-caminho,487,102,substring,str,0.1646,5,571,<PAD/UNK>
branching_condicional,Branching condicional multi-caminho,439,5,boolean,boolean,0.1643,121,250,boolean@BasicType@MethodDeclaration@FormalParameter@BasicType@boolean
branching_condicional,Branching condicional multi-caminho,487,20,int,!=,0.1636,12,152,int@BasicType@FormalParameter@MethodDeclaration@IfStatement@BinaryOperation@B...
branching_condicional,Branching condicional multi-caminho,487,101,0,-,0.1633,5,483,<PAD/UNK>
branching_condicional,Branching condicional multi-caminho,487,20,int,==,0.1622,10,152,int@BasicType@FormalParameter@MethodDeclaration@IfStatement@IfStatement@Binar...
branching_condicional,Branching condicional multi-caminho,439,232,day,vacation,0.1604,29,471,day@FormalParameter@MethodDeclaration@IfStatement@MemberReference@vacation
branching_condicional,Branching condicional multi-caminho,439,235,int,1,0.1602,9,180,int@BasicType@FormalParameter@MethodDeclaration@ReturnStatement@Literal@1
branching_condicional,Branching condicional multi-caminho,492,33,String,lengthA,0.1602,6,225,String@ReferenceType@FormalParameter@MethodDeclaration@LocalVariableDeclarati...
branching_condicional,Branching condicional multi-caminho,502,45,int,<PAD/UNK>,0.1602,17,127,<PAD/UNK>
branching_condicional,Branching condicional multi-caminho,492,33,<PAD/UNK>,append,0.1594,7,225,<PAD/UNK>
branching_condicional,Branching condicional multi-caminho,502,70,nums,=,0.1592,6,271,<PAD/UNK>
branching_condicional,Branching condicional multi-caminho,487,28,atFirst,str,0.1584,6,297,atFirst@MethodDeclaration@IfStatement@BlockStatement@ReturnStatement@BinaryOp...
branching_condicional,Branching condicional multi-caminho,439,232,boolean,vacation,0.1582,69,471,boolean@BasicType@FormalParameter@MethodDeclaration@IfStatement@MemberReferen...
branching_condicional,Branching condicional multi-caminho,502,70,int,i,0.1576,30,271,int@BasicType@VariableDeclaration@ForControl@MemberReference@i
branching_condicional,Branching condicional multi-caminho,487,101,<PAD/UNK>,/,0.1569,14,483,<PAD/UNK>
branching_condicional,Branching condicional multi-caminho,487,21,13,x,0.1566,7,113,<PAD/UNK>
branching_condicional,Branching condicional multi-caminho,487,20,<PAD/UNK>,=,0.156,14,152,<PAD/UNK>
branching_condicional,Branching condicional multi-caminho,487,102,without2,str,0.1554,28,571,without2@MethodDeclaration@IfStatement@BlockStatement@ReturnStatement@MethodI...
branching_condicional,Branching condicional multi-caminho,439,234,int,boolean,0.1552,9,197,int@BasicType@FormalParameter@MethodDeclaration@LocalVariableDeclaration@Basi...
branching_condicional,Branching condicional multi-caminho,487,28,atFirst,str,0.1551,62,297,atFirst@MethodDeclaration@FormalParameter@str
branching_condicional,Branching condicional multi-caminho,439,235,int,&&,0.1548,10,180,int@BasicType@FormalParameter@MethodDeclaration@IfStatement@BinaryOperation@&&
branching_condicional,Branching condicional multi-caminho,439,236,c,==,0.1541,22,223,c@FormalParameter@MethodDeclaration@IfStatement@BinaryOperation@BinaryOperati...
branching_condicional,Branching condicional multi-caminho,492,33,String,String,0.1518,17,225,String@ReferenceType@LocalVariableDeclaration@MethodDeclaration@LocalVariable...
branching_condicional,Branching condicional multi-caminho,502,70,nums,2,0.1515,5,271,nums@MemberReference@BinaryOperation@ArraySelector@MemberReference@BinaryOper...
branching_condicional,Branching condicional multi-caminho,487,102,without2,str,0.1509,21,571,without2@MethodDeclaration@IfStatement@BlockStatement@ReturnStatement@MemberR...
branching_condicional,Branching condicional multi-caminho,487,101,x,goal,0.1503,9,483,<PAD/UNK>
branching_condicional,Branching condicional multi-caminho,487,21,int,=,0.1496,7,113,int@BasicType@LocalVariableDeclaration@MethodDeclaration@IfStatement@Statemen...
branching_condicional,Branching condicional multi-caminho,502,70,==,2,0.1493,5,271,==@BinaryOperation@IfStatement@BlockStatement@IfStatement@BinaryOperation@Lit...
branching_condicional,Branching condicional multi-caminho,487,102,int,c,0.149,9,571,int@BasicType@FormalParameter@c
branching_condicional,Branching condicional multi-caminho,502,45,int,i,0.149,25,127,int@BasicType@VariableDeclaration@ForControl@MemberReference@i
branching_condicional,Branching condicional multi-caminho,502,70,i,=,0.1489,15,271,i@MemberReference@BinaryOperation@ArraySelector@MemberReference@Assignment@=
branching_condicional,Branching condicional multi-caminho,492,37,String,endswith,0.1483,6,104,<PAD/UNK>
branching_condicional,Branching condicional multi-caminho,487,101,int,goal,0.1477,134,483,int@BasicType@FormalParameter@MethodDeclaration@FormalParameter@goal
branching_condicional,Branching condicional multi-caminho,439,236,b,==,0.1475,33,223,b@FormalParameter@MethodDeclaration@IfStatement@BinaryOperation@==
branching_condicional,Branching condicional multi-caminho,487,101,big,-,0.1472,14,483,<PAD/UNK>
branching_condicional,Branching condicional multi-caminho,502,71,int,i,0.1459,18,114,int@BasicType@VariableDeclaration@ForControl@MemberReference@i
branching_condicional,Branching condicional multi-caminho,439,5,c,10,0.1453,5,250,c@FormalParameter@MethodDeclaration@IfStatement@BlockStatement@ReturnStatemen...
branching_condicional,Branching condicional multi-caminho,487,24,&&,answer,0.1452,5,150,<PAD/UNK>
branching_condicional,Branching condicional multi-caminho,487,102,without2,str,0.145,8,571,without2@MethodDeclaration@IfStatement@BlockStatement@StatementExpression@Ass...
branching_condicional,Branching condicional multi-caminho,439,12,int,boolean,0.1445,16,94,int@BasicType@FormalParameter@MethodDeclaration@FormalParameter@BasicType@boo...
branching_condicional,Branching condicional multi-caminho,492,33,String,stbuild,0.144,7,225,String@ReferenceType@FormalParameter@MethodDeclaration@LocalVariableDeclarati...
branching_condicional,Branching condicional multi-caminho,439,236,b,=,0.1435,15,223,b@MemberReference@Assignment@Assignment@=
branching_condicional,Branching condicional multi-caminho,487,28,c,=,0.1435,6,297,c@FormalParameter@MethodDeclaration@IfStatement@BlockStatement@StatementExpre...
branching_condicional,Branching condicional multi-caminho,492,33,String,lenB,0.1433,5,225,String@ReferenceType@LocalVariableDeclaration@MethodDeclaration@IfStatement@B...
branching_condicional,Branching condicional multi-caminho,492,33,output,a,0.142,7,225,<PAD/UNK>
branching_condicional,Branching condicional multi-caminho,439,236,c,10,0.1416,12,223,c@FormalParameter@MethodDeclaration@IfStatement@BlockStatement@ReturnStatemen...
branching_condicional,Branching condicional multi-caminho,487,101,k,%,0.1413,5,483,<PAD/UNK>
branching_condicional,Branching condicional multi-caminho,439,3,int,&&,0.1403,12,309,int@BasicType@FormalParameter@MethodDeclaration@IfStatement@BinaryOperation@B...
branching_condicional,Branching condicional multi-caminho,439,3,outsideMode,&&,0.1402,11,309,outsideMode@FormalParameter@MethodDeclaration@IfStatement@IfStatement@BinaryO...
branching_condicional,Branching condicional multi-caminho,492,33,String,String,0.1397,76,225,String@ReferenceType@MethodDeclaration@FormalParameter@ReferenceType@String
branching_condicional,Branching condicional multi-caminho,487,101,big,big,0.1382,5,483,<PAD/UNK>
branching_condicional,Branching condicional multi-caminho,487,102,int,str,0.1378,23,571,int@BasicType@LocalVariableDeclaration@MethodDeclaration@LocalVariableDeclara...
branching_condicional,Branching condicional multi-caminho,492,37,String,x,0.1378,16,104,<PAD/UNK>
branching_condicional,Branching condicional multi-caminho,502,71,int,<PAD/UNK>,0.1376,40,114,<PAD/UNK>
branching_condicional,Branching condicional multi-caminho,487,101,int,*,0.1373,15,483,int@BasicType@LocalVariableDeclaration@VariableDeclarator@BinaryOperation@Bin...
branching_condicional,Branching condicional multi-caminho,439,5,c,==,0.1371,23,250,c@FormalParameter@MethodDeclaration@IfStatement@BinaryOperation@BinaryOperati...
branching_condicional,Branching condicional multi-caminho,487,102,0,str,0.1366,9,571,0@Literal@MethodInvocation@IfStatement@BlockStatement@ReturnStatement@MethodI...
branching_condicional,Branching condicional multi-caminho,439,232,int,week,0.136,5,471,int@BasicType@FormalParameter@MethodDeclaration@LocalVariableDeclaration@Vari...
branching_condicional,Branching condicional multi-caminho,502,70,nums,=,0.135,15,271,nums@FormalParameter@MethodDeclaration@ForStatement@BlockStatement@IfStatemen...
branching_condicional,Branching condicional multi-caminho,487,21,int,x,0.1344,5,113,int@BasicType@FormalParameter@MethodDeclaration@LocalVariableDeclaration@Vari...
branching_condicional,Branching condicional multi-caminho,439,5,true,=,0.1341,23,250,true@Literal@ReturnStatement@BlockStatement@IfStatement@IfStatement@Assignment@=
branching_condicional,Branching condicional multi-caminho,487,102,atFirst,str,0.1335,5,571,atFirst@MethodDeclaration@FormalParameter@str
branching_condicional,Branching condicional multi-caminho,487,102,begin,str,0.1319,32,571,<PAD/UNK>
branching_condicional,Branching condicional multi-caminho,487,101,int,k,0.1316,8,483,<PAD/UNK>
branching_condicional,Branching condicional multi-caminho,439,235,int,||,0.1308,15,180,int@BasicType@FormalParameter@MethodDeclaration@IfStatement@IfStatement@Binar...
branching_condicional,Branching condicional multi-caminho,502,70,i,1,0.1305,25,271,i@MemberReference@BinaryOperation@BinaryOperation@Literal@1
branching_condicional,Branching condicional multi-caminho,502,45,int,sum,0.1303,30,127,int@BasicType@LocalVariableDeclaration@VariableDeclarator@sum
branching_condicional,Branching condicional multi-caminho,502,45,<PAD/UNK>,+=,0.1282,14,127,<PAD/UNK>
branching_condicional,Branching condicional multi-caminho,439,236,c,=,0.1281,10,223,c@MemberReference@Assignment@=
branching_condicional,Branching condicional multi-caminho,487,101,||,goal,0.1268,5,483,<PAD/UNK>
branching_condicional,Branching condicional multi-caminho,502,70,||,=,0.1261,6,271,||@BinaryOperation@IfStatement@BlockStatement@StatementExpression@Assignment@=
branching_condicional,Branching condicional multi-caminho,487,101,<PAD/UNK>,goal,0.1256,17,483,<PAD/UNK>
branching_condicional,Branching condicional multi-caminho,439,12,outsideMode,outsideMode,0.1254,6,94,outsideMode@FormalParameter@MethodDeclaration@IfStatement@MemberReference@out...
branching_condicional,Branching condicional multi-caminho,439,236,c,=,0.1253,10,223,c@FormalParameter@MethodDeclaration@IfStatement@BlockStatement@IfStatement@As...
branching_condicional,Branching condicional multi-caminho,487,102,length,end,0.1252,11,571,<PAD/UNK>
branching_condicional,Branching condicional multi-caminho,487,28,i,str,0.1249,12,297,<PAD/UNK>
branching_condicional,Branching condicional multi-caminho,439,3,int,>=,0.1243,26,309,int@BasicType@FormalParameter@MethodDeclaration@IfStatement@BinaryOperation@B...
branching_condicional,Branching condicional multi-caminho,487,28,>=,n,0.1238,7,297,<PAD/UNK>
branching_condicional,Branching condicional multi-caminho,487,101,+,>,0.1225,7,483,<PAD/UNK>
branching_condicional,Branching condicional multi-caminho,492,33,a,String,0.1221,42,225,a@FormalParameter@MethodDeclaration@FormalParameter@ReferenceType@String
branching_condicional,Branching condicional multi-caminho,502,70,nums,=,0.1215,6,271,nums@MemberReference@BinaryOperation@Assignment@=
branching_condicional,Branching condicional multi-caminho,487,102,system.out,str,0.1205,7,571,<PAD/UNK>
branching_condicional,Branching condicional multi-caminho,492,37,String,toLowerCase,0.1204,13,104,String@ReferenceType@FormalParameter@MethodDeclaration@LocalVariableDeclarati...
branching_condicional,Branching condicional multi-caminho,487,20,int,<PAD/UNK>,0.1201,10,152,<PAD/UNK>
branching_condicional,Branching condicional multi-caminho,487,28,+,str,0.12,42,297,+@BinaryOperation@MemberReference@str
branching_condicional,Branching condicional multi-caminho,502,45,nums,=,0.12,11,127,nums@MemberReference@BinaryOperation@IfStatement@BlockStatement@StatementExpr...
branching_condicional,Branching condicional multi-caminho,439,232,day,day,0.1198,27,471,day@MemberReference@BinaryOperation@Assignment@Assignment@BinaryOperation@Mem...
branching_condicional,Branching condicional multi-caminho,439,3,outsideMode,1,0.1196,8,309,outsideMode@MemberReference@IfStatement@IfStatement@BinaryOperation@BinaryOpe...
branching_condicional,Branching condicional multi-caminho,487,24,int,>,0.1192,25,150,int@BasicType@FormalParameter@MethodDeclaration@IfStatement@BinaryOperation@B...
branching_condicional,Branching condicional multi-caminho,439,3,outsideMode,n,0.1167,7,309,outsideMode@MemberReference@IfStatement@IfStatement@BinaryOperation@BinaryOpe...
branching_condicional,Branching condicional multi-caminho,439,3,outsideMode,10,0.1164,11,309,outsideMode@MemberReference@BinaryOperation@BinaryOperation@BinaryOperation@L...
branching_condicional,Branching condicional multi-caminho,502,45,int,0,0.1158,7,127,int@BasicType@VariableDeclaration@VariableDeclarator@Literal@0
branching_condicional,Branching condicional multi-caminho,487,102,-,str,0.1153,17,571,<PAD/UNK>
branching_condicional,Branching condicional multi-caminho,439,232,day,==,0.1148,42,471,day@MemberReference@BinaryOperation@BinaryOperation@BinaryOperation@BinaryOpe...
branching_condicional,Branching condicional multi-caminho,502,45,+=,=,0.1142,5,127,+=@Assignment@StatementExpression@BlockStatement@StatementExpression@Assignme...
branching_condicional,Branching condicional multi-caminho,487,101,5,5,0.114,5,483,<PAD/UNK>
branching_condicional,Branching condicional multi-caminho,492,33,String,str,0.1129,5,225,String@ReferenceType@FormalParameter@str
branching_condicional,Branching condicional multi-caminho,502,45,!=,+=,0.1128,12,127,!=@BinaryOperation@IfStatement@BlockStatement@StatementExpression@Assignment@+=
branching_condicional,Branching condicional multi-caminho,492,33,String,String,0.112,24,225,String@ReferenceType@FormalParameter@MethodDeclaration@LocalVariableDeclarati...
branching_condicional,Branching condicional multi-caminho,487,101,int,makeChocolate,0.1107,28,483,int@BasicType@MethodDeclaration@makeChocolate
branching_condicional,Branching condicional multi-caminho,439,235,int,date,0.1106,13,180,int@BasicType@FormalParameter@MethodDeclaration@FormalParameter@date
branching_condicional,Branching condicional multi-caminho,439,232,day,=,0.1101,32,471,day@MemberReference@Assignment@=
branching_condicional,Branching condicional multi-caminho,439,235,int,>=,0.1101,55,180,int@BasicType@FormalParameter@MethodDeclaration@IfStatement@BinaryOperation@B...
branching_condicional,Branching condicional multi-caminho,487,101,5,=,0.11,6,483,5@Literal@BinaryOperation@Assignment@=
branching_condicional,Branching condicional multi-caminho,502,45,int,0,0.1092,10,127,int@BasicType@FormalParameter@MethodDeclaration@LocalVariableDeclaration@Vari...
branching_condicional,Branching condicional multi-caminho,502,70,<PAD/UNK>,!=,0.109,5,271,<PAD/UNK>
branching_condicional,Branching condicional multi-caminho,439,236,b,=,0.1089,30,223,b@MemberReference@Assignment@=
branching_condicional,Branching condicional multi-caminho,439,13,int,speed,0.1082,21,460,int@BasicType@FormalParameter@speed
branching_condicional,Branching condicional multi-caminho,492,33,a,a,0.1078,9,225,<PAD/UNK>
branching_condicional,Branching condicional multi-caminho,487,101,+,-,0.1072,6,483,<PAD/UNK>
branching_condicional,Branching condicional multi-caminho,502,70,nums,2,0.1071,5,271,nums@MemberReference@BinaryOperation@BinaryOperation@BinaryOperation@BinaryOp...
branching_condicional,Branching condicional multi-caminho,439,3,outsideMode,outsideMode,0.1067,14,309,outsideMode@FormalParameter@MethodDeclaration@IfStatement@BinaryOperation@Mem...
branching_condicional,Branching condicional multi-caminho,487,101,>=,choco,0.1067,6,483,<PAD/UNK>
branching_condicional,Branching condicional multi-caminho,492,33,String,str,0.1064,7,225,String@ReferenceType@LocalVariableDeclaration@VariableDeclarator@MethodInvoca...
branching_condicional,Branching condicional multi-caminho,502,70,nums,!=,0.106,5,271,nums@MemberReference@BinaryOperation@BinaryOperation@BinaryOperation@!=
branching_condicional,Branching condicional multi-caminho,502,70,2,=,0.1048,24,271,<PAD/UNK>
branching_condicional,Branching condicional multi-caminho,439,12,100,60,0.1047,8,94,100@Literal@BinaryOperation@BinaryOperation@BinaryOperation@Literal@60
branching_condicional,Branching condicional multi-caminho,487,102,without2,substring,0.1047,21,571,<PAD/UNK>
branching_condicional,Branching condicional multi-caminho,502,70,i,=,0.1047,7,271,<PAD/UNK>
branching_condicional,Branching condicional multi-caminho,502,71,int,false,0.1043,7,114,<PAD/UNK>
branching_condicional,Branching condicional multi-caminho,487,102,>=,str,0.1042,13,571,>=@BinaryOperation@IfStatement@BlockStatement@IfStatement@BinaryOperation@Met...
branching_condicional,Branching condicional multi-caminho,439,235,>=,&&,0.1038,20,180,>=@BinaryOperation@BinaryOperation@IfStatement@MethodDeclaration@IfStatement@...
branching_condicional,Branching condicional multi-caminho,502,71,sum1,=,0.1037,5,114,<PAD/UNK>
branching_condicional,Branching condicional multi-caminho,439,3,b,sum,0.1036,5,309,b@FormalParameter@MethodDeclaration@LocalVariableDeclaration@VariableDeclarat...
branching_condicional,Branching condicional multi-caminho,487,101,++,s,0.1036,7,483,<PAD/UNK>
branching_condicional,Branching condicional multi-caminho,487,102,without2,o,0.103,6,571,<PAD/UNK>
branching_condicional,Branching condicional multi-caminho,492,33,<PAD/UNK>,charAt,0.102,12,225,<PAD/UNK>
branching_condicional,Branching condicional multi-caminho,487,101,small,-,0.1018,6,483,<PAD/UNK>
branching_condicional,Branching condicional multi-caminho,492,37,String,a,0.1014,6,104,String@ReferenceType@FormalParameter@a
branching_condicional,Branching condicional multi-caminho,439,236,c,=,0.0997,9,223,c@MemberReference@BinaryOperation@Assignment@Assignment@Assignment@=
branching_condicional,Branching condicional multi-caminho,439,232,int,6,0.0996,11,471,<PAD/UNK>
branching_condicional,Branching condicional multi-caminho,502,70,int,0,0.0988,17,271,int@BasicType@VariableDeclaration@VariableDeclarator@Literal@0
branching_condicional,Branching condicional multi-caminho,439,13,boolean,speed,0.0983,9,460,boolean@BasicType@FormalParameter@MethodDeclaration@IfStatement@BinaryOperati...
branching_condicional,Branching condicional multi-caminho,487,21,int,c,0.0981,12,113,int@BasicType@FormalParameter@MethodDeclaration@IfStatement@BinaryOperation@M...
branching_condicional,Branching condicional multi-caminho,439,232,int,vacation,0.098,32,471,int@BasicType@FormalParameter@MethodDeclaration@IfStatement@MemberReference@v...
branching_condicional,Branching condicional multi-caminho,439,232,boolean,speed,0.0979,7,471,boolean@BasicType@FormalParameter@MethodDeclaration@IfStatement@BinaryOperati...
branching_condicional,Branching condicional multi-caminho,487,24,int,answer,0.0979,6,150,int@BasicType@FormalParameter@MethodDeclaration@LocalVariableDeclaration@Vari...
branching_condicional,Branching condicional multi-caminho,487,28,<,str,0.0977,9,297,<@BinaryOperation@IfStatement@BlockStatement@ReturnStatement@MethodInvocation...
branching_condicional,Branching condicional multi-caminho,492,37,getSandwich,str,0.0971,8,104,getSandwich@MethodDeclaration@FormalParameter@str
branching_condicional,Branching condicional multi-caminho,502,70,int,0,0.0966,21,271,int@BasicType@FormalParameter@MethodDeclaration@LocalVariableDeclaration@Vari...
branching_condicional,Branching condicional multi-caminho,492,33,String,b,0.0961,10,225,String@ReferenceType@FormalParameter@MethodDeclaration@FormalParameter@b
branching_condicional,Branching condicional multi-caminho,487,101,int,=,0.096,6,483,int@BasicType@FormalParameter@MethodDeclaration@StatementExpression@Assignment@=
branching_condicional,Branching condicional multi-caminho,439,5,boolean,&&,0.0959,10,250,boolean@BasicType@FormalParameter@MethodDeclaration@IfStatement@IfStatement@B...
branching_condicional,Branching condicional multi-caminho,492,37,<,BreakStatement,0.0957,5,104,<PAD/UNK>
branching_condicional,Branching condicional multi-caminho,487,101,int,1,0.0952,6,483,int@BasicType@FormalParameter@MethodDeclaration@IfStatement@ReturnStatement@L...
branching_condicional,Branching condicional multi-caminho,492,33,<PAD/UNK>,=,0.0952,18,225,<PAD/UNK>
branching_condicional,Branching condicional multi-caminho,439,5,public,boolean,0.0951,5,250,<PAD/UNK>
branching_condicional,Branching condicional multi-caminho,487,20,a,c,0.0946,6,152,<PAD/UNK>
branching_condicional,Branching condicional multi-caminho,439,232,day,boolean,0.0943,108,471,day@FormalParameter@MethodDeclaration@FormalParameter@BasicType@boolean
branching_condicional,Branching condicional multi-caminho,439,232,int,||,0.0942,5,471,int@BasicType@FormalParameter@MethodDeclaration@IfStatement@BinaryOperation@||
branching_condicional,Branching condicional multi-caminho,439,5,int,||,0.0931,6,250,int@BasicType@FormalParameter@MethodDeclaration@IfStatement@BinaryOperation@||
branching_condicional,Branching condicional multi-caminho,487,101,<PAD/UNK>,2,0.0931,5,483,<PAD/UNK>
branching_condicional,Branching condicional multi-caminho,487,28,0,atFirst,0.0919,5,297,<PAD/UNK>
branching_condicional,Branching condicional multi-caminho,439,235,int,you,0.0915,20,180,int@BasicType@FormalParameter@MethodDeclaration@IfStatement@BinaryOperation@M...
branching_condicional,Branching condicional multi-caminho,492,37,String,<PAD/UNK>,0.0912,12,104,<PAD/UNK>
branching_condicional,Branching condicional multi-caminho,487,28,length,=,0.0906,9,297,<PAD/UNK>
branching_condicional,Branching condicional multi-caminho,487,102,front,end,0.0902,14,571,<PAD/UNK>
branching_condicional,Branching condicional multi-caminho,487,101,<PAD/UNK>,>,0.0901,11,483,<PAD/UNK>
branching_condicional,Branching condicional multi-caminho,502,71,int,0,0.0896,12,114,int@BasicType@VariableDeclaration@VariableDeclarator@Literal@0
branching_condicional,Branching condicional multi-caminho,487,101,small,x,0.0894,7,483,<PAD/UNK>
branching_condicional,Branching condicional multi-caminho,439,232,boolean,vacation,0.0884,5,471,boolean@BasicType@FormalParameter@MethodDeclaration@IfStatement@BinaryOperati...
branching_condicional,Branching condicional multi-caminho,492,33,String,ab,0.0884,5,225,<PAD/UNK>
branching_condicional,Branching condicional multi-caminho,502,45,int,0,0.0879,5,127,int@BasicType@LocalVariableDeclaration@MethodDeclaration@IfStatement@BinaryOp...
branching_condicional,Branching condicional multi-caminho,439,232,day,vacation,0.0877,14,471,day@FormalParameter@MethodDeclaration@FormalParameter@vacation
branching_condicional,Branching condicional multi-caminho,439,5,boolean,==,0.0877,15,250,boolean@BasicType@FormalParameter@MethodDeclaration@IfStatement@BinaryOperati...
branching_condicional,Branching condicional multi-caminho,439,5,boolean,&&,0.0876,36,250,boolean@BasicType@FormalParameter@MethodDeclaration@IfStatement@BinaryOperati...
branching_condicional,Branching condicional multi-caminho,487,21,13,c,0.0873,5,113,<PAD/UNK>
branching_condicional,Branching condicional multi-caminho,492,33,<,+,0.0872,16,225,<PAD/UNK>
branching_condicional,Branching condicional multi-caminho,492,33,String,ba,0.0866,5,225,<PAD/UNK>
branching_condicional,Branching condicional multi-caminho,487,21,<PAD/UNK>,sum,0.086,17,113,<PAD/UNK>
branching_condicional,Branching condicional multi-caminho,487,101,smallNum,>,0.0859,6,483,<PAD/UNK>
branching_condicional,Branching condicional multi-caminho,492,33,String,<PAD/UNK>,0.0857,14,225,<PAD/UNK>
branching_condicional,Branching condicional multi-caminho,439,232,int,"""7:00""",0.0853,9,471,int@BasicType@LocalVariableDeclaration@MethodDeclaration@LocalVariableDeclara...
branching_condicional,Branching condicional multi-caminho,439,3,outsideMode,true,0.0852,13,309,outsideMode@FormalParameter@MethodDeclaration@LocalVariableDeclaration@Variab...
branching_condicional,Branching condicional multi-caminho,502,70,+,1,0.0849,42,271,+@BinaryOperation@Literal@1
branching_condicional,Branching condicional multi-caminho,492,33,String,n,0.0847,13,225,String@ReferenceType@FormalParameter@MethodDeclaration@FormalParameter@n
branching_condicional,Branching condicional multi-caminho,487,28,str,str,0.0846,11,297,<PAD/UNK>
branching_condicional,Branching condicional multi-caminho,439,234,cigarParty,isWeekend,0.0845,9,197,cigarParty@MethodDeclaration@FormalParameter@isWeekend
branching_condicional,Branching condicional multi-caminho,487,101,big,*,0.0842,11,483,big@FormalParameter@MethodDeclaration@LocalVariableDeclaration@VariableDeclar...
branching_condicional,Branching condicional multi-caminho,487,101,0,s,0.084,6,483,<PAD/UNK>
branching_condicional,Branching condicional multi-caminho,487,102,0,str,0.084,12,571,0@Literal@MethodInvocation@BinaryOperation@MethodInvocation@BinaryOperation@M...
branching_condicional,Branching condicional multi-caminho,502,70,nums,i,0.084,23,271,nums@FormalParameter@MethodDeclaration@ForStatement@ForControl@VariableDeclar...
branching_condicional,Branching condicional multi-caminho,502,70,%,=,0.0836,25,271,%@BinaryOperation@BinaryOperation@IfStatement@BlockStatement@StatementExpress...
branching_condicional,Branching condicional multi-caminho,487,101,<PAD/UNK>,<=,0.0833,6,483,<PAD/UNK>
branching_condicional,Branching condicional multi-caminho,439,235,day,==,0.0829,5,180,day@MemberReference@BinaryOperation@BinaryOperation@BinaryOperation@BinaryOpe...
branching_condicional,Branching condicional multi-caminho,492,33,lenA,String,0.0829,5,225,<PAD/UNK>
branching_condicional,Branching condicional multi-caminho,487,28,<PAD/UNK>,length,0.0826,6,297,<PAD/UNK>
branching_condicional,Branching condicional multi-caminho,487,102,word,part1,0.082,10,571,<PAD/UNK>
branching_condicional,Branching condicional multi-caminho,487,101,>=,*,0.0819,6,483,>=@BinaryOperation@IfStatement@BlockStatement@ReturnStatement@BinaryOperation...
branching_condicional,Branching condicional multi-caminho,502,71,int,0,0.0799,7,114,int@BasicType@FormalParameter@MethodDeclaration@LocalVariableDeclaration@Vari...
branching_condicional,Branching condicional multi-caminho,502,71,nums,i,0.0789,8,114,nums@FormalParameter@MethodDeclaration@ForStatement@ForControl@MemberReference@i
branching_condicional,Branching condicional multi-caminho,502,70,nums,1,0.0786,15,271,nums@MemberReference@BinaryOperation@Literal@1
branching_condicional,Branching condicional multi-caminho,439,5,int,==,0.0782,43,250,int@BasicType@FormalParameter@MethodDeclaration@IfStatement@BinaryOperation@B...
branching_condicional,Branching condicional multi-caminho,492,33,result,a,0.0782,6,225,result@VariableDeclarator@LocalVariableDeclaration@MethodDeclaration@IfStatem...
branching_condicional,Branching condicional multi-caminho,439,236,int,==,0.0778,79,223,int@BasicType@FormalParameter@MethodDeclaration@IfStatement@BinaryOperation@B...
branching_condicional,Branching condicional multi-caminho,492,33,2,a,0.0778,8,225,<PAD/UNK>
branching_condicional,Branching condicional multi-caminho,439,236,int,=,0.0768,17,223,int@BasicType@FormalParameter@MethodDeclaration@IfStatement@IfStatement@Assig...
branching_condicional,Branching condicional multi-caminho,439,235,int,2,0.0757,7,180,int@BasicType@LocalVariableDeclaration@MethodDeclaration@LocalVariableDeclara...
branching_condicional,Branching condicional multi-caminho,439,234,boolean,&&,0.0754,10,197,boolean@BasicType@FormalParameter@MethodDeclaration@IfStatement@BinaryOperati...
branching_condicional,Branching condicional multi-caminho,502,45,<PAD/UNK>,0,0.0754,12,127,<PAD/UNK>
branching_condicional,Branching condicional multi-caminho,439,12,isSummer,&&,0.0749,21,94,isSummer@FormalParameter@MethodDeclaration@IfStatement@BlockStatement@IfState...
branching_condicional,Branching condicional multi-caminho,487,28,str,str,0.0748,5,297,str@FormalParameter@MethodDeclaration@LocalVariableDeclaration@VariableDeclar...
branching_condicional,Branching condicional multi-caminho,487,102,equals,str,0.0747,15,571,equals@MethodInvocation@MethodInvocation@IfStatement@BlockStatement@ReturnSta...
branching_condicional,Branching condicional multi-caminho,487,20,int,13,0.0744,13,152,int@BasicType@FormalParameter@MethodDeclaration@IfStatement@BinaryOperation@L...
branching_condicional,Branching condicional multi-caminho,439,232,>,speed,0.0741,6,471,>@BinaryOperation@MemberReference@speed
branching_condicional,Branching condicional multi-caminho,439,3,int,+,0.0741,26,309,int@BasicType@FormalParameter@MethodDeclaration@LocalVariableDeclaration@Vari...
branching_condicional,Branching condicional multi-caminho,487,21,<PAD/UNK>,==,0.0741,8,113,<PAD/UNK>
branching_condicional,Branching condicional multi-caminho,439,235,int,no,0.0739,10,180,int@BasicType@LocalVariableDeclaration@VariableDeclarator@no
branching_condicional,Branching condicional multi-caminho,439,234,int,you,0.0737,18,197,int@BasicType@MethodDeclaration@FormalParameter@you
branching_condicional,Branching condicional multi-caminho,502,71,int,==,0.0737,5,114,int@BasicType@FormalParameter@MethodDeclaration@IfStatement@BinaryOperation@==
branching_condicional,Branching condicional multi-caminho,439,3,outsideMode,boolean,0.073,13,309,outsideMode@FormalParameter@MethodDeclaration@LocalVariableDeclaration@BasicT...
branching_condicional,Branching condicional multi-caminho,502,71,int,0,0.073,9,114,int@BasicType@LocalVariableDeclaration@MethodDeclaration@IfStatement@BinaryOp...
branching_condicional,Branching condicional multi-caminho,439,3,int,sortaSum,0.0728,8,309,int@BasicType@MethodDeclaration@sortaSum
branching_condicional,Branching condicional multi-caminho,487,102,1,str,0.0725,5,571,<PAD/UNK>
branching_condicional,Branching condicional multi-caminho,492,37,a,a,0.0725,10,104,a@MemberReference@Assignment@MethodInvocation@a
branching_condicional,Branching condicional multi-caminho,487,102,str,str,0.0722,15,571,<PAD/UNK>
branching_condicional,Branching condicional multi-caminho,492,37,String,a,0.0722,12,104,String@ReferenceType@FormalParameter@MethodDeclaration@StatementExpression@As...
branching_condicional,Branching condicional multi-caminho,492,33,String,<,0.0716,5,225,String@ReferenceType@LocalVariableDeclaration@MethodDeclaration@ForStatement@...
branching_condicional,Branching condicional multi-caminho,502,70,nums,i,0.0712,36,271,nums@FormalParameter@MethodDeclaration@ForStatement@ForControl@MemberReference@i
branching_condicional,Branching condicional multi-caminho,487,24,<PAD/UNK>,b,0.0708,6,150,<PAD/UNK>
branching_condicional,Branching condicional multi-caminho,492,33,String,aa,0.0708,6,225,String@ReferenceType@FormalParameter@MethodDeclaration@LocalVariableDeclarati...
branching_condicional,Branching condicional multi-caminho,502,71,%,2,0.0707,7,114,%@BinaryOperation@Literal@2
branching_condicional,Branching condicional multi-caminho,487,101,int,round10,0.0698,24,483,int@BasicType@FormalParameter@MethodDeclaration@ReturnStatement@BinaryOperati...
branching_condicional,Branching condicional multi-caminho,492,37,j,1,0.0697,5,104,<PAD/UNK>
branching_condicional,Branching condicional multi-caminho,492,37,temp,compareTo,0.0694,5,104,temp@MethodInvocation@compareTo
branching_condicional,Branching condicional multi-caminho,502,70,arr,=,0.0692,6,271,arr@MemberReference@Assignment@=
branching_condicional,Branching condicional multi-caminho,487,28,substring,=,0.0677,6,297,<PAD/UNK>
branching_condicional,Branching condicional multi-caminho,487,101,<PAD/UNK>,small,0.0676,5,483,<PAD/UNK>
branching_condicional,Branching condicional multi-caminho,502,70,nums,=,0.0669,10,271,nums@MemberReference@BinaryOperation@IfStatement@BlockStatement@StatementExpr...
branching_condicional,Branching condicional multi-caminho,487,17,int,redTicket,0.0667,6,54,int@BasicType@MethodDeclaration@redTicket
branching_condicional,Branching condicional multi-caminho,439,236,b,==,0.0664,12,223,b@FormalParameter@MethodDeclaration@IfStatement@IfStatement@BinaryOperation@B...
branching_condicional,Branching condicional multi-caminho,439,5,boolean,==,0.0663,5,250,boolean@BasicType@FormalParameter@MethodDeclaration@IfStatement@IfStatement@B...
branching_condicional,Branching condicional multi-caminho,439,236,b,=,0.0651,18,223,b@FormalParameter@MethodDeclaration@IfStatement@IfStatement@Assignment@=
branching_condicional,Branching condicional multi-caminho,487,101,int,||,0.0644,6,483,int@BasicType@FormalParameter@MethodDeclaration@IfStatement@BinaryOperation@||
branching_condicional,Branching condicional multi-caminho,439,3,int,c,0.0636,9,309,int@BasicType@FormalParameter@MethodDeclaration@LocalVariableDeclaration@Vari...
branching_condicional,Branching condicional multi-caminho,487,101,small,choco,0.0636,5,483,<PAD/UNK>
branching_condicional,Branching condicional multi-caminho,439,235,int,you,0.0633,23,180,int@BasicType@MethodDeclaration@FormalParameter@you
branching_condicional,Branching condicional multi-caminho,439,3,b,10,0.0631,8,309,b@MemberReference@BinaryOperation@BinaryOperation@Literal@10
branching_condicional,Branching condicional multi-caminho,487,102,send,s,0.063,8,571,<PAD/UNK>
branching_condicional,Branching condicional multi-caminho,439,236,b,=,0.062,6,223,b@MemberReference@BinaryOperation@Assignment@=
branching_condicional,Branching condicional multi-caminho,439,236,int,==,0.0614,9,223,int@BasicType@FormalParameter@MethodDeclaration@IfStatement@BinaryOperation@==
branching_condicional,Branching condicional multi-caminho,492,37,str,str,0.0612,5,104,str@MethodInvocation@BinaryOperation@BinaryOperation@BinaryOperation@MethodIn...
branching_condicional,Branching condicional multi-caminho,487,102,<PAD/UNK>,substring,0.0609,17,571,<PAD/UNK>
branching_condicional,Branching condicional multi-caminho,487,101,int,*,0.0607,6,483,int@BasicType@FormalParameter@MethodDeclaration@LocalVariableDeclaration@Vari...
branching_condicional,Branching condicional multi-caminho,492,33,output,output,0.0605,5,225,output@MemberReference@Assignment@BinaryOperation@MemberReference@output
branching_condicional,Branching condicional multi-caminho,439,232,int,<PAD/UNK>,0.0594,11,471,<PAD/UNK>
branching_condicional,Branching condicional multi-caminho,492,37,<,<PAD/UNK>,0.0593,5,104,<PAD/UNK>
branching_condicional,Branching condicional multi-caminho,439,236,int,!=,0.0592,21,223,int@BasicType@FormalParameter@MethodDeclaration@IfStatement@BinaryOperation@B...
branching_condicional,Branching condicional multi-caminho,487,102,first2,str,0.0592,13,571,<PAD/UNK>
branching_condicional,Branching condicional multi-caminho,439,3,outsideMode,n,0.0591,12,309,outsideMode@FormalParameter@MethodDeclaration@IfStatement@BinaryOperation@Bin...
branching_condicional,Branching condicional multi-caminho,439,235,int,no,0.059,14,180,int@BasicType@FormalParameter@MethodDeclaration@LocalVariableDeclaration@Vari...
branching_condicional,Branching condicional multi-caminho,487,101,<PAD/UNK>,5,0.0589,7,483,<PAD/UNK>
branching_condicional,Branching condicional multi-caminho,439,3,outsideMode,outsideMode,0.0587,5,309,outsideMode@MemberReference@IfStatement@MethodDeclaration@IfStatement@MemberR...
branching_condicional,Branching condicional multi-caminho,502,45,int,sum67,0.0587,8,127,int@BasicType@MethodDeclaration@sum67
branching_condicional,Branching condicional multi-caminho,439,234,int,>=,0.0585,11,197,int@BasicType@FormalParameter@MethodDeclaration@IfStatement@BinaryOperation@B...
branching_condicional,Branching condicional multi-caminho,492,37,String,a,0.0582,21,104,String@ReferenceType@FormalParameter@MethodDeclaration@StatementExpression@As...
branching_condicional,Branching condicional multi-caminho,439,12,isSummer,&&,0.0574,7,94,isSummer@FormalParameter@MethodDeclaration@IfStatement@BinaryOperation@&&
branching_condicional,Branching condicional multi-caminho,487,28,atFirst,=,0.0574,6,297,<PAD/UNK>
branching_condicional,Branching condicional multi-caminho,502,70,nums,2,0.0571,26,271,nums@MemberReference@BinaryOperation@BinaryOperation@BinaryOperation@Literal@2
branching_condicional,Branching condicional multi-caminho,487,21,=,=,0.057,8,113,<PAD/UNK>
branching_condicional,Branching condicional multi-caminho,487,24,int,b,0.0566,14,150,int@BasicType@FormalParameter@MethodDeclaration@FormalParameter@b
branching_condicional,Branching condicional multi-caminho,439,236,b,=,0.056,9,223,b@MemberReference@BinaryOperation@Assignment@Assignment@=
branching_condicional,Branching condicional multi-caminho,502,71,int,sum1,0.056,5,114,int@BasicType@LocalVariableDeclaration@VariableDeclarator@sum1
branching_condicional,Branching condicional multi-caminho,439,3,outsideMode,<PAD/UNK>,0.0558,8,309,<PAD/UNK>
branching_condicional,Branching condicional multi-caminho,439,236,b,&&,0.0556,7,223,b@FormalParameter@MethodDeclaration@IfStatement@BinaryOperation@&&
branching_condicional,Branching condicional multi-caminho,439,3,int,x,0.0552,13,309,<PAD/UNK>
branching_condicional,Branching condicional multi-caminho,487,102,<PAD/UNK>,first2,0.0549,11,571,<PAD/UNK>
branching_condicional,Branching condicional multi-caminho,502,70,int,i,0.0543,39,271,int@BasicType@VariableDeclaration@ForControl@BinaryOperation@MemberReference@i
branching_condicional,Branching condicional multi-caminho,439,3,outsideMode,>=,0.054,6,309,outsideMode@MemberReference@BinaryOperation@IfStatement@IfStatement@BinaryOpe...
branching_condicional,Branching condicional multi-caminho,502,45,==,<PAD/UNK>,0.0539,5,127,<PAD/UNK>
branching_condicional,Branching condicional multi-caminho,487,102,&&,str,0.0538,29,571,&&@BinaryOperation@BinaryOperation@MethodInvocation@str
branching_condicional,Branching condicional multi-caminho,487,102,>=,str,0.0534,23,571,>=@BinaryOperation@MethodInvocation@str
branching_condicional,Branching condicional multi-caminho,439,5,boolean,=,0.0532,16,250,boolean@BasicType@FormalParameter@MethodDeclaration@IfStatement@Assignment@As...
branching_condicional,Branching condicional multi-caminho,439,236,int,c,0.053,21,223,int@BasicType@FormalParameter@MethodDeclaration@IfStatement@BinaryOperation@M...
branching_condicional,Branching condicional multi-caminho,439,12,temp,&&,0.0529,17,94,temp@FormalParameter@MethodDeclaration@IfStatement@BlockStatement@IfStatement...
branching_condicional,Branching condicional multi-caminho,439,235,||,&&,0.0517,5,180,||@BinaryOperation@IfStatement@MethodDeclaration@IfStatement@BinaryOperation@...
branching_condicional,Branching condicional multi-caminho,439,236,int,c,0.0514,60,223,int@BasicType@FormalParameter@MethodDeclaration@FormalParameter@c
branching_condicional,Branching condicional multi-caminho,439,3,outsideMode,&&,0.0512,5,309,outsideMode@MemberReference@BinaryOperation@BinaryOperation@IfStatement@IfSta...
branching_condicional,Branching condicional multi-caminho,439,3,int,outsideMode,0.0506,7,309,int@BasicType@FormalParameter@MethodDeclaration@IfStatement@BinaryOperation@M...
branching_condicional,Branching condicional multi-caminho,439,13,>,speed,0.0494,56,460,>@BinaryOperation@MemberReference@speed
branching_condicional,Branching condicional multi-caminho,439,232,alarmClock,vacation,0.0493,20,471,alarmClock@MethodDeclaration@FormalParameter@vacation
branching_condicional,Branching condicional multi-caminho,439,3,outsideMode,&&,0.0492,6,309,outsideMode@FormalParameter@MethodDeclaration@IfStatement@BinaryOperation@Bin...
branching_condicional,Branching condicional multi-caminho,487,28,0,<PAD/UNK>,0.0491,5,297,<PAD/UNK>
branching_condicional,Branching condicional multi-caminho,439,3,int,true,0.0485,9,309,int@BasicType@FormalParameter@MethodDeclaration@LocalVariableDeclaration@Vari...
branching_condicional,Branching condicional multi-caminho,502,70,==,=,0.0483,6,271,==@BinaryOperation@IfStatement@BlockStatement@StatementExpression@Assignment@=
branching_condicional,Branching condicional multi-caminho,439,13,int,boolean,0.0481,7,460,int@BasicType@FormalParameter@MethodDeclaration@FormalParameter@BasicType@boo...
branching_condicional,Branching condicional multi-caminho,439,236,c,c,0.0476,6,223,c@MemberReference@BinaryOperation@BinaryOperation@BinaryOperation@BinaryOpera...
branching_condicional,Branching condicional multi-caminho,439,12,int,isSummer,0.0475,33,94,int@BasicType@FormalParameter@MethodDeclaration@FormalParameter@isSummer
branching_condicional,Branching condicional multi-caminho,439,13,int,speed,0.047,6,460,int@BasicType@LocalVariableDeclaration@MethodDeclaration@IfStatement@BinaryOp...
branching_condicional,Branching condicional multi-caminho,502,70,==,i,0.0467,14,271,==@BinaryOperation@MemberReference@ArraySelector@BinaryOperation@MemberRefere...
branching_condicional,Branching condicional multi-caminho,502,45,int,0,0.0467,7,127,int@BasicType@FormalParameter@MethodDeclaration@IfStatement@BinaryOperation@L...
branching_condicional,Branching condicional multi-caminho,502,70,int,i,0.0464,20,271,int@BasicType@VariableDeclaration@VariableDeclarator@i
branching_condicional,Branching condicional multi-caminho,487,102,without2,s,0.046,11,571,without2@MethodDeclaration@IfStatement@BinaryOperation@MethodInvocation@s
branching_condicional,Branching condicional multi-caminho,502,70,==,<PAD/UNK>,0.0455,13,271,<PAD/UNK>
branching_condicional,Branching condicional multi-caminho,487,102,word,word,0.0452,9,571,<PAD/UNK>
branching_condicional,Branching condicional multi-caminho,487,28,atFirst,str,0.0448,23,297,atFirst@MethodDeclaration@IfStatement@IfStatement@BlockStatement@ReturnStatem...
branching_condicional,Branching condicional multi-caminho,502,70,<PAD/UNK>,i,0.0446,16,271,<PAD/UNK>
branching_condicional,Branching condicional multi-caminho,487,101,int,goal,0.0444,6,483,int@BasicType@FormalParameter@goal
branching_condicional,Branching condicional multi-caminho,439,234,date,2,0.0441,5,197,date@MemberReference@BinaryOperation@Literal@2
branching_condicional,Branching condicional multi-caminho,439,236,b,&&,0.0441,10,223,b@MemberReference@BinaryOperation@BinaryOperation@BinaryOperation@BinaryOpera...
branching_condicional,Branching condicional multi-caminho,439,236,cigarParty,isWeekend,0.044,8,223,cigarParty@MethodDeclaration@FormalParameter@isWeekend
branching_condicional,Branching condicional multi-caminho,487,20,int,==,0.0436,6,152,int@BasicType@FormalParameter@MethodDeclaration@IfStatement@BinaryOperation@==
branching_condicional,Branching condicional multi-caminho,487,28,atFirst,str,0.0434,14,297,atFirst@MethodDeclaration@IfStatement@IfStatement@BinaryOperation@MethodInvoc...
branching_condicional,Branching condicional multi-caminho,487,102,front,str,0.0427,6,571,front@VariableDeclarator@LocalVariableDeclaration@MethodDeclaration@LocalVari...
branching_condicional,Branching condicional multi-caminho,439,236,boolean,isWeekend,0.0422,15,223,boolean@BasicType@FormalParameter@MethodDeclaration@IfStatement@MemberReferen...
branching_condicional,Branching condicional multi-caminho,502,70,==,1,0.0417,8,271,==@BinaryOperation@MemberReference@ArraySelector@BinaryOperation@Literal@1
branching_condicional,Branching condicional multi-caminho,439,232,vacation,vacation,0.0415,50,471,vacation@FormalParameter@MethodDeclaration@IfStatement@MemberReference@vacation
branching_condicional,Branching condicional multi-caminho,439,3,int,&&,0.0415,17,309,int@BasicType@FormalParameter@MethodDeclaration@IfStatement@BinaryOperation@&&
branching_condicional,Branching condicional multi-caminho,439,234,int,==,0.0414,6,197,int@BasicType@FormalParameter@MethodDeclaration@IfStatement@BinaryOperation@B...
branching_condicional,Branching condicional multi-caminho,439,234,boolean,isWeekend,0.0404,23,197,boolean@BasicType@FormalParameter@MethodDeclaration@IfStatement@MemberReferen...
branching_condicional,Branching condicional multi-caminho,487,102,>=,str,0.0404,8,571,>=@BinaryOperation@IfStatement@BlockStatement@IfStatement@MethodInvocation@str
branching_condicional,Branching condicional multi-caminho,439,13,80,speed,0.0399,6,460,80@Literal@BinaryOperation@MemberReference@speed
branching_condicional,Branching condicional multi-caminho,439,232,boolean,vacation,0.0398,96,471,boolean@BasicType@FormalParameter@vacation
branching_condicional,Branching condicional multi-caminho,487,28,strLength,1,0.0398,6,297,<PAD/UNK>
branching_condicional,Branching condicional multi-caminho,439,5,boolean,&&,0.0388,15,250,boolean@BasicType@FormalParameter@MethodDeclaration@IfStatement@BinaryOperati...
branching_condicional,Branching condicional multi-caminho,439,3,boolean,>=,0.0387,10,309,boolean@BasicType@LocalVariableDeclaration@MethodDeclaration@IfStatement@Bina...
branching_condicional,Branching condicional multi-caminho,439,3,outsideMode,1,0.0386,20,309,outsideMode@FormalParameter@MethodDeclaration@IfStatement@BinaryOperation@Bin...
branching_condicional,Branching condicional multi-caminho,487,102,>=,str,0.0379,6,571,>=@BinaryOperation@IfStatement@MethodDeclaration@ReturnStatement@MemberRefere...
branching_condicional,Branching condicional multi-caminho,487,20,int,b,0.0377,19,152,int@BasicType@FormalParameter@MethodDeclaration@IfStatement@BinaryOperation@M...
branching_condicional,Branching condicional multi-caminho,439,236,b,!=,0.0366,8,223,b@MemberReference@BinaryOperation@BinaryOperation@BinaryOperation@BinaryOpera...
branching_condicional,Branching condicional multi-caminho,487,24,&&,>,0.0364,12,150,&&@BinaryOperation@BinaryOperation@>
branching_condicional,Branching condicional multi-caminho,502,45,int,i,0.0362,5,127,int@BasicType@VariableDeclaration@ForControl@BinaryOperation@MemberReference@i
branching_condicional,Branching condicional multi-caminho,502,70,twoTwo,nums,0.0359,11,271,twoTwo@MethodDeclaration@FormalParameter@nums
branching_condicional,Branching condicional multi-caminho,439,232,int,String,0.0351,13,471,int@BasicType@FormalParameter@MethodDeclaration@LocalVariableDeclaration@Refe...
branching_condicional,Branching condicional multi-caminho,439,234,||,2,0.0351,9,197,||@BinaryOperation@BinaryOperation@Literal@2
branching_condicional,Branching condicional multi-caminho,439,232,day,"""7:00""",0.0348,9,471,day@FormalParameter@MethodDeclaration@IfStatement@BlockStatement@ReturnStatem...
branching_condicional,Branching condicional multi-caminho,439,3,outsideMode,false,0.0346,23,309,outsideMode@MemberReference@IfStatement@BlockStatement@ReturnStatement@Litera...
branching_condicional,Branching condicional multi-caminho,439,234,int,date,0.0345,12,197,int@BasicType@FormalParameter@MethodDeclaration@FormalParameter@date
branching_condicional,Branching condicional multi-caminho,487,21,int,13,0.0345,7,113,int@BasicType@FormalParameter@MethodDeclaration@IfStatement@BinaryOperation@L...
branching_condicional,Branching condicional multi-caminho,487,102,length,str,0.0335,7,571,length@VariableDeclarator@LocalVariableDeclaration@MethodDeclaration@LocalVar...
branching_condicional,Branching condicional multi-caminho,439,3,boolean,&&,0.0333,33,309,boolean@BasicType@FormalParameter@MethodDeclaration@IfStatement@BinaryOperati...
branching_condicional,Branching condicional multi-caminho,487,28,len,"""@@""",0.0325,8,297,<PAD/UNK>
branching_condicional,Branching condicional multi-caminho,487,101,int,<=,0.0321,5,483,int@BasicType@LocalVariableDeclaration@MethodDeclaration@IfStatement@BinaryOp...
branching_condicional,Branching condicional multi-caminho,487,17,int,b,0.0314,9,54,int@BasicType@FormalParameter@MethodDeclaration@FormalParameter@b
branching_condicional,Branching condicional multi-caminho,487,102,without2,=,0.0309,6,571,without2@MethodDeclaration@IfStatement@BlockStatement@StatementExpression@Ass...
branching_condicional,Branching condicional multi-caminho,439,5,answerCell,boolean,0.0307,56,250,answerCell@MethodDeclaration@FormalParameter@BasicType@boolean
branching_condicional,Branching condicional multi-caminho,439,235,day,boolean,0.0305,19,180,day@FormalParameter@MethodDeclaration@FormalParameter@BasicType@boolean
branching_condicional,Branching condicional multi-caminho,439,13,int,true,0.0304,6,460,int@BasicType@FormalParameter@MethodDeclaration@IfStatement@Assignment@Litera...
branching_condicional,Branching condicional multi-caminho,439,5,isMorning,true,0.0303,12,250,isMorning@MemberReference@BinaryOperation@BinaryOperation@BinaryOperation@Lit...
branching_condicional,Branching condicional multi-caminho,439,5,boolean,isMorning,0.0303,14,250,boolean@BasicType@FormalParameter@MethodDeclaration@IfStatement@MemberReferen...
branching_condicional,Branching condicional multi-caminho,487,20,+,c,0.0296,14,152,+@BinaryOperation@MemberReference@c
branching_condicional,Branching condicional multi-caminho,439,3,int,boolean,0.0293,9,309,int@BasicType@FormalParameter@MethodDeclaration@FormalParameter@BasicType@boo...
branching_condicional,Branching condicional multi-caminho,487,102,<,str,0.0293,12,571,<@BinaryOperation@IfStatement@BlockStatement@IfStatement@BinaryOperation@Meth...
branching_condicional,Branching condicional multi-caminho,502,70,i,i,0.029,5,271,i@VariableDeclarator@VariableDeclaration@ForControl@MemberReference@i
branching_condicional,Branching condicional multi-caminho,502,70,+,2,0.0283,5,271,+@BinaryOperation@ArraySelector@MemberReference@BinaryOperation@Literal@2
branching_condicional,Branching condicional multi-caminho,487,20,int,b,0.0282,37,152,int@BasicType@FormalParameter@MethodDeclaration@FormalParameter@b
branching_condicional,Branching condicional multi-caminho,439,235,boolean,vacation,0.0278,6,180,boolean@BasicType@FormalParameter@MethodDeclaration@IfStatement@MemberReferen...
branching_condicional,Branching condicional multi-caminho,487,101,int,roundSum,0.0277,12,483,int@BasicType@MethodDeclaration@roundSum
branching_condicional,Branching condicional multi-caminho,439,3,outsideMode,true,0.0273,9,309,outsideMode@FormalParameter@MethodDeclaration@IfStatement@StatementExpression...
branching_condicional,Branching condicional multi-caminho,492,33,>,a,0.0259,6,225,>@BinaryOperation@IfStatement@StatementExpression@Assignment@MethodInvocation@a
branching_condicional,Branching condicional multi-caminho,487,102,String,str,0.0257,8,571,String@ReferenceType@LocalVariableDeclaration@MethodDeclaration@LocalVariable...
branching_condicional,Branching condicional multi-caminho,487,102,>=,str,0.0253,6,571,>=@BinaryOperation@IfStatement@BlockStatement@IfStatement@ReturnStatement@Met...
branching_condicional,Branching condicional multi-caminho,439,3,private,num,0.0252,6,309,<PAD/UNK>
branching_condicional,Branching condicional multi-caminho,487,21,int,b,0.0252,6,113,int@BasicType@FormalParameter@MethodDeclaration@FormalParameter@b
branching_condicional,Branching condicional multi-caminho,487,102,0,str,0.0241,13,571,0@Literal@MethodInvocation@IfStatement@BlockStatement@ReturnStatement@MemberR...
branching_condicional,Branching condicional multi-caminho,439,232,day,||,0.0237,8,471,day@MemberReference@Assignment@Assignment@BinaryOperation@||
branching_condicional,Branching condicional multi-caminho,439,13,<,speed,0.0237,48,460,<@BinaryOperation@MemberReference@speed
branching_condicional,Branching condicional multi-caminho,492,37,int,a,0.023,13,104,int@BasicType@LocalVariableDeclaration@VariableDeclarator@MethodInvocation@a
branching_condicional,Branching condicional multi-caminho,439,234,cigars,isWeekend,0.021,46,197,cigars@FormalParameter@MethodDeclaration@FormalParameter@isWeekend
branching_condicional,Branching condicional multi-caminho,487,24,a,21,0.021,5,150,a@MemberReference@BinaryOperation@BinaryOperation@BinaryOperation@BinaryOpera...
branching_condicional,Branching condicional multi-caminho,487,102,compareTo,str,0.0207,13,571,compareTo@MethodInvocation@BinaryOperation@IfStatement@ReturnStatement@Method...
branching_condicional,Branching condicional multi-caminho,439,13,66,speed,0.0206,6,460,66@Literal@BinaryOperation@BinaryOperation@BinaryOperation@MemberReference@speed
branching_condicional,Branching condicional multi-caminho,487,102,0,str,0.0206,16,571,0@Literal@MethodInvocation@BinaryOperation@MethodInvocation@str
branching_condicional,Branching condicional multi-caminho,487,102,without2,2,0.0203,6,571,without2@MethodDeclaration@LocalVariableDeclaration@VariableDeclarator@Method...
branching_condicional,Branching condicional multi-caminho,487,102,without2,substring,0.0202,8,571,without2@MethodDeclaration@IfStatement@BinaryOperation@MethodInvocation@subst...
branching_condicional,Branching condicional multi-caminho,439,236,int,isWeekend,0.0201,6,223,int@BasicType@FormalParameter@MethodDeclaration@IfStatement@BinaryOperation@M...
branching_condicional,Branching condicional multi-caminho,487,102,front,front,0.02,10,571,<PAD/UNK>
branching_condicional,Branching condicional multi-caminho,487,102,length,str,0.0197,11,571,length@MethodInvocation@BinaryOperation@IfStatement@BlockStatement@ReturnStat...
branching_condicional,Branching condicional multi-caminho,439,3,boolean,>=,0.0196,18,309,boolean@BasicType@FormalParameter@MethodDeclaration@IfStatement@BinaryOperati...
branching_condicional,Branching condicional multi-caminho,439,236,cigars,isWeekend,0.0192,18,223,cigars@FormalParameter@MethodDeclaration@FormalParameter@isWeekend
branching_condicional,Branching condicional multi-caminho,439,236,cigars,isWeekend,0.0192,11,223,cigars@FormalParameter@MethodDeclaration@IfStatement@MemberReference@isWeekend
branching_condicional,Branching condicional multi-caminho,439,13,65,speed,0.0191,7,460,65@Literal@BinaryOperation@BinaryOperation@BinaryOperation@MemberReference@speed
branching_condicional,Branching condicional multi-caminho,487,102,str,str,0.0189,47,571,str@FormalParameter@MethodDeclaration@LocalVariableDeclaration@VariableDeclar...
branching_condicional,Branching condicional multi-caminho,492,37,<=,x,0.0181,13,104,<PAD/UNK>
branching_condicional,Branching condicional multi-caminho,439,234,cigars,isWeekend,0.0179,20,197,cigars@FormalParameter@MethodDeclaration@IfStatement@MemberReference@isWeekend
branching_condicional,Branching condicional multi-caminho,439,232,day,==,0.0176,10,471,day@MemberReference@BinaryOperation@BinaryOperation@BinaryOperation@==
branching_condicional,Branching condicional multi-caminho,439,5,==,true,0.0176,29,250,==@BinaryOperation@Literal@true
branching_condicional,Branching condicional multi-caminho,487,102,without2,String,0.0176,5,571,without2@MethodDeclaration@LocalVariableDeclaration@ReferenceType@String
branching_condicional,Branching condicional multi-caminho,439,13,1,speed,0.0174,19,460,1@Literal@ReturnStatement@IfStatement@IfStatement@BinaryOperation@MemberRefer...
branching_condicional,Branching condicional multi-caminho,439,13,<,speed,0.0171,10,460,<@BinaryOperation@IfStatement@IfStatement@BinaryOperation@BinaryOperation@Mem...
branching_condicional,Branching condicional multi-caminho,439,232,day,=,0.017,5,471,day@MemberReference@BinaryOperation@BinaryOperation@IfStatement@IfStatement@A...
branching_condicional,Branching condicional multi-caminho,439,235,day,==,0.017,5,180,day@MemberReference@BinaryOperation@BinaryOperation@BinaryOperation@==
branching_condicional,Branching condicional multi-caminho,439,232,boolean,&&,0.0168,9,471,boolean@BasicType@FormalParameter@MethodDeclaration@IfStatement@BinaryOperati...
branching_condicional,Branching condicional multi-caminho,439,234,int,isWeekend,0.0164,9,197,int@BasicType@FormalParameter@MethodDeclaration@IfStatement@BinaryOperation@M...
branching_condicional,Branching condicional multi-caminho,487,102,without2,n,0.0164,17,571,without2@MethodDeclaration@LocalVariableDeclaration@VariableDeclarator@n
branching_condicional,Branching condicional multi-caminho,439,234,>=,1,0.0154,6,197,>=@BinaryOperation@BinaryOperation@IfStatement@BlockStatement@ReturnStatement...
branching_condicional,Branching condicional multi-caminho,439,235,vacation,vacation,0.015,9,180,vacation@FormalParameter@MethodDeclaration@IfStatement@MemberReference@vacation
branching_condicional,Branching condicional multi-caminho,439,3,outsideMode,||,0.0148,24,309,outsideMode@FormalParameter@MethodDeclaration@IfStatement@BlockStatement@IfSt...
branching_condicional,Branching condicional multi-caminho,439,13,>=,speed,0.0143,9,460,>=@BinaryOperation@BinaryOperation@IfStatement@IfStatement@BinaryOperation@Me...
branching_condicional,Branching condicional multi-caminho,439,3,private,boolean,0.0138,6,309,private@Modifier@FieldDeclaration@BasicType@boolean
branching_condicional,Branching condicional multi-caminho,439,5,isMorning,==,0.0136,6,250,isMorning@MemberReference@BinaryOperation@BinaryOperation@BinaryOperation@==
branching_condicional,Branching condicional multi-caminho,439,232,!,vacation,0.0131,10,471,!@MemberReference@vacation
branching_condicional,Branching condicional multi-caminho,439,5,public,answerCell,0.0131,5,250,<PAD/UNK>
branching_condicional,Branching condicional multi-caminho,439,232,60,speed,0.0128,5,471,60@Literal@BinaryOperation@IfStatement@IfStatement@BinaryOperation@MemberRefe...
branching_condicional,Branching condicional multi-caminho,487,102,substring,str,0.0127,14,571,substring@MethodInvocation@BinaryOperation@IfStatement@BlockStatement@ReturnS...
branching_condicional,Branching condicional multi-caminho,439,235,boolean,==,0.0124,5,180,boolean@BasicType@FormalParameter@MethodDeclaration@IfStatement@BinaryOperati...
branching_condicional,Branching condicional multi-caminho,439,13,<=,speed,0.012,7,460,<=@BinaryOperation@IfStatement@IfStatement@BinaryOperation@BinaryOperation@Me...
branching_condicional,Branching condicional multi-caminho,439,232,61,speed,0.0115,6,471,61@Literal@BinaryOperation@BinaryOperation@BinaryOperation@MemberReference@speed
branching_condicional,Branching condicional multi-caminho,439,234,isWeekend,isWeekend,0.0108,6,197,isWeekend@FormalParameter@MethodDeclaration@IfStatement@BinaryOperation@Membe...
branching_condicional,Branching condicional multi-caminho,487,102,0,str,0.0107,9,571,0@Literal@BinaryOperation@IfStatement@ReturnStatement@MemberReference@str
branching_condicional,Branching condicional multi-caminho,439,5,isMorning,boolean,0.0097,7,250,isMorning@FormalParameter@MethodDeclaration@FormalParameter@BasicType@boolean
branching_condicional,Branching condicional multi-caminho,439,232,int,=,0.0095,6,471,int@BasicType@FormalParameter@MethodDeclaration@IfStatement@Assignment@=
branching_condicional,Branching condicional multi-caminho,439,232,>=,speed,0.0089,6,471,>=@BinaryOperation@MemberReference@speed
branching_condicional,Branching condicional multi-caminho,439,13,61,speed,0.0089,21,460,61@Literal@BinaryOperation@BinaryOperation@BinaryOperation@MemberReference@speed
branching_condicional,Branching condicional multi-caminho,439,13,>=,speed,0.0087,24,460,>=@BinaryOperation@BinaryOperation@BinaryOperation@MemberReference@speed
branching_condicional,Branching condicional multi-caminho,439,13,<=,speed,0.0085,94,460,<=@BinaryOperation@MemberReference@speed
branching_condicional,Branching condicional multi-caminho,439,235,boolean,vacation,0.0083,9,180,boolean@BasicType@FormalParameter@vacation
branching_condicional,Branching condicional multi-caminho,439,232,<=,speed,0.008,24,471,<=@BinaryOperation@MemberReference@speed
branching_condicional,Branching condicional multi-caminho,487,102,without2,>,0.008,6,571,without2@MethodDeclaration@IfStatement@BinaryOperation@>
branching_condicional,Branching condicional multi-caminho,439,13,isBirthday,speed,0.0076,5,460,isBirthday@MemberReference@BinaryOperation@BinaryOperation@BinaryOperation@Me...
branching_condicional,Branching condicional multi-caminho,487,102,without2,s,0.0075,7,571,without2@MethodDeclaration@IfStatement@ReturnStatement@MemberReference@s
branching_condicional,Branching condicional multi-caminho,439,13,int,1,0.0074,6,460,int@BasicType@LocalVariableDeclaration@VariableDeclarator@Literal@1
branching_condicional,Branching condicional multi-caminho,439,234,!,isWeekend,0.0071,11,197,!@MemberReference@isWeekend
branching_condicional,Branching condicional multi-caminho,439,13,>=,speed,0.007,62,460,>=@BinaryOperation@MemberReference@speed
branching_condicional,Branching condicional multi-caminho,439,13,0,speed,0.007,6,460,0@Literal@BinaryOperation@BinaryOperation@BinaryOperation@MemberReference@speed
branching_condicional,Branching condicional multi-caminho,439,13,<,speed,0.0069,5,460,<@BinaryOperation@IfStatement@IfStatement@BinaryOperation@MemberReference@speed
branching_condicional,Branching condicional multi-caminho,439,232,int,"""""",0.0064,15,471,int@BasicType@FormalParameter@MethodDeclaration@LocalVariableDeclaration@Vari...
branching_condicional,Branching condicional multi-caminho,439,13,60,speed,0.0063,12,460,60@Literal@BinaryOperation@IfStatement@IfStatement@BinaryOperation@MemberRefe...
branching_condicional,Branching condicional multi-caminho,439,232,vacation,day,0.0062,5,471,vacation@MemberReference@IfStatement@IfStatement@BinaryOperation@BinaryOperat...
branching_condicional,Branching condicional multi-caminho,439,5,boolean,false,0.0061,16,250,boolean@BasicType@FormalParameter@MethodDeclaration@IfStatement@ReturnStateme...
branching_condicional,Branching condicional multi-caminho,439,5,false,&&,0.0059,5,250,false@Literal@Assignment@BinaryOperation@IfStatement@IfStatement@BinaryOperat...
branching_condicional,Branching condicional multi-caminho,439,13,!,speed,0.0055,5,460,!@MemberReference@IfStatement@IfStatement@BinaryOperation@MemberReference@speed
branching_condicional,Branching condicional multi-caminho,439,13,>,speed,0.0041,22,460,>@BinaryOperation@BinaryOperation@IfStatement@IfStatement@BinaryOperation@Mem...
branching_condicional,Branching condicional multi-caminho,439,232,day,vacation,0.0037,10,471,day@MemberReference@Assignment@BinaryOperation@MemberReference@vacation
branching_condicional,Branching condicional multi-caminho,439,232,int,day,0.0035,92,471,int@BasicType@FormalParameter@day
branching_condicional,Branching condicional multi-caminho,439,232,int,=,0.0035,9,471,int@BasicType@FormalParameter@MethodDeclaration@IfStatement@BinaryOperation@A...
branching_condicional,Branching condicional multi-caminho,439,234,int,boolean,0.0034,7,197,int@BasicType@FormalParameter@MethodDeclaration@FormalParameter@BasicType@boo...
branching_condicional,Branching condicional multi-caminho,439,234,cigars,>=,0.0032,5,197,cigars@FormalParameter@MethodDeclaration@IfStatement@BlockStatement@IfStateme...
branching_condicional,Branching condicional multi-caminho,439,12,isSummer,>=,0.0032,8,94,isSummer@FormalParameter@MethodDeclaration@IfStatement@IfStatement@BinaryOper...
branching_condicional,Branching condicional multi-caminho,439,232,int,boolean,0.0031,66,471,int@BasicType@FormalParameter@MethodDeclaration@FormalParameter@BasicType@boo...
branching_condicional,Branching condicional multi-caminho,439,13,<=,speed,0.0029,5,460,<=@BinaryOperation@IfStatement@BlockStatement@IfStatement@BinaryOperation@Mem...
branching_condicional,Branching condicional multi-caminho,439,236,int,boolean,0.0027,7,223,int@BasicType@FormalParameter@MethodDeclaration@FormalParameter@BasicType@boo...
branching_condicional,Branching condicional multi-caminho,439,232,boolean,==,0.0026,10,471,boolean@BasicType@FormalParameter@MethodDeclaration@IfStatement@BinaryOperati...
branching_condicional,Branching condicional multi-caminho,439,13,int,2,0.0024,12,460,int@BasicType@LocalVariableDeclaration@MethodDeclaration@LocalVariableDeclara...
branching_condicional,Branching condicional multi-caminho,439,232,int,=,0.0023,15,471,int@BasicType@FormalParameter@MethodDeclaration@IfStatement@StatementExpressi...
branching_condicional,Branching condicional multi-caminho,439,13,<,speed,0.0023,6,460,<@BinaryOperation@BinaryOperation@IfStatement@IfStatement@BinaryOperation@Mem...
branching_condicional,Branching condicional multi-caminho,487,102,without2,<,0.0019,7,571,without2@MethodDeclaration@IfStatement@BinaryOperation@<
branching_condicional,Branching condicional multi-caminho,439,235,int,day,0.0017,12,180,int@BasicType@FormalParameter@day
branching_condicional,Branching condicional multi-caminho,439,232,boolean,>=,0.0016,5,471,boolean@BasicType@FormalParameter@MethodDeclaration@IfStatement@BinaryOperati...
branching_condicional,Branching condicional multi-caminho,439,232,boolean,=,0.0015,6,471,boolean@BasicType@FormalParameter@MethodDeclaration@IfStatement@BinaryOperati...
branching_condicional,Branching condicional multi-caminho,439,235,int,boolean,0.0013,11,180,int@BasicType@FormalParameter@MethodDeclaration@FormalParameter@BasicType@boo...
branching_condicional,Branching condicional multi-caminho,439,235,>=,>=,0.0013,5,180,>=@BinaryOperation@BinaryOperation@BinaryOperation@>=
branching_condicional,Branching condicional multi-caminho,487,102,length,substring,0.0013,7,571,length@MethodInvocation@BinaryOperation@MethodInvocation@substring
branching_condicional,Branching condicional multi-caminho,439,232,caughtSpeeding,boolean,0.0012,5,471,caughtSpeeding@MethodDeclaration@FormalParameter@BasicType@boolean
branching_condicional,Branching condicional multi-caminho,439,232,day,&&,0.0011,6,471,day@FormalParameter@MethodDeclaration@IfStatement@IfStatement@BinaryOperation@&&
branching_condicional,Branching condicional multi-caminho,439,13,caughtSpeeding,boolean,0.0011,11,460,caughtSpeeding@MethodDeclaration@FormalParameter@BasicType@boolean
branching_condicional,Branching condicional multi-caminho,439,232,day,6,0.0008,6,471,day@MemberReference@BinaryOperation@Assignment@Literal@6
branching_condicional,Branching condicional multi-caminho,439,232,day,"""7:00""",0.0007,9,471,day@MemberReference@Assignment@IfStatement@BlockStatement@ReturnStatement@Lit...
branching_condicional,Branching condicional multi-caminho,439,232,day,&&,0.0006,6,471,day@MemberReference@BinaryOperation@BinaryOperation@IfStatement@IfStatement@B...
branching_condicional,Branching condicional multi-caminho,439,235,<,8,0.0004,5,180,<@BinaryOperation@Literal@8
branching_condicional,Branching condicional multi-caminho,439,235,8,8,0.0004,5,180,8@Literal@BinaryOperation@BinaryOperation@BinaryOperation@Literal@8
busca_propriedade,Busca e seleção de elementos por propriedade,494,108,int,0,0.7148,36,311,int@BasicType@VariableDeclaration@VariableDeclarator@Literal@0
busca_propriedade,Busca e seleção de elementos por propriedade,494,108,int,1,0.5841,23,311,int@BasicType@VariableDeclaration@ForControl@BinaryOperation@BinaryOperation@...
busca_propriedade,Busca e seleção de elementos por propriedade,494,108,nums,=,0.4962,82,311,nums@MemberReference@Assignment@=
busca_propriedade,Busca e seleção de elementos por propriedade,487,24,int,b,0.4149,15,150,int@BasicType@FormalParameter@b
busca_propriedade,Busca e seleção de elementos por propriedade,494,108,int,length,0.3103,51,311,int@BasicType@VariableDeclaration@ForControl@BinaryOperation@MemberReference@...
busca_propriedade,Busca e seleção de elementos por propriedade,494,108,nums,==,0.3088,6,311,nums@MemberReference@BinaryOperation@IfStatement@BlockStatement@IfStatement@B...
busca_propriedade,Busca e seleção de elementos por propriedade,487,24,0,<=,0.2615,6,150,<PAD/UNK>
busca_propriedade,Busca e seleção de elementos por propriedade,487,24,<=,21,0.2285,5,150,<PAD/UNK>
busca_propriedade,Busca e seleção de elementos por propriedade,494,108,<,==,0.2203,39,311,<@BinaryOperation@ForControl@ForStatement@BlockStatement@IfStatement@BinaryOp...
busca_propriedade,Busca e seleção de elementos por propriedade,494,108,5,=,0.2078,25,311,5@Literal@Assignment@=
busca_propriedade,Busca e seleção de elementos por propriedade,487,24,<PAD/UNK>,21,0.1787,6,150,<PAD/UNK>
busca_propriedade,Busca e seleção de elementos por propriedade,487,24,int,<PAD/UNK>,0.1731,8,150,<PAD/UNK>
busca_propriedade,Busca e seleção de elementos por propriedade,494,108,int,=,0.1608,6,311,int@BasicType@LocalVariableDeclaration@BlockStatement@StatementExpression@Ass...
busca_propriedade,Busca e seleção de elementos por propriedade,494,108,int,0,0.1486,5,311,int@BasicType@LocalVariableDeclaration@MethodDeclaration@LocalVariableDeclara...
busca_propriedade,Busca e seleção de elementos por propriedade,494,108,int,<PAD/UNK>,0.1456,67,311,<PAD/UNK>
busca_propriedade,Busca e seleção de elementos por propriedade,487,24,&&,answer,0.1452,5,150,<PAD/UNK>
busca_propriedade,Busca e seleção de elementos por propriedade,494,108,1,=,0.1428,51,311,1@Literal@BinaryOperation@ArraySelector@MemberReference@Assignment@=
busca_propriedade,Busca e seleção de elementos por propriedade,494,108,int,fives,0.1231,27,311,<PAD/UNK>
busca_propriedade,Busca e seleção de elementos por propriedade,494,108,int,four,0.1208,14,311,<PAD/UNK>
busca_propriedade,Busca e seleção de elementos por propriedade,487,24,int,>,0.1192,25,150,int@BasicType@FormalParameter@MethodDeclaration@IfStatement@BinaryOperation@B...
busca_propriedade,Busca e seleção de elementos por propriedade,494,108,int,nums,0.1115,13,311,int@BasicType@FormalParameter@MethodDeclaration@ReturnStatement@MemberReferen...
busca_propriedade,Busca e seleção de elementos por propriedade,487,24,int,answer,0.0979,6,150,int@BasicType@FormalParameter@MethodDeclaration@LocalVariableDeclaration@Vari...
busca_propriedade,Busca e seleção de elementos por propriedade,494,108,++,=,0.0932,9,311,++@MemberReference@ForControl@ForStatement@BlockStatement@StatementExpression...
busca_propriedade,Busca e seleção de elementos por propriedade,494,108,int,<,0.0863,30,311,int@BasicType@FormalParameter@MethodDeclaration@ForStatement@ForControl@Binar...
busca_propriedade,Busca e seleção de elementos por propriedade,494,108,int,5,0.083,6,311,int@BasicType@LocalVariableDeclaration@BlockStatement@StatementExpression@Ass...
busca_propriedade,Busca e seleção de elementos por propriedade,494,108,int,fourCount,0.0794,8,311,<PAD/UNK>
busca_propriedade,Busca e seleção de elementos por propriedade,494,108,=,=,0.0748,27,311,=@Assignment@StatementExpression@BlockStatement@StatementExpression@Assignment@=
busca_propriedade,Busca e seleção de elementos por propriedade,487,24,<PAD/UNK>,b,0.0708,6,150,<PAD/UNK>
busca_propriedade,Busca e seleção de elementos por propriedade,487,24,int,b,0.0566,14,150,int@BasicType@FormalParameter@MethodDeclaration@FormalParameter@b
busca_propriedade,Busca e seleção de elementos por propriedade,494,108,int,j,0.0441,11,311,int@BasicType@FormalParameter@MethodDeclaration@LocalVariableDeclaration@Vari...
busca_propriedade,Busca e seleção de elementos por propriedade,494,108,nums,5,0.0384,15,311,nums@MemberReference@Assignment@Literal@5
busca_propriedade,Busca e seleção de elementos por propriedade,487,24,&&,>,0.0364,12,150,&&@BinaryOperation@BinaryOperation@>
busca_propriedade,Busca e seleção de elementos por propriedade,494,108,int,nums,0.0363,27,311,int@BasicType@FormalParameter@nums
busca_propriedade,Busca e seleção de elementos por propriedade,494,108,int,out,0.0326,12,311,<PAD/UNK>
busca_propriedade,Busca e seleção de elementos por propriedade,494,108,int,nums,0.0319,23,311,int@BasicType@VariableDeclaration@ForControl@BinaryOperation@BinaryOperation@...
busca_propriedade,Busca e seleção de elementos por propriedade,494,108,int,size,0.0295,7,311,int@BasicType@LocalVariableDeclaration@VariableDeclarator@size
busca_propriedade,Busca e seleção de elementos por propriedade,494,108,nums,<PAD/UNK>,0.0254,5,311,<PAD/UNK>
busca_propriedade,Busca e seleção de elementos por propriedade,494,108,int,++,0.023,16,311,int@BasicType@VariableDeclaration@ForControl@MemberReference@++
busca_propriedade,Busca e seleção de elementos por propriedade,494,108,1,5,0.0229,10,311,1@Literal@BinaryOperation@ArraySelector@MemberReference@Assignment@Literal@5
busca_propriedade,Busca e seleção de elementos por propriedade,487,24,a,21,0.021,5,150,a@MemberReference@BinaryOperation@BinaryOperation@BinaryOperation@BinaryOpera...
busca_propriedade,Busca e seleção de elementos por propriedade,494,108,int,nums,0.0198,8,311,int@BasicType@MethodDeclaration@FormalParameter@nums
busca_propriedade,Busca e seleção de elementos por propriedade,494,108,int,fix45,0.0193,5,311,int@BasicType@MethodDeclaration@fix45
busca_propriedade,Busca e seleção de elementos por propriedade,494,108,<,==,0.018,7,311,<@BinaryOperation@IfStatement@BlockStatement@IfStatement@BinaryOperation@==
busca_propriedade,Busca e seleção de elementos por propriedade,494,108,<,1,0.0169,6,311,<@BinaryOperation@BinaryOperation@Literal@1
busca_propriedade,Busca e seleção de elementos por propriedade,494,108,int,-,0.0124,6,311,int@BasicType@VariableDeclaration@ForControl@BinaryOperation@BinaryOperation@-
busca_propriedade,Busca e seleção de elementos por propriedade,494,108,<,length,0.0124,7,311,<@BinaryOperation@BinaryOperation@MemberReference@length
busca_propriedade,Busca e seleção de elementos por propriedade,494,108,nums,=,0.0121,11,311,nums@MemberReference@BinaryOperation@IfStatement@BlockStatement@StatementExpr...
busca_propriedade,Busca e seleção de elementos por propriedade,494,108,j,==,0.0098,5,311,j@VariableDeclarator@VariableDeclaration@ForControl@BinaryOperation@BinaryOpe...
clump_transition,Detecção de transição em clumps,494,107,int,0,0.8454,28,354,int@BasicType@VariableDeclaration@VariableDeclarator@Literal@0
clump_transition,Detecção de transição em clumps,494,107,nums,=,0.6192,18,354,nums@MemberReference@Assignment@=
clump_transition,Detecção de transição em clumps,494,107,<,==,0.5391,52,354,<@BinaryOperation@ForControl@ForStatement@BlockStatement@IfStatement@BinaryOp...
clump_transition,Detecção de transição em clumps,494,107,int,1,0.4702,43,354,int@BasicType@VariableDeclaration@ForControl@BinaryOperation@BinaryOperation@...
clump_transition,Detecção de transição em clumps,494,107,int,==,0.4532,8,354,int@BasicType@LocalVariableDeclaration@MethodDeclaration@IfStatement@BinaryOp...
clump_transition,Detecção de transição em clumps,494,107,int,end,0.4297,10,354,int@BasicType@LocalVariableDeclaration@VariableDeclarator@end
clump_transition,Detecção de transição em clumps,494,107,int,length,0.4134,33,354,int@BasicType@VariableDeclaration@ForControl@BinaryOperation@MemberReference@...
clump_transition,Detecção de transição em clumps,494,107,nums,==,0.3891,11,354,nums@MemberReference@BinaryOperation@IfStatement@BlockStatement@IfStatement@B...
clump_transition,Detecção de transição em clumps,494,107,int,cur,0.3804,8,354,<PAD/UNK>
clump_transition,Detecção de transição em clumps,494,107,int,<PAD/UNK>,0.358,17,354,<PAD/UNK>
clump_transition,Detecção de transição em clumps,494,107,int,end,0.3292,9,354,int@BasicType@FormalParameter@MethodDeclaration@LocalVariableDeclaration@Vari...
clump_transition,Detecção de transição em clumps,494,107,<,==,0.2657,7,354,<@BinaryOperation@BinaryOperation@BinaryOperation@==
clump_transition,Detecção de transição em clumps,494,107,int,2,0.2357,5,354,int@BasicType@VariableDeclaration@ForControl@BinaryOperation@BinaryOperation@...
clump_transition,Detecção de transição em clumps,494,107,int,1,0.2214,11,354,int@BasicType@VariableDeclaration@VariableDeclarator@Literal@1
clump_transition,Detecção de transição em clumps,494,107,nums,==,0.2055,5,354,nums@FormalParameter@MethodDeclaration@ForStatement@IfStatement@BinaryOperati...
clump_transition,Detecção de transição em clumps,494,107,nums,val,0.1995,5,354,nums@MemberReference@BinaryOperation@MemberReference@val
clump_transition,Detecção de transição em clumps,494,107,int,<,0.1987,54,354,int@BasicType@FormalParameter@MethodDeclaration@ForStatement@ForControl@Binar...
clump_transition,Detecção de transição em clumps,494,107,1,=,0.1732,30,354,1@Literal@BinaryOperation@Assignment@=
clump_transition,Detecção de transição em clumps,494,107,nums,+,0.1715,78,354,nums@MemberReference@BinaryOperation@MemberReference@ArraySelector@BinaryOper...
clump_transition,Detecção de transição em clumps,494,107,<,=,0.1634,8,354,<@BinaryOperation@ForControl@ForStatement@BlockStatement@StatementExpression@...
clump_transition,Detecção de transição em clumps,494,107,int,clump,0.1504,19,354,int@BasicType@FormalParameter@MethodDeclaration@LocalVariableDeclaration@Vari...
clump_transition,Detecção de transição em clumps,494,107,int,cur,0.1307,10,354,int@BasicType@LocalVariableDeclaration@VariableDeclarator@cur
clump_transition,Detecção de transição em clumps,494,107,nums,a,0.1208,7,354,<PAD/UNK>
clump_transition,Detecção de transição em clumps,494,107,int,a,0.1186,5,354,int@BasicType@VariableDeclaration@ForControl@BinaryOperation@MemberReference@a
clump_transition,Detecção de transição em clumps,494,107,int,isClump,0.1158,7,354,int@BasicType@LocalVariableDeclaration@MethodDeclaration@LocalVariableDeclara...
clump_transition,Detecção de transição em clumps,494,107,int,clumps,0.113,23,354,int@BasicType@FormalParameter@MethodDeclaration@LocalVariableDeclaration@Vari...
clump_transition,Detecção de transição em clumps,494,107,nums,==,0.1105,7,354,nums@MemberReference@BinaryOperation@BinaryOperation@BinaryOperation@==
clump_transition,Detecção de transição em clumps,494,107,int,value,0.0961,8,354,<PAD/UNK>
clump_transition,Detecção de transição em clumps,494,107,int,nums,0.0884,46,354,int@BasicType@FormalParameter@nums
clump_transition,Detecção de transição em clumps,494,107,int,n,0.081,11,354,int@BasicType@LocalVariableDeclaration@VariableDeclarator@BinaryOperation@Mem...
clump_transition,Detecção de transição em clumps,494,107,<,1,0.0711,12,354,<@BinaryOperation@BinaryOperation@Literal@1
clump_transition,Detecção de transição em clumps,494,107,1,length,0.069,11,354,1@Literal@VariableDeclarator@VariableDeclaration@ForControl@BinaryOperation@M...
clump_transition,Detecção de transição em clumps,494,107,nums,==,0.0687,46,354,nums@FormalParameter@MethodDeclaration@ForStatement@BlockStatement@IfStatemen...
clump_transition,Detecção de transição em clumps,494,107,nums,2,0.0684,5,354,nums@MemberReference@BinaryOperation@BinaryOperation@ForControl@Assignment@Li...
clump_transition,Detecção de transição em clumps,494,107,int,n,0.0578,5,354,int@BasicType@FormalParameter@n
clump_transition,Detecção de transição em clumps,494,107,++,==,0.057,14,354,++@MemberReference@ForControl@ForStatement@BlockStatement@IfStatement@BinaryO...
clump_transition,Detecção de transição em clumps,494,107,int,n,0.0536,6,354,int@BasicType@FormalParameter@MethodDeclaration@FormalParameter@n
clump_transition,Detecção de transição em clumps,494,107,int,length,0.0523,15,354,int@BasicType@VariableDeclaration@ForControl@BinaryOperation@BinaryOperation@...
clump_transition,Detecção de transição em clumps,494,107,<,length,0.0516,6,354,<@BinaryOperation@MemberReference@length
clump_transition,Detecção de transição em clumps,494,107,int,0,0.0482,7,354,int@BasicType@FormalParameter@MethodDeclaration@LocalVariableDeclaration@Vari...
clump_transition,Detecção de transição em clumps,494,107,int,<,0.0458,5,354,int@BasicType@LocalVariableDeclaration@MethodDeclaration@ForStatement@ForCont...
clump_transition,Detecção de transição em clumps,494,107,int,nums,0.0436,39,354,int@BasicType@VariableDeclaration@ForControl@BinaryOperation@BinaryOperation@...
clump_transition,Detecção de transição em clumps,494,107,int,boolean,0.0434,5,354,int@BasicType@FormalParameter@MethodDeclaration@LocalVariableDeclaration@Basi...
clump_transition,Detecção de transição em clumps,494,107,int,j,0.04,16,354,int@BasicType@VariableDeclaration@VariableDeclarator@j
clump_transition,Detecção de transição em clumps,494,107,int,nums,0.0391,5,354,int@BasicType@MethodDeclaration@FormalParameter@nums
clump_transition,Detecção de transição em clumps,494,107,int,++,0.0388,30,354,int@BasicType@VariableDeclaration@ForControl@MemberReference@++
clump_transition,Detecção de transição em clumps,494,107,clump,=,0.0383,18,354,clump@MemberReference@Assignment@=
clump_transition,Detecção de transição em clumps,494,107,int,j,0.0383,12,354,int@BasicType@VariableDeclaration@ForControl@MemberReference@j
clump_transition,Detecção de transição em clumps,494,107,clump,+,0.0366,5,354,clump@MemberReference@Assignment@BinaryOperation@+
clump_transition,Detecção de transição em clumps,494,107,nums,<,0.0354,9,354,nums@FormalParameter@MethodDeclaration@ForStatement@ForControl@BinaryOperation@<
clump_transition,Detecção de transição em clumps,494,107,<,length,0.0311,15,354,<@BinaryOperation@BinaryOperation@MemberReference@length
clump_transition,Detecção de transição em clumps,494,107,nums,=,0.0288,5,354,nums@FormalParameter@MethodDeclaration@ForStatement@BlockStatement@IfStatemen...
clump_transition,Detecção de transição em clumps,494,107,nums,++,0.024,8,354,nums@MemberReference@BinaryOperation@BinaryOperation@ForControl@MemberReferen...
clump_transition,Detecção de transição em clumps,494,107,i,==,0.0215,6,354,<PAD/UNK>
clump_transition,Detecção de transição em clumps,494,107,end,length,0.0186,6,354,end@VariableDeclarator@BinaryOperation@MemberReference@length
clump_transition,Detecção de transição em clumps,494,107,int,start,0.0177,6,354,int@BasicType@FormalParameter@MethodDeclaration@LocalVariableDeclaration@Vari...
clump_transition,Detecção de transição em clumps,494,107,nums,=,0.016,29,354,nums@MemberReference@BinaryOperation@IfStatement@BlockStatement@StatementExpr...
comparacao_numerica,Comparação numérica e thresholds,439,232,int,vacation,0.9685,155,471,int@BasicType@FormalParameter@MethodDeclaration@FormalParameter@vacation
comparacao_numerica,Comparação numérica e thresholds,439,3,int,+,0.9215,5,309,int@BasicType@FormalParameter@MethodDeclaration@IfStatement@ReturnStatement@B...
comparacao_numerica,Comparação numérica e thresholds,439,13,caughtSpeeding,speed,0.883,142,460,caughtSpeeding@MethodDeclaration@FormalParameter@speed
comparacao_numerica,Comparação numérica e thresholds,439,232,caughtSpeeding,speed,0.8433,25,471,caughtSpeeding@MethodDeclaration@FormalParameter@speed
comparacao_numerica,Comparação numérica e thresholds,439,1,int,sum,0.8354,7,82,int@BasicType@FieldDeclaration@VariableDeclarator@sum
comparacao_numerica,Comparação numérica e thresholds,439,12,int,&&,0.8258,14,94,int@BasicType@FormalParameter@MethodDeclaration@IfStatement@IfStatement@Binar...
comparacao_numerica,Comparação numérica e thresholds,439,236,int,isWeekend,0.6161,18,223,int@BasicType@FormalParameter@MethodDeclaration@IfStatement@MemberReference@i...
comparacao_numerica,Comparação numérica e thresholds,439,236,int,&&,0.6158,8,223,int@BasicType@FormalParameter@MethodDeclaration@IfStatement@IfStatement@Binar...
comparacao_numerica,Comparação numérica e thresholds,439,3,outsideMode,1,0.6146,5,309,outsideMode@MemberReference@BinaryOperation@BinaryOperation@BinaryOperation@L...
comparacao_numerica,Comparação numérica e thresholds,439,234,boolean,isWeekend,0.6089,10,197,boolean@BasicType@FormalParameter@MethodDeclaration@IfStatement@BinaryOperati...
comparacao_numerica,Comparação numérica e thresholds,439,234,int,isWeekend,0.5905,31,197,int@BasicType@FormalParameter@MethodDeclaration@IfStatement@MemberReference@i...
comparacao_numerica,Comparação numérica e thresholds,439,1,b,==,0.5684,13,82,b@FormalParameter@MethodDeclaration@IfStatement@BinaryOperation@BinaryOperati...
comparacao_numerica,Comparação numérica e thresholds,439,1,int,sum,0.5619,6,82,int@BasicType@FormalParameter@MethodDeclaration@LocalVariableDeclaration@Vari...
comparacao_numerica,Comparação numérica e thresholds,439,3,boolean,num,0.5579,6,309,<PAD/UNK>
comparacao_numerica,Comparação numérica e thresholds,439,3,outsideMode,10,0.5506,17,309,outsideMode@FormalParameter@MethodDeclaration@IfStatement@BinaryOperation@Bin...
comparacao_numerica,Comparação numérica e thresholds,439,3,outsideMode,true,0.5462,17,309,outsideMode@MemberReference@IfStatement@BlockStatement@IfStatement@ReturnStat...
comparacao_numerica,Comparação numérica e thresholds,439,3,outsideMode,n,0.5459,13,309,outsideMode@MemberReference@BinaryOperation@BinaryOperation@MemberReference@n
comparacao_numerica,Comparação numérica e thresholds,439,233,int,sum,0.5413,9,250,int@BasicType@FormalParameter@MethodDeclaration@LocalVariableDeclaration@Vari...
comparacao_numerica,Comparação numérica e thresholds,487,20,&&,=,0.5329,6,152,<PAD/UNK>
comparacao_numerica,Comparação numérica e thresholds,439,3,outsideMode,>=,0.5293,10,309,outsideMode@MemberReference@IfStatement@IfStatement@BinaryOperation@BinaryOpe...
comparacao_numerica,Comparação numérica e thresholds,439,3,outsideMode,==,0.5202,6,309,outsideMode@FormalParameter@MethodDeclaration@IfStatement@BinaryOperation@==
comparacao_numerica,Comparação numérica e thresholds,439,236,c,==,0.5007,10,223,c@MemberReference@BinaryOperation@BinaryOperation@BinaryOperation@BinaryOpera...
comparacao_numerica,Comparação numérica e thresholds,439,3,outsideMode,>=,0.5006,23,309,outsideMode@FormalParameter@MethodDeclaration@IfStatement@IfStatement@BinaryO...
comparacao_numerica,Comparação numérica e thresholds,439,3,int,>=,0.4907,12,309,int@BasicType@LocalVariableDeclaration@MethodDeclaration@IfStatement@BinaryOp...
comparacao_numerica,Comparação numérica e thresholds,439,12,int,&&,0.4882,7,94,int@BasicType@FormalParameter@MethodDeclaration@IfStatement@BinaryOperation@B...
comparacao_numerica,Comparação numérica e thresholds,439,234,int,isWeekend,0.4517,68,197,int@BasicType@FormalParameter@MethodDeclaration@FormalParameter@isWeekend
comparacao_numerica,Comparação numérica e thresholds,439,3,int,boolean,0.4477,23,309,int@BasicType@FormalParameter@MethodDeclaration@LocalVariableDeclaration@Basi...
comparacao_numerica,Comparação numérica e thresholds,439,236,int,isWeekend,0.4377,32,223,int@BasicType@FormalParameter@MethodDeclaration@FormalParameter@isWeekend
comparacao_numerica,Comparação numérica e thresholds,439,232,int,&&,0.4364,6,471,int@BasicType@FormalParameter@MethodDeclaration@IfStatement@BinaryOperation@B...
comparacao_numerica,Comparação numérica e thresholds,439,233,b,==,0.4297,61,250,b@FormalParameter@MethodDeclaration@IfStatement@BinaryOperation@BinaryOperati...
comparacao_numerica,Comparação numérica e thresholds,487,100,int,21,0.4229,6,52,int@BasicType@FormalParameter@MethodDeclaration@IfStatement@BinaryOperation@L...
comparacao_numerica,Comparação numérica e thresholds,439,236,b,==,0.419,39,223,b@FormalParameter@MethodDeclaration@IfStatement@BinaryOperation@BinaryOperati...
comparacao_numerica,Comparação numérica e thresholds,487,24,int,b,0.4149,15,150,int@BasicType@FormalParameter@b
comparacao_numerica,Comparação numérica e thresholds,487,100,int,d,0.4079,6,52,<PAD/UNK>
comparacao_numerica,Comparação numérica e thresholds,487,22,>=,fixTeen,0.4013,19,288,<PAD/UNK>
comparacao_numerica,Comparação numérica e thresholds,439,234,int,&&,0.3934,5,197,int@BasicType@FormalParameter@MethodDeclaration@IfStatement@IfStatement@Binar...
comparacao_numerica,Comparação numérica e thresholds,487,25,||,||,0.3926,7,218,<PAD/UNK>
comparacao_numerica,Comparação numérica e thresholds,487,102,without2,str,0.3878,291,571,without2@MethodDeclaration@FormalParameter@str
comparacao_numerica,Comparação numérica e thresholds,487,21,int,=,0.3844,6,113,<PAD/UNK>
comparacao_numerica,Comparação numérica e thresholds,439,232,int,&&,0.3817,13,471,int@BasicType@FormalParameter@MethodDeclaration@IfStatement@IfStatement@Binar...
comparacao_numerica,Comparação numérica e thresholds,439,236,int,&&,0.381,28,223,int@BasicType@FormalParameter@MethodDeclaration@IfStatement@BinaryOperation@B...
comparacao_numerica,Comparação numérica e thresholds,487,25,without2,str,0.378,13,218,without2@MethodDeclaration@FormalParameter@str
comparacao_numerica,Comparação numérica e thresholds,487,25,big,c,0.3764,5,218,<PAD/UNK>
comparacao_numerica,Comparação numérica e thresholds,439,3,outsideMode,>=,0.3752,5,309,outsideMode@MemberReference@BinaryOperation@BinaryOperation@BinaryOperation@>=
comparacao_numerica,Comparação numérica e thresholds,487,102,without2,str,0.3674,11,571,<PAD/UNK>
comparacao_numerica,Comparação numérica e thresholds,439,234,int,||,0.3631,36,197,int@BasicType@FormalParameter@MethodDeclaration@IfStatement@BinaryOperation@||
comparacao_numerica,Comparação numérica e thresholds,487,102,without2,str,0.359,83,571,without2@MethodDeclaration@IfStatement@BinaryOperation@MethodInvocation@str
comparacao_numerica,Comparação numérica e thresholds,487,22,int,b,0.3545,64,288,int@BasicType@FormalParameter@b
comparacao_numerica,Comparação numérica e thresholds,439,13,int,speed,0.3525,57,460,int@BasicType@MethodDeclaration@FormalParameter@speed
comparacao_numerica,Comparação numérica e thresholds,439,3,outsideMode,>=,0.3481,12,309,outsideMode@FormalParameter@MethodDeclaration@IfStatement@BinaryOperation@Bin...
comparacao_numerica,Comparação numérica e thresholds,439,3,int,sum,0.3366,21,309,int@BasicType@FormalParameter@MethodDeclaration@LocalVariableDeclaration@Vari...
comparacao_numerica,Comparação numérica e thresholds,487,20,int,c,0.3353,35,152,int@BasicType@FormalParameter@c
comparacao_numerica,Comparação numérica e thresholds,439,3,int,&&,0.3335,5,309,int@BasicType@FormalParameter@MethodDeclaration@IfStatement@IfStatement@Binar...
comparacao_numerica,Comparação numérica e thresholds,487,25,int,c,0.333,31,218,int@BasicType@FormalParameter@c
comparacao_numerica,Comparação numérica e thresholds,487,25,int,==,0.3255,10,218,int@BasicType@FormalParameter@MethodDeclaration@IfStatement@IfStatement@Binar...
comparacao_numerica,Comparação numérica e thresholds,439,233,boolean,boolean,0.325,84,250,boolean@BasicType@FormalParameter@MethodDeclaration@FormalParameter@BasicType...
comparacao_numerica,Comparação numérica e thresholds,439,232,int,speed,0.3227,20,471,int@BasicType@MethodDeclaration@FormalParameter@speed
comparacao_numerica,Comparação numérica e thresholds,439,236,b,&&,0.3188,10,223,b@MemberReference@BinaryOperation@BinaryOperation@IfStatement@IfStatement@Bin...
comparacao_numerica,Comparação numérica e thresholds,487,102,<PAD/UNK>,str,0.3183,29,571,<PAD/UNK>
comparacao_numerica,Comparação numérica e thresholds,439,233,int,true,0.3164,17,250,int@BasicType@FormalParameter@MethodDeclaration@IfStatement@ReturnStatement@L...
comparacao_numerica,Comparação numérica e thresholds,487,22,&&,fixTeen,0.3153,23,288,<PAD/UNK>
comparacao_numerica,Comparação numérica e thresholds,487,22,int,fixTeen,0.3084,26,288,int@BasicType@FormalParameter@MethodDeclaration@ReturnStatement@BinaryOperati...
comparacao_numerica,Comparação numérica e thresholds,439,233,boolean,<PAD/UNK>,0.308,18,250,<PAD/UNK>
comparacao_numerica,Comparação numérica e thresholds,487,25,space,=,0.308,14,218,<PAD/UNK>
comparacao_numerica,Comparação numérica e thresholds,487,102,int,fixTeen,0.3047,8,571,int@BasicType@FormalParameter@MethodDeclaration@ReturnStatement@BinaryOperati...
comparacao_numerica,Comparação numérica e thresholds,487,25,int,c,0.3029,96,218,int@BasicType@FormalParameter@MethodDeclaration@FormalParameter@c
comparacao_numerica,Comparação numérica e thresholds,487,22,b,=,0.302,13,288,<PAD/UNK>
comparacao_numerica,Comparação numérica e thresholds,487,102,0,str,0.2998,6,571,<PAD/UNK>
comparacao_numerica,Comparação numérica e thresholds,487,21,13,=,0.2958,12,113,<PAD/UNK>
comparacao_numerica,Comparação numérica e thresholds,487,20,&&,c,0.2934,7,152,<PAD/UNK>
comparacao_numerica,Comparação numérica e thresholds,487,102,length,str,0.2908,11,571,<PAD/UNK>
comparacao_numerica,Comparação numérica e thresholds,439,236,int,=,0.2868,36,223,int@BasicType@FormalParameter@MethodDeclaration@IfStatement@Assignment@=
comparacao_numerica,Comparação numérica e thresholds,439,233,int,=,0.2866,10,250,int@BasicType@FormalParameter@MethodDeclaration@IfStatement@Assignment@=
comparacao_numerica,Comparação numérica e thresholds,439,3,outsideMode,true,0.2849,13,309,outsideMode@FormalParameter@MethodDeclaration@IfStatement@BlockStatement@Retu...
comparacao_numerica,Comparação numérica e thresholds,439,12,isSummer,&&,0.2825,15,94,isSummer@MemberReference@IfStatement@BlockStatement@IfStatement@BinaryOperati...
comparacao_numerica,Comparação numérica e thresholds,487,22,int,fixTeen,0.2789,11,288,int@BasicType@FormalParameter@MethodDeclaration@StatementExpression@Assignmen...
comparacao_numerica,Comparação numérica e thresholds,487,20,int,==,0.2737,8,152,int@BasicType@FormalParameter@MethodDeclaration@IfStatement@BinaryOperation@B...
comparacao_numerica,Comparação numérica e thresholds,487,21,int,c,0.2697,27,113,int@BasicType@FormalParameter@c
comparacao_numerica,Comparação numérica e thresholds,439,3,outsideMode,true,0.2688,11,309,outsideMode@MemberReference@BinaryOperation@IfStatement@BlockStatement@Return...
comparacao_numerica,Comparação numérica e thresholds,487,20,int,c,0.2658,91,152,int@BasicType@FormalParameter@MethodDeclaration@FormalParameter@c
comparacao_numerica,Comparação numérica e thresholds,439,3,outsideMode,x,0.2654,8,309,<PAD/UNK>
comparacao_numerica,Comparação numérica e thresholds,439,3,int,||,0.2635,5,309,int@BasicType@FormalParameter@MethodDeclaration@IfStatement@BinaryOperation@||
comparacao_numerica,Comparação numérica e thresholds,487,17,int,c,0.2623,19,54,int@BasicType@FormalParameter@c
comparacao_numerica,Comparação numérica e thresholds,487,24,0,<=,0.2615,6,150,<PAD/UNK>
comparacao_numerica,Comparação numérica e thresholds,487,102,without2,str,0.2597,21,571,without2@MethodDeclaration@IfStatement@BinaryOperation@BinaryOperation@Method...
comparacao_numerica,Comparação numérica e thresholds,439,233,int,6,0.2589,7,250,int@BasicType@FormalParameter@MethodDeclaration@IfStatement@BinaryOperation@L...
comparacao_numerica,Comparação numérica e thresholds,487,21,int,==,0.2567,5,113,int@BasicType@FormalParameter@MethodDeclaration@IfStatement@BinaryOperation@B...
comparacao_numerica,Comparação numérica e thresholds,439,236,int,=,0.2566,37,223,int@BasicType@FormalParameter@MethodDeclaration@IfStatement@Assignment@Assign...
comparacao_numerica,Comparação numérica e thresholds,487,102,without2,str,0.2565,14,571,without2@MethodDeclaration@IfStatement@ReturnStatement@MemberReference@str
comparacao_numerica,Comparação numérica e thresholds,487,102,int,end,0.2548,5,571,<PAD/UNK>
comparacao_numerica,Comparação numérica e thresholds,439,236,c,==,0.2536,9,223,c@FormalParameter@MethodDeclaration@IfStatement@IfStatement@BinaryOperation@B...
comparacao_numerica,Comparação numérica e thresholds,487,22,int,==,0.2532,36,288,int@BasicType@FormalParameter@MethodDeclaration@IfStatement@BinaryOperation@B...
comparacao_numerica,Comparação numérica e thresholds,487,102,front,str,0.2495,14,571,<PAD/UNK>
comparacao_numerica,Comparação numérica e thresholds,487,102,int,<PAD/UNK>,0.2428,5,571,<PAD/UNK>
comparacao_numerica,Comparação numérica e thresholds,487,102,without2,str,0.2418,14,571,without2@MethodDeclaration@IfStatement@BlockStatement@IfStatement@MethodInvoc...
comparacao_numerica,Comparação numérica e thresholds,487,100,int,c,0.2418,18,52,int@BasicType@FormalParameter@MethodDeclaration@FormalParameter@c
comparacao_numerica,Comparação numérica e thresholds,439,232,boolean,week,0.2389,5,471,boolean@BasicType@FormalParameter@MethodDeclaration@LocalVariableDeclaration@...
comparacao_numerica,Comparação numérica e thresholds,439,233,int,=,0.2388,6,250,int@BasicType@FormalParameter@MethodDeclaration@IfStatement@Assignment@Assign...
comparacao_numerica,Comparação numérica e thresholds,439,233,int,-,0.2381,9,250,int@BasicType@LocalVariableDeclaration@MethodDeclaration@LocalVariableDeclara...
comparacao_numerica,Comparação numérica e thresholds,487,102,part1,str,0.237,6,571,<PAD/UNK>
comparacao_numerica,Comparação numérica e thresholds,439,1,b,=,0.2353,5,82,b@MemberReference@BinaryOperation@Assignment@=
comparacao_numerica,Comparação numérica e thresholds,439,232,day,vacation,0.2347,10,471,day@MemberReference@BinaryOperation@BinaryOperation@BinaryOperation@MemberRef...
comparacao_numerica,Comparação numérica e thresholds,487,102,int,goal,0.2332,12,571,int@BasicType@FormalParameter@MethodDeclaration@FormalParameter@goal
comparacao_numerica,Comparação numérica e thresholds,487,22,b,20,0.2322,8,288,<PAD/UNK>
comparacao_numerica,Comparação numérica e thresholds,487,22,<PAD/UNK>,=,0.2314,6,288,<PAD/UNK>
comparacao_numerica,Comparação numérica e thresholds,487,22,||,19,0.2306,7,288,<PAD/UNK>
comparacao_numerica,Comparação numérica e thresholds,487,25,&&,==,0.23,5,218,<PAD/UNK>
comparacao_numerica,Comparação numérica e thresholds,487,22,a,fixTeen,0.2298,8,288,<PAD/UNK>
comparacao_numerica,Comparação numérica e thresholds,439,3,outsideMode,>=,0.2297,70,309,outsideMode@MemberReference@IfStatement@BlockStatement@IfStatement@BinaryOper...
comparacao_numerica,Comparação numérica e thresholds,487,17,int,==,0.229,19,54,int@BasicType@FormalParameter@MethodDeclaration@IfStatement@BinaryOperation@B...
comparacao_numerica,Comparação numérica e thresholds,487,24,<=,21,0.2285,5,150,<PAD/UNK>
comparacao_numerica,Comparação numérica e thresholds,487,102,without2,str,0.2284,5,571,without2@MethodDeclaration@LocalVariableDeclaration@VariableDeclarator@Method...
comparacao_numerica,Comparação numérica e thresholds,487,102,without2,str,0.2281,35,571,without2@MethodDeclaration@IfStatement@BlockStatement@IfStatement@BinaryOpera...
comparacao_numerica,Comparação numérica e thresholds,439,233,b,6,0.2275,7,250,b@MemberReference@BinaryOperation@MethodInvocation@BinaryOperation@Literal@6
comparacao_numerica,Comparação numérica e thresholds,439,3,int,outsideMode,0.2261,35,309,int@BasicType@FormalParameter@MethodDeclaration@IfStatement@MemberReference@o...
comparacao_numerica,Comparação numérica e thresholds,487,21,<PAD/UNK>,=,0.2257,21,113,<PAD/UNK>
comparacao_numerica,Comparação numérica e thresholds,487,20,int,=,0.2252,5,152,int@BasicType@LocalVariableDeclaration@MethodDeclaration@StatementExpression@...
comparacao_numerica,Comparação numérica e thresholds,439,234,int,||,0.2251,10,197,int@BasicType@FormalParameter@MethodDeclaration@IfStatement@IfStatement@Binar...
comparacao_numerica,Comparação numérica e thresholds,439,232,5,vacation,0.225,5,471,5@Literal@BinaryOperation@BinaryOperation@BinaryOperation@MemberReference@vac...
comparacao_numerica,Comparação numérica e thresholds,439,236,c,=,0.225,12,223,c@FormalParameter@MethodDeclaration@IfStatement@IfStatement@Assignment@Assign...
comparacao_numerica,Comparação numérica e thresholds,487,102,o,str,0.224,12,571,<PAD/UNK>
comparacao_numerica,Comparação numérica e thresholds,439,3,outsideMode,&&,0.221,8,309,outsideMode@MemberReference@IfStatement@BlockStatement@IfStatement@BinaryOper...
comparacao_numerica,Comparação numérica e thresholds,487,102,b,str,0.2208,12,571,<PAD/UNK>
comparacao_numerica,Comparação numérica e thresholds,439,232,day,4,0.2204,16,471,day@MemberReference@BinaryOperation@Literal@4
comparacao_numerica,Comparação numérica e thresholds,487,17,int,c,0.2169,39,54,int@BasicType@FormalParameter@MethodDeclaration@FormalParameter@c
comparacao_numerica,Comparação numérica e thresholds,439,236,int,c,0.2157,47,223,int@BasicType@FormalParameter@c
comparacao_numerica,Comparação numérica e thresholds,439,236,c,10,0.2141,9,223,c@MemberReference@BinaryOperation@IfStatement@BlockStatement@ReturnStatement@...
comparacao_numerica,Comparação numérica e thresholds,487,102,a,str,0.2125,7,571,<PAD/UNK>
comparacao_numerica,Comparação numérica e thresholds,439,3,outsideMode,10,0.2124,6,309,<PAD/UNK>
comparacao_numerica,Comparação numérica e thresholds,439,234,boolean,isWeekend,0.2113,6,197,boolean@BasicType@LocalVariableDeclaration@MethodDeclaration@IfStatement@Memb...
comparacao_numerica,Comparação numérica e thresholds,487,22,13,19,0.211,10,288,<PAD/UNK>
comparacao_numerica,Comparação numérica e thresholds,487,21,atFirst,str,0.2099,5,113,atFirst@MethodDeclaration@FormalParameter@str
comparacao_numerica,Comparação numérica e thresholds,487,102,>,str,0.2062,11,571,<PAD/UNK>
comparacao_numerica,Comparação numérica e thresholds,487,102,without2,-,0.2054,14,571,<PAD/UNK>
comparacao_numerica,Comparação numérica e thresholds,487,17,int,2,0.2054,6,54,int@BasicType@FormalParameter@MethodDeclaration@IfStatement@BinaryOperation@L...
comparacao_numerica,Comparação numérica e thresholds,487,102,&&,str,0.205,5,571,<PAD/UNK>
comparacao_numerica,Comparação numérica e thresholds,487,21,int,c,0.2044,52,113,int@BasicType@FormalParameter@MethodDeclaration@FormalParameter@c
comparacao_numerica,Comparação numérica e thresholds,439,12,outsideMode,>=,0.2039,10,94,outsideMode@MemberReference@IfStatement@BlockStatement@IfStatement@BinaryOper...
comparacao_numerica,Comparação numérica e thresholds,487,25,int,j,0.2037,9,218,<PAD/UNK>
comparacao_numerica,Comparação numérica e thresholds,487,22,0,||,0.2018,11,288,<PAD/UNK>
comparacao_numerica,Comparação numérica e thresholds,439,3,outsideMode,true,0.2015,9,309,outsideMode@MemberReference@BinaryOperation@Literal@true
comparacao_numerica,Comparação numérica e thresholds,487,102,without2,str,0.1992,6,571,without2@MethodDeclaration@IfStatement@BlockStatement@ReturnStatement@BinaryO...
comparacao_numerica,Comparação numérica e thresholds,487,102,without2,<PAD/UNK>,0.1982,21,571,<PAD/UNK>
comparacao_numerica,Comparação numérica e thresholds,487,102,without2,start,0.1978,5,571,<PAD/UNK>
comparacao_numerica,Comparação numérica e thresholds,439,236,boolean,isWeekend,0.1971,12,223,boolean@BasicType@FormalParameter@isWeekend
comparacao_numerica,Comparação numérica e thresholds,487,20,int,c,0.1971,5,152,int@BasicType@FormalParameter@MethodDeclaration@IfStatement@BinaryOperation@M...
comparacao_numerica,Comparação numérica e thresholds,439,233,b,6,0.1954,9,250,b@MemberReference@BinaryOperation@BinaryOperation@BinaryOperation@BinaryOpera...
comparacao_numerica,Comparação numérica e thresholds,439,234,boolean,isWeekend,0.1952,49,197,boolean@BasicType@FormalParameter@isWeekend
comparacao_numerica,Comparação numérica e thresholds,487,102,charAt,str,0.1943,21,571,<PAD/UNK>
comparacao_numerica,Comparação numérica e thresholds,487,102,without2,length,0.1939,6,571,<PAD/UNK>
comparacao_numerica,Comparação numérica e thresholds,487,17,int,<PAD/UNK>,0.1934,6,54,<PAD/UNK>
comparacao_numerica,Comparação numérica e thresholds,487,25,b,/,0.1926,5,218,<PAD/UNK>
comparacao_numerica,Comparação numérica e thresholds,487,25,int,==,0.1926,22,218,int@BasicType@FormalParameter@MethodDeclaration@IfStatement@BinaryOperation@B...
comparacao_numerica,Comparação numérica e thresholds,487,21,int,answer,0.1925,5,113,int@BasicType@FormalParameter@MethodDeclaration@LocalVariableDeclaration@Vari...
comparacao_numerica,Comparação numérica e thresholds,487,102,without2,substring,0.1922,20,571,without2@MethodDeclaration@LocalVariableDeclaration@VariableDeclarator@Method...
comparacao_numerica,Comparação numérica e thresholds,487,100,int,b,0.1889,22,52,int@BasicType@FormalParameter@b
comparacao_numerica,Comparação numérica e thresholds,487,22,b,fixTeen,0.1871,22,288,<PAD/UNK>
comparacao_numerica,Comparação numérica e thresholds,439,232,day,vacation,0.1863,5,471,day@FormalParameter@MethodDeclaration@IfStatement@BinaryOperation@BinaryOpera...
comparacao_numerica,Comparação numérica e thresholds,487,100,int,c,0.1837,9,52,int@BasicType@FormalParameter@c
comparacao_numerica,Comparação numérica e thresholds,439,3,outsideMode,&&,0.1836,7,309,outsideMode@MemberReference@IfStatement@IfStatement@BinaryOperation@&&
comparacao_numerica,Comparação numérica e thresholds,439,236,int,||,0.1805,7,223,int@BasicType@FormalParameter@MethodDeclaration@IfStatement@IfStatement@Binar...
comparacao_numerica,Comparação numérica e thresholds,439,3,outsideMode,outsideMode,0.1801,47,309,outsideMode@FormalParameter@MethodDeclaration@IfStatement@MemberReference@out...
comparacao_numerica,Comparação numérica e thresholds,487,24,<PAD/UNK>,21,0.1787,6,150,<PAD/UNK>
comparacao_numerica,Comparação numérica e thresholds,439,232,int,2,0.1775,18,471,int@BasicType@LocalVariableDeclaration@MethodDeclaration@LocalVariableDeclara...
comparacao_numerica,Comparação numérica e thresholds,487,22,&&,c,0.1764,15,288,<PAD/UNK>
comparacao_numerica,Comparação numérica e thresholds,439,232,int,speed,0.1749,10,471,int@BasicType@FormalParameter@speed
comparacao_numerica,Comparação numérica e thresholds,487,17,int,=,0.174,13,54,int@BasicType@FormalParameter@MethodDeclaration@IfStatement@Assignment@=
comparacao_numerica,Comparação numérica e thresholds,487,25,int,diffAC,0.1736,5,218,<PAD/UNK>
comparacao_numerica,Comparação numérica e thresholds,487,102,int,str,0.1733,44,571,int@BasicType@LocalVariableDeclaration@VariableDeclarator@MethodInvocation@str
comparacao_numerica,Comparação numérica e thresholds,487,102,without2,str,0.1732,11,571,without2@MethodDeclaration@IfStatement@BlockStatement@StatementExpression@Ass...
comparacao_numerica,Comparação numérica e thresholds,487,24,int,<PAD/UNK>,0.1731,8,150,<PAD/UNK>
comparacao_numerica,Comparação numérica e thresholds,487,21,int,<PAD/UNK>,0.1726,23,113,<PAD/UNK>
comparacao_numerica,Comparação numérica e thresholds,487,102,len,str,0.1719,7,571,<PAD/UNK>
comparacao_numerica,Comparação numérica e thresholds,487,20,b,c,0.1714,19,152,b@MemberReference@BinaryOperation@IfStatement@IfStatement@BinaryOperation@Mem...
comparacao_numerica,Comparação numérica e thresholds,439,3,boolean,==,0.1712,6,309,boolean@BasicType@FormalParameter@MethodDeclaration@IfStatement@BinaryOperati...
comparacao_numerica,Comparação numérica e thresholds,439,233,int,||,0.1709,62,250,int@BasicType@FormalParameter@MethodDeclaration@IfStatement@BinaryOperation@||
comparacao_numerica,Comparação numérica e thresholds,439,3,outsideMode,10,0.1704,6,309,outsideMode@MemberReference@IfStatement@IfStatement@BinaryOperation@BinaryOpe...
comparacao_numerica,Comparação numérica e thresholds,487,22,<,fixTeen,0.1699,19,288,<PAD/UNK>
comparacao_numerica,Comparação numérica e thresholds,487,102,int,c,0.1694,14,571,int@BasicType@FormalParameter@MethodDeclaration@FormalParameter@c
comparacao_numerica,Comparação numérica e thresholds,487,22,int,c,0.1688,133,288,int@BasicType@FormalParameter@c
comparacao_numerica,Comparação numérica e thresholds,487,102,i,str,0.1674,10,571,<PAD/UNK>
comparacao_numerica,Comparação numérica e thresholds,487,102,without2,str,0.1662,6,571,without2@MethodDeclaration@IfStatement@IfStatement@BinaryOperation@MethodInvo...
comparacao_numerica,Comparação numérica e thresholds,487,22,int,<PAD/UNK>,0.1659,8,288,<PAD/UNK>
comparacao_numerica,Comparação numérica e thresholds,439,3,outsideMode,&&,0.1657,19,309,outsideMode@FormalParameter@MethodDeclaration@IfStatement@BinaryOperation@&&
comparacao_numerica,Comparação numérica e thresholds,439,232,day,!=,0.1652,8,471,day@MemberReference@BinaryOperation@BinaryOperation@BinaryOperation@!=
comparacao_numerica,Comparação numérica e thresholds,439,236,int,=,0.1647,18,223,int@BasicType@FormalParameter@MethodDeclaration@IfStatement@BinaryOperation@A...
comparacao_numerica,Comparação numérica e thresholds,487,102,substring,str,0.1646,5,571,<PAD/UNK>
comparacao_numerica,Comparação numérica e thresholds,487,20,int,!=,0.1636,12,152,int@BasicType@FormalParameter@MethodDeclaration@IfStatement@BinaryOperation@B...
comparacao_numerica,Comparação numérica e thresholds,487,20,int,==,0.1622,10,152,int@BasicType@FormalParameter@MethodDeclaration@IfStatement@IfStatement@Binar...
comparacao_numerica,Comparação numérica e thresholds,439,232,day,vacation,0.1604,29,471,day@FormalParameter@MethodDeclaration@IfStatement@MemberReference@vacation
comparacao_numerica,Comparação numérica e thresholds,487,25,<PAD/UNK>,abs,0.1589,17,218,<PAD/UNK>
comparacao_numerica,Comparação numérica e thresholds,439,232,boolean,vacation,0.1582,69,471,boolean@BasicType@FormalParameter@MethodDeclaration@IfStatement@MemberReferen...
comparacao_numerica,Comparação numérica e thresholds,487,21,13,x,0.1566,7,113,<PAD/UNK>
comparacao_numerica,Comparação numérica e thresholds,487,20,<PAD/UNK>,=,0.156,14,152,<PAD/UNK>
comparacao_numerica,Comparação numérica e thresholds,487,25,small,&&,0.1555,10,218,<PAD/UNK>
comparacao_numerica,Comparação numérica e thresholds,487,102,without2,str,0.1554,28,571,without2@MethodDeclaration@IfStatement@BlockStatement@ReturnStatement@MethodI...
comparacao_numerica,Comparação numérica e thresholds,439,234,int,boolean,0.1552,9,197,int@BasicType@FormalParameter@MethodDeclaration@LocalVariableDeclaration@Basi...
comparacao_numerica,Comparação numérica e thresholds,439,236,c,==,0.1541,22,223,c@FormalParameter@MethodDeclaration@IfStatement@BinaryOperation@BinaryOperati...
comparacao_numerica,Comparação numérica e thresholds,487,22,int,10,0.1538,8,288,int@BasicType@FormalParameter@MethodDeclaration@IfStatement@ReturnStatement@L...
comparacao_numerica,Comparação numérica e thresholds,487,102,without2,str,0.1509,21,571,without2@MethodDeclaration@IfStatement@BlockStatement@ReturnStatement@MemberR...
comparacao_numerica,Comparação numérica e thresholds,439,233,int,||,0.1503,10,250,int@BasicType@FormalParameter@MethodDeclaration@IfStatement@IfStatement@Binar...
comparacao_numerica,Comparação numérica e thresholds,487,25,<PAD/UNK>,=,0.1499,64,218,<PAD/UNK>
comparacao_numerica,Comparação numérica e thresholds,487,21,int,=,0.1496,7,113,int@BasicType@LocalVariableDeclaration@MethodDeclaration@IfStatement@Statemen...
comparacao_numerica,Comparação numérica e thresholds,487,102,int,c,0.149,9,571,int@BasicType@FormalParameter@c
comparacao_numerica,Comparação numérica e thresholds,487,22,!=,fixTeen,0.1488,6,288,<PAD/UNK>
comparacao_numerica,Comparação numérica e thresholds,487,25,int,<PAD/UNK>,0.1479,66,218,<PAD/UNK>
comparacao_numerica,Comparação numérica e thresholds,439,236,b,==,0.1475,33,223,b@FormalParameter@MethodDeclaration@IfStatement@BinaryOperation@==
comparacao_numerica,Comparação numérica e thresholds,439,233,boolean,boolean,0.1472,34,250,boolean@BasicType@MethodDeclaration@FormalParameter@BasicType@boolean
comparacao_numerica,Comparação numérica e thresholds,487,24,&&,answer,0.1452,5,150,<PAD/UNK>
comparacao_numerica,Comparação numérica e thresholds,487,102,without2,str,0.145,8,571,without2@MethodDeclaration@IfStatement@BlockStatement@StatementExpression@Ass...
comparacao_numerica,Comparação numérica e thresholds,439,12,int,boolean,0.1445,16,94,int@BasicType@FormalParameter@MethodDeclaration@FormalParameter@BasicType@boo...
comparacao_numerica,Comparação numérica e thresholds,439,236,b,=,0.1435,15,223,b@MemberReference@Assignment@Assignment@=
comparacao_numerica,Comparação numérica e thresholds,439,1,int,||,0.1435,12,82,int@BasicType@FormalParameter@MethodDeclaration@IfStatement@BinaryOperation@||
comparacao_numerica,Comparação numérica e thresholds,439,236,c,10,0.1416,12,223,c@FormalParameter@MethodDeclaration@IfStatement@BlockStatement@ReturnStatemen...
comparacao_numerica,Comparação numérica e thresholds,439,3,int,&&,0.1403,12,309,int@BasicType@FormalParameter@MethodDeclaration@IfStatement@BinaryOperation@B...
comparacao_numerica,Comparação numérica e thresholds,439,3,outsideMode,&&,0.1402,11,309,outsideMode@FormalParameter@MethodDeclaration@IfStatement@IfStatement@BinaryO...
comparacao_numerica,Comparação numérica e thresholds,439,1,private,sum,0.139,7,82,private@Modifier@FieldDeclaration@VariableDeclarator@sum
comparacao_numerica,Comparação numérica e thresholds,487,22,int,fixTeen,0.1383,9,288,int@BasicType@LocalVariableDeclaration@VariableDeclarator@BinaryOperation@Met...
comparacao_numerica,Comparação numérica e thresholds,487,102,int,str,0.1378,23,571,int@BasicType@LocalVariableDeclaration@MethodDeclaration@LocalVariableDeclara...
comparacao_numerica,Comparação numérica e thresholds,487,102,0,str,0.1366,9,571,0@Literal@MethodInvocation@IfStatement@BlockStatement@ReturnStatement@MethodI...
comparacao_numerica,Comparação numérica e thresholds,439,232,int,week,0.136,5,471,int@BasicType@FormalParameter@MethodDeclaration@LocalVariableDeclaration@Vari...
comparacao_numerica,Comparação numérica e thresholds,487,21,int,x,0.1344,5,113,int@BasicType@FormalParameter@MethodDeclaration@LocalVariableDeclaration@Vari...
comparacao_numerica,Comparação numérica e thresholds,487,22,int,c,0.1342,142,288,int@BasicType@FormalParameter@MethodDeclaration@FormalParameter@c
comparacao_numerica,Comparação numérica e thresholds,487,102,atFirst,str,0.1335,5,571,atFirst@MethodDeclaration@FormalParameter@str
comparacao_numerica,Comparação numérica e thresholds,487,102,begin,str,0.1319,32,571,<PAD/UNK>
comparacao_numerica,Comparação numérica e thresholds,439,236,c,=,0.1281,10,223,c@MemberReference@Assignment@=
comparacao_numerica,Comparação numérica e thresholds,487,25,<PAD/UNK>,b,0.1276,9,218,<PAD/UNK>
comparacao_numerica,Comparação numérica e thresholds,487,25,<PAD/UNK>,false,0.1274,7,218,<PAD/UNK>
comparacao_numerica,Comparação numérica e thresholds,487,100,int,round10,0.1261,6,52,int@BasicType@FormalParameter@MethodDeclaration@StatementExpression@Assignmen...
comparacao_numerica,Comparação numérica e thresholds,439,12,outsideMode,outsideMode,0.1254,6,94,outsideMode@FormalParameter@MethodDeclaration@IfStatement@MemberReference@out...
comparacao_numerica,Comparação numérica e thresholds,439,236,c,=,0.1253,10,223,c@FormalParameter@MethodDeclaration@IfStatement@BlockStatement@IfStatement@As...
comparacao_numerica,Comparação numérica e thresholds,487,102,length,end,0.1252,11,571,<PAD/UNK>
comparacao_numerica,Comparação numérica e thresholds,487,22,17,==,0.1244,6,288,<PAD/UNK>
comparacao_numerica,Comparação numérica e thresholds,439,3,int,>=,0.1243,26,309,int@BasicType@FormalParameter@MethodDeclaration@IfStatement@BinaryOperation@B...
comparacao_numerica,Comparação numérica e thresholds,439,1,int,==,0.1206,5,82,int@BasicType@LocalVariableDeclaration@MethodDeclaration@IfStatement@BinaryOp...
comparacao_numerica,Comparação numérica e thresholds,487,102,system.out,str,0.1205,7,571,<PAD/UNK>
comparacao_numerica,Comparação numérica e thresholds,487,22,int,||,0.1203,8,288,int@BasicType@FormalParameter@MethodDeclaration@IfStatement@BinaryOperation@||
comparacao_numerica,Comparação numérica e thresholds,487,20,int,<PAD/UNK>,0.1201,10,152,<PAD/UNK>
comparacao_numerica,Comparação numérica e thresholds,439,233,==,-,0.1199,13,250,==@BinaryOperation@MethodInvocation@BinaryOperation@-
comparacao_numerica,Comparação numérica e thresholds,439,232,day,day,0.1198,27,471,day@MemberReference@BinaryOperation@Assignment@Assignment@BinaryOperation@Mem...
comparacao_numerica,Comparação numérica e thresholds,439,233,int,==,0.1198,36,250,int@BasicType@LocalVariableDeclaration@MethodDeclaration@IfStatement@BinaryOp...
comparacao_numerica,Comparação numérica e thresholds,439,3,outsideMode,1,0.1196,8,309,outsideMode@MemberReference@IfStatement@IfStatement@BinaryOperation@BinaryOpe...
comparacao_numerica,Comparação numérica e thresholds,439,233,b,6,0.1192,19,250,b@MemberReference@BinaryOperation@Literal@6
comparacao_numerica,Comparação numérica e thresholds,487,24,int,>,0.1192,25,150,int@BasicType@FormalParameter@MethodDeclaration@IfStatement@BinaryOperation@B...
comparacao_numerica,Comparação numérica e thresholds,439,233,b,=,0.1189,17,250,b@MemberReference@BinaryOperation@Assignment@=
comparacao_numerica,Comparação numérica e thresholds,439,1,b,+,0.1181,6,82,b@MemberReference@BinaryOperation@BinaryOperation@BinaryOperation@BinaryOpera...
comparacao_numerica,Comparação numérica e thresholds,439,233,b,6,0.1178,14,250,b@MemberReference@BinaryOperation@Assignment@Literal@6
comparacao_numerica,Comparação numérica e thresholds,439,233,int,==,0.1167,88,250,int@BasicType@FormalParameter@MethodDeclaration@IfStatement@BinaryOperation@B...
comparacao_numerica,Comparação numérica e thresholds,439,3,outsideMode,n,0.1167,7,309,outsideMode@MemberReference@IfStatement@IfStatement@BinaryOperation@BinaryOpe...
comparacao_numerica,Comparação numérica e thresholds,487,22,13,<,0.1167,5,288,<PAD/UNK>
comparacao_numerica,Comparação numérica e thresholds,439,3,outsideMode,10,0.1164,11,309,outsideMode@MemberReference@BinaryOperation@BinaryOperation@BinaryOperation@L...
comparacao_numerica,Comparação numérica e thresholds,487,102,-,str,0.1153,17,571,<PAD/UNK>
comparacao_numerica,Comparação numérica e thresholds,439,232,day,==,0.1148,42,471,day@MemberReference@BinaryOperation@BinaryOperation@BinaryOperation@BinaryOpe...
comparacao_numerica,Comparação numérica e thresholds,487,25,ac,=,0.112,6,218,<PAD/UNK>
comparacao_numerica,Comparação numérica e thresholds,439,233,int,d,0.111,7,250,int@BasicType@LocalVariableDeclaration@MethodDeclaration@LocalVariableDeclara...
comparacao_numerica,Comparação numérica e thresholds,439,232,day,=,0.1101,32,471,day@MemberReference@Assignment@=
comparacao_numerica,Comparação numérica e thresholds,439,236,b,=,0.1089,30,223,b@MemberReference@Assignment@=
comparacao_numerica,Comparação numérica e thresholds,439,13,int,speed,0.1082,21,460,int@BasicType@FormalParameter@speed
comparacao_numerica,Comparação numérica e thresholds,439,233,int,=,0.1076,12,250,int@BasicType@FormalParameter@MethodDeclaration@IfStatement@IfStatement@Assig...
comparacao_numerica,Comparação numérica e thresholds,439,3,outsideMode,outsideMode,0.1067,14,309,outsideMode@FormalParameter@MethodDeclaration@IfStatement@BinaryOperation@Mem...
comparacao_numerica,Comparação numérica e thresholds,439,1,int,>=,0.1058,13,82,int@BasicType@FormalParameter@MethodDeclaration@IfStatement@BinaryOperation@B...
comparacao_numerica,Comparação numérica e thresholds,439,233,public,boolean,0.1052,19,250,<PAD/UNK>
comparacao_numerica,Comparação numérica e thresholds,439,12,100,60,0.1047,8,94,100@Literal@BinaryOperation@BinaryOperation@BinaryOperation@Literal@60
comparacao_numerica,Comparação numérica e thresholds,487,102,without2,substring,0.1047,21,571,<PAD/UNK>
comparacao_numerica,Comparação numérica e thresholds,487,102,>=,str,0.1042,13,571,>=@BinaryOperation@IfStatement@BlockStatement@IfStatement@BinaryOperation@Met...
comparacao_numerica,Comparação numérica e thresholds,439,3,b,sum,0.1036,5,309,b@FormalParameter@MethodDeclaration@LocalVariableDeclaration@VariableDeclarat...
comparacao_numerica,Comparação numérica e thresholds,439,233,int,-,0.1032,7,250,int@BasicType@FormalParameter@MethodDeclaration@LocalVariableDeclaration@Vari...
comparacao_numerica,Comparação numérica e thresholds,487,102,without2,o,0.103,6,571,<PAD/UNK>
comparacao_numerica,Comparação numérica e thresholds,439,1,int,==,0.1005,6,82,int@BasicType@FormalParameter@MethodDeclaration@IfStatement@BinaryOperation@B...
comparacao_numerica,Comparação numérica e thresholds,439,236,c,=,0.0997,9,223,c@MemberReference@BinaryOperation@Assignment@Assignment@Assignment@=
comparacao_numerica,Comparação numérica e thresholds,439,232,int,6,0.0996,11,471,<PAD/UNK>
comparacao_numerica,Comparação numérica e thresholds,439,13,boolean,speed,0.0983,9,460,boolean@BasicType@FormalParameter@MethodDeclaration@IfStatement@BinaryOperati...
comparacao_numerica,Comparação numérica e thresholds,487,21,int,c,0.0981,12,113,int@BasicType@FormalParameter@MethodDeclaration@IfStatement@BinaryOperation@M...
comparacao_numerica,Comparação numérica e thresholds,439,232,int,vacation,0.098,32,471,int@BasicType@FormalParameter@MethodDeclaration@IfStatement@MemberReference@v...
comparacao_numerica,Comparação numérica e thresholds,439,232,boolean,speed,0.0979,7,471,boolean@BasicType@FormalParameter@MethodDeclaration@IfStatement@BinaryOperati...
comparacao_numerica,Comparação numérica e thresholds,487,24,int,answer,0.0979,6,150,int@BasicType@FormalParameter@MethodDeclaration@LocalVariableDeclaration@Vari...
comparacao_numerica,Comparação numérica e thresholds,487,100,int,<PAD/UNK>,0.0976,9,52,<PAD/UNK>
comparacao_numerica,Comparação numérica e thresholds,487,20,a,c,0.0946,6,152,<PAD/UNK>
comparacao_numerica,Comparação numérica e thresholds,487,22,||,<,0.0944,7,288,<PAD/UNK>
comparacao_numerica,Comparação numérica e thresholds,439,232,day,boolean,0.0943,108,471,day@FormalParameter@MethodDeclaration@FormalParameter@BasicType@boolean
comparacao_numerica,Comparação numérica e thresholds,439,232,int,||,0.0942,5,471,int@BasicType@FormalParameter@MethodDeclaration@IfStatement@BinaryOperation@||
comparacao_numerica,Comparação numérica e thresholds,487,102,front,end,0.0902,14,571,<PAD/UNK>
comparacao_numerica,Comparação numérica e thresholds,439,232,boolean,vacation,0.0884,5,471,boolean@BasicType@FormalParameter@MethodDeclaration@IfStatement@BinaryOperati...
comparacao_numerica,Comparação numérica e thresholds,439,232,day,vacation,0.0877,14,471,day@FormalParameter@MethodDeclaration@FormalParameter@vacation
comparacao_numerica,Comparação numérica e thresholds,487,25,b,space,0.0877,10,218,<PAD/UNK>
comparacao_numerica,Comparação numérica e thresholds,487,21,13,c,0.0873,5,113,<PAD/UNK>
comparacao_numerica,Comparação numérica e thresholds,487,22,a,+,0.0866,6,288,<PAD/UNK>
comparacao_numerica,Comparação numérica e thresholds,487,22,>,fixTeen,0.0862,8,288,<PAD/UNK>
comparacao_numerica,Comparação numérica e thresholds,487,21,<PAD/UNK>,sum,0.086,17,113,<PAD/UNK>
comparacao_numerica,Comparação numérica e thresholds,439,232,int,"""7:00""",0.0853,9,471,int@BasicType@LocalVariableDeclaration@MethodDeclaration@LocalVariableDeclara...
comparacao_numerica,Comparação numérica e thresholds,439,3,outsideMode,true,0.0852,13,309,outsideMode@FormalParameter@MethodDeclaration@LocalVariableDeclaration@Variab...
comparacao_numerica,Comparação numérica e thresholds,439,234,cigarParty,isWeekend,0.0845,9,197,cigarParty@MethodDeclaration@FormalParameter@isWeekend
comparacao_numerica,Comparação numérica e thresholds,487,102,0,str,0.084,12,571,0@Literal@MethodInvocation@BinaryOperation@MethodInvocation@BinaryOperation@M...
comparacao_numerica,Comparação numérica e thresholds,487,102,word,part1,0.082,10,571,<PAD/UNK>
comparacao_numerica,Comparação numérica e thresholds,487,22,int,sum,0.0783,7,288,int@BasicType@LocalVariableDeclaration@MethodDeclaration@ReturnStatement@Memb...
comparacao_numerica,Comparação numérica e thresholds,439,236,int,==,0.0778,79,223,int@BasicType@FormalParameter@MethodDeclaration@IfStatement@BinaryOperation@B...
comparacao_numerica,Comparação numérica e thresholds,439,233,b,=,0.0778,8,250,b@FormalParameter@MethodDeclaration@IfStatement@IfStatement@Assignment@=
comparacao_numerica,Comparação numérica e thresholds,439,236,int,=,0.0768,17,223,int@BasicType@FormalParameter@MethodDeclaration@IfStatement@IfStatement@Assig...
comparacao_numerica,Comparação numérica e thresholds,487,22,>=,10,0.0767,5,288,<PAD/UNK>
comparacao_numerica,Comparação numérica e thresholds,439,234,boolean,&&,0.0754,10,197,boolean@BasicType@FormalParameter@MethodDeclaration@IfStatement@BinaryOperati...
comparacao_numerica,Comparação numérica e thresholds,439,12,isSummer,&&,0.0749,21,94,isSummer@FormalParameter@MethodDeclaration@IfStatement@BlockStatement@IfState...
comparacao_numerica,Comparação numérica e thresholds,487,102,equals,str,0.0747,15,571,equals@MethodInvocation@MethodInvocation@IfStatement@BlockStatement@ReturnSta...
comparacao_numerica,Comparação numérica e thresholds,487,20,int,13,0.0744,13,152,int@BasicType@FormalParameter@MethodDeclaration@IfStatement@BinaryOperation@L...
comparacao_numerica,Comparação numérica e thresholds,487,22,c,fixTeen,0.0744,22,288,<PAD/UNK>
comparacao_numerica,Comparação numérica e thresholds,487,22,int,+,0.0743,7,288,int@BasicType@LocalVariableDeclaration@VariableDeclarator@BinaryOperation@Bin...
comparacao_numerica,Comparação numérica e thresholds,439,232,>,speed,0.0741,6,471,>@BinaryOperation@MemberReference@speed
comparacao_numerica,Comparação numérica e thresholds,439,3,int,+,0.0741,26,309,int@BasicType@FormalParameter@MethodDeclaration@LocalVariableDeclaration@Vari...
comparacao_numerica,Comparação numérica e thresholds,487,21,<PAD/UNK>,==,0.0741,8,113,<PAD/UNK>
comparacao_numerica,Comparação numérica e thresholds,439,234,int,you,0.0737,18,197,int@BasicType@MethodDeclaration@FormalParameter@you
comparacao_numerica,Comparação numérica e thresholds,439,3,outsideMode,boolean,0.073,13,309,outsideMode@FormalParameter@MethodDeclaration@LocalVariableDeclaration@BasicT...
comparacao_numerica,Comparação numérica e thresholds,439,3,int,sortaSum,0.0728,8,309,int@BasicType@MethodDeclaration@sortaSum
comparacao_numerica,Comparação numérica e thresholds,487,22,19,<,0.0727,6,288,<PAD/UNK>
comparacao_numerica,Comparação numérica e thresholds,487,102,1,str,0.0725,5,571,<PAD/UNK>
comparacao_numerica,Comparação numérica e thresholds,487,102,str,str,0.0722,15,571,<PAD/UNK>
comparacao_numerica,Comparação numérica e thresholds,487,25,space,>,0.0712,10,218,<PAD/UNK>
comparacao_numerica,Comparação numérica e thresholds,487,24,<PAD/UNK>,b,0.0708,6,150,<PAD/UNK>
comparacao_numerica,Comparação numérica e thresholds,487,100,int,round10,0.0692,6,52,int@BasicType@FormalParameter@MethodDeclaration@ReturnStatement@BinaryOperati...
comparacao_numerica,Comparação numérica e thresholds,487,25,int,>,0.0678,7,218,int@BasicType@LocalVariableDeclaration@MethodDeclaration@IfStatement@BinaryOp...
comparacao_numerica,Comparação numérica e thresholds,487,22,||,a,0.0668,6,288,<PAD/UNK>
comparacao_numerica,Comparação numérica e thresholds,487,17,int,redTicket,0.0667,6,54,int@BasicType@MethodDeclaration@redTicket
comparacao_numerica,Comparação numérica e thresholds,439,236,b,==,0.0664,12,223,b@FormalParameter@MethodDeclaration@IfStatement@IfStatement@BinaryOperation@B...
comparacao_numerica,Comparação numérica e thresholds,439,236,b,=,0.0651,18,223,b@FormalParameter@MethodDeclaration@IfStatement@IfStatement@Assignment@=
comparacao_numerica,Comparação numérica e thresholds,439,3,int,c,0.0636,9,309,int@BasicType@FormalParameter@MethodDeclaration@LocalVariableDeclaration@Vari...
comparacao_numerica,Comparação numérica e thresholds,439,3,b,10,0.0631,8,309,b@MemberReference@BinaryOperation@BinaryOperation@Literal@10
comparacao_numerica,Comparação numérica e thresholds,487,102,send,s,0.063,8,571,<PAD/UNK>
comparacao_numerica,Comparação numérica e thresholds,439,233,int,love6,0.0627,5,250,int@BasicType@FormalParameter@MethodDeclaration@LocalVariableDeclaration@Vari...
comparacao_numerica,Comparação numérica e thresholds,487,100,<PAD/UNK>,toString,0.0627,9,52,<PAD/UNK>
comparacao_numerica,Comparação numérica e thresholds,439,236,b,=,0.062,6,223,b@MemberReference@BinaryOperation@Assignment@=
comparacao_numerica,Comparação numérica e thresholds,439,236,int,==,0.0614,9,223,int@BasicType@FormalParameter@MethodDeclaration@IfStatement@BinaryOperation@==
comparacao_numerica,Comparação numérica e thresholds,487,102,<PAD/UNK>,substring,0.0609,17,571,<PAD/UNK>
comparacao_numerica,Comparação numérica e thresholds,487,25,int,Math,0.0604,18,218,int@BasicType@FormalParameter@MethodDeclaration@IfStatement@BinaryOperation@M...
comparacao_numerica,Comparação numérica e thresholds,439,232,int,<PAD/UNK>,0.0594,11,471,<PAD/UNK>
comparacao_numerica,Comparação numérica e thresholds,439,236,int,!=,0.0592,21,223,int@BasicType@FormalParameter@MethodDeclaration@IfStatement@BinaryOperation@B...
comparacao_numerica,Comparação numérica e thresholds,487,102,first2,str,0.0592,13,571,<PAD/UNK>
comparacao_numerica,Comparação numérica e thresholds,439,3,outsideMode,n,0.0591,12,309,outsideMode@FormalParameter@MethodDeclaration@IfStatement@BinaryOperation@Bin...
comparacao_numerica,Comparação numérica e thresholds,439,3,outsideMode,outsideMode,0.0587,5,309,outsideMode@MemberReference@IfStatement@MethodDeclaration@IfStatement@MemberR...
comparacao_numerica,Comparação numérica e thresholds,439,234,int,>=,0.0585,11,197,int@BasicType@FormalParameter@MethodDeclaration@IfStatement@BinaryOperation@B...
comparacao_numerica,Comparação numérica e thresholds,439,12,isSummer,&&,0.0574,7,94,isSummer@FormalParameter@MethodDeclaration@IfStatement@BinaryOperation@&&
comparacao_numerica,Comparação numérica e thresholds,487,21,=,=,0.057,8,113,<PAD/UNK>
comparacao_numerica,Comparação numérica e thresholds,487,24,int,b,0.0566,14,150,int@BasicType@FormalParameter@MethodDeclaration@FormalParameter@b
comparacao_numerica,Comparação numérica e thresholds,439,236,b,=,0.056,9,223,b@MemberReference@BinaryOperation@Assignment@Assignment@=
comparacao_numerica,Comparação numérica e thresholds,439,3,outsideMode,<PAD/UNK>,0.0558,8,309,<PAD/UNK>
comparacao_numerica,Comparação numérica e thresholds,439,236,b,&&,0.0556,7,223,b@FormalParameter@MethodDeclaration@IfStatement@BinaryOperation@&&
comparacao_numerica,Comparação numérica e thresholds,439,3,int,x,0.0552,13,309,<PAD/UNK>
comparacao_numerica,Comparação numérica e thresholds,487,100,int,round10,0.0552,6,52,int@BasicType@FormalParameter@MethodDeclaration@StatementExpression@MethodInv...
comparacao_numerica,Comparação numérica e thresholds,487,102,<PAD/UNK>,first2,0.0549,11,571,<PAD/UNK>
comparacao_numerica,Comparação numérica e thresholds,487,22,int,||,0.0543,10,288,int@BasicType@FormalParameter@MethodDeclaration@IfStatement@BinaryOperation@B...
comparacao_numerica,Comparação numérica e thresholds,439,3,outsideMode,>=,0.054,6,309,outsideMode@MemberReference@BinaryOperation@IfStatement@IfStatement@BinaryOpe...
comparacao_numerica,Comparação numérica e thresholds,487,102,&&,str,0.0538,29,571,&&@BinaryOperation@BinaryOperation@MethodInvocation@str
comparacao_numerica,Comparação numérica e thresholds,487,102,>=,str,0.0534,23,571,>=@BinaryOperation@MethodInvocation@str
comparacao_numerica,Comparação numérica e thresholds,439,236,int,c,0.053,21,223,int@BasicType@FormalParameter@MethodDeclaration@IfStatement@BinaryOperation@M...
comparacao_numerica,Comparação numérica e thresholds,439,12,temp,&&,0.0529,17,94,temp@FormalParameter@MethodDeclaration@IfStatement@BlockStatement@IfStatement...
comparacao_numerica,Comparação numérica e thresholds,487,25,int,diff1,0.0526,5,218,int@BasicType@FormalParameter@MethodDeclaration@LocalVariableDeclaration@Vari...
comparacao_numerica,Comparação numérica e thresholds,439,236,int,c,0.0514,60,223,int@BasicType@FormalParameter@MethodDeclaration@FormalParameter@c
comparacao_numerica,Comparação numérica e thresholds,439,233,a,==,0.0514,5,250,a@MemberReference@BinaryOperation@BinaryOperation@BinaryOperation@==
comparacao_numerica,Comparação numérica e thresholds,439,3,outsideMode,&&,0.0512,5,309,outsideMode@MemberReference@BinaryOperation@BinaryOperation@IfStatement@IfSta...
comparacao_numerica,Comparação numérica e thresholds,487,25,int,b,0.0509,28,218,int@BasicType@FormalParameter@MethodDeclaration@FormalParameter@b
comparacao_numerica,Comparação numérica e thresholds,439,233,b,6,0.0508,5,250,b@MemberReference@BinaryOperation@BinaryOperation@Literal@6
comparacao_numerica,Comparação numérica e thresholds,439,3,int,outsideMode,0.0506,7,309,int@BasicType@FormalParameter@MethodDeclaration@IfStatement@BinaryOperation@M...
comparacao_numerica,Comparação numérica e thresholds,439,13,>,speed,0.0494,56,460,>@BinaryOperation@MemberReference@speed
comparacao_numerica,Comparação numérica e thresholds,439,232,alarmClock,vacation,0.0493,20,471,alarmClock@MethodDeclaration@FormalParameter@vacation
comparacao_numerica,Comparação numérica e thresholds,439,3,outsideMode,&&,0.0492,6,309,outsideMode@FormalParameter@MethodDeclaration@IfStatement@BinaryOperation@Bin...
comparacao_numerica,Comparação numérica e thresholds,439,3,int,true,0.0485,9,309,int@BasicType@FormalParameter@MethodDeclaration@LocalVariableDeclaration@Vari...
comparacao_numerica,Comparação numérica e thresholds,439,13,int,boolean,0.0481,7,460,int@BasicType@FormalParameter@MethodDeclaration@FormalParameter@BasicType@boo...
comparacao_numerica,Comparação numérica e thresholds,439,236,c,c,0.0476,6,223,c@MemberReference@BinaryOperation@BinaryOperation@BinaryOperation@BinaryOpera...
comparacao_numerica,Comparação numérica e thresholds,439,12,int,isSummer,0.0475,33,94,int@BasicType@FormalParameter@MethodDeclaration@FormalParameter@isSummer
comparacao_numerica,Comparação numérica e thresholds,439,13,int,speed,0.047,6,460,int@BasicType@LocalVariableDeclaration@MethodDeclaration@IfStatement@BinaryOp...
comparacao_numerica,Comparação numérica e thresholds,487,22,==,fixTeen,0.0462,6,288,<PAD/UNK>
comparacao_numerica,Comparação numérica e thresholds,487,102,without2,s,0.046,11,571,without2@MethodDeclaration@IfStatement@BinaryOperation@MethodInvocation@s
comparacao_numerica,Comparação numérica e thresholds,487,102,word,word,0.0452,9,571,<PAD/UNK>
comparacao_numerica,Comparação numérica e thresholds,487,100,round10,=,0.0445,6,52,round10@MethodInvocation@Assignment@StatementExpression@MethodDeclaration@Sta...
comparacao_numerica,Comparação numérica e thresholds,439,233,b,6,0.0442,8,250,b@FormalParameter@MethodDeclaration@IfStatement@BinaryOperation@BinaryOperati...
comparacao_numerica,Comparação numérica e thresholds,487,25,int,abs,0.0442,9,218,int@BasicType@FormalParameter@MethodDeclaration@IfStatement@BinaryOperation@M...
comparacao_numerica,Comparação numérica e thresholds,439,234,date,2,0.0441,5,197,date@MemberReference@BinaryOperation@Literal@2
comparacao_numerica,Comparação numérica e thresholds,439,236,b,&&,0.0441,10,223,b@MemberReference@BinaryOperation@BinaryOperation@BinaryOperation@BinaryOpera...
comparacao_numerica,Comparação numérica e thresholds,439,236,cigarParty,isWeekend,0.044,8,223,cigarParty@MethodDeclaration@FormalParameter@isWeekend
comparacao_numerica,Comparação numérica e thresholds,487,20,int,==,0.0436,6,152,int@BasicType@FormalParameter@MethodDeclaration@IfStatement@BinaryOperation@==
comparacao_numerica,Comparação numérica e thresholds,487,25,int,int,0.0436,5,218,int@BasicType@LocalVariableDeclaration@MethodDeclaration@LocalVariableDeclara...
comparacao_numerica,Comparação numérica e thresholds,487,102,front,str,0.0427,6,571,front@VariableDeclarator@LocalVariableDeclaration@MethodDeclaration@LocalVari...
comparacao_numerica,Comparação numérica e thresholds,439,236,boolean,isWeekend,0.0422,15,223,boolean@BasicType@FormalParameter@MethodDeclaration@IfStatement@MemberReferen...
comparacao_numerica,Comparação numérica e thresholds,439,232,vacation,vacation,0.0415,50,471,vacation@FormalParameter@MethodDeclaration@IfStatement@MemberReference@vacation
comparacao_numerica,Comparação numérica e thresholds,439,3,int,&&,0.0415,17,309,int@BasicType@FormalParameter@MethodDeclaration@IfStatement@BinaryOperation@&&
comparacao_numerica,Comparação numérica e thresholds,439,234,int,==,0.0414,6,197,int@BasicType@FormalParameter@MethodDeclaration@IfStatement@BinaryOperation@B...
comparacao_numerica,Comparação numérica e thresholds,487,22,<=,fixTeen,0.0407,14,288,<PAD/UNK>
comparacao_numerica,Comparação numérica e thresholds,439,234,boolean,isWeekend,0.0404,23,197,boolean@BasicType@FormalParameter@MethodDeclaration@IfStatement@MemberReferen...
comparacao_numerica,Comparação numérica e thresholds,487,102,>=,str,0.0404,8,571,>=@BinaryOperation@IfStatement@BlockStatement@IfStatement@MethodInvocation@str
comparacao_numerica,Comparação numérica e thresholds,439,13,80,speed,0.0399,6,460,80@Literal@BinaryOperation@MemberReference@speed
comparacao_numerica,Comparação numérica e thresholds,439,232,boolean,vacation,0.0398,96,471,boolean@BasicType@FormalParameter@vacation
comparacao_numerica,Comparação numérica e thresholds,439,3,boolean,>=,0.0387,10,309,boolean@BasicType@LocalVariableDeclaration@MethodDeclaration@IfStatement@Bina...
comparacao_numerica,Comparação numérica e thresholds,439,3,outsideMode,1,0.0386,20,309,outsideMode@FormalParameter@MethodDeclaration@IfStatement@BinaryOperation@Bin...
comparacao_numerica,Comparação numérica e thresholds,487,102,>=,str,0.0379,6,571,>=@BinaryOperation@IfStatement@MethodDeclaration@ReturnStatement@MemberRefere...
comparacao_numerica,Comparação numérica e thresholds,487,20,int,b,0.0377,19,152,int@BasicType@FormalParameter@MethodDeclaration@IfStatement@BinaryOperation@M...
comparacao_numerica,Comparação numérica e thresholds,439,236,b,!=,0.0366,8,223,b@MemberReference@BinaryOperation@BinaryOperation@BinaryOperation@BinaryOpera...
comparacao_numerica,Comparação numérica e thresholds,487,24,&&,>,0.0364,12,150,&&@BinaryOperation@BinaryOperation@>
comparacao_numerica,Comparação numérica e thresholds,487,22,int,fixTeen,0.0361,52,288,int@BasicType@FormalParameter@MethodDeclaration@StatementExpression@MethodInv...
comparacao_numerica,Comparação numérica e thresholds,439,233,a,==,0.0353,7,250,a@FormalParameter@MethodDeclaration@IfStatement@BinaryOperation@BinaryOperati...
comparacao_numerica,Comparação numérica e thresholds,439,232,int,String,0.0351,13,471,int@BasicType@FormalParameter@MethodDeclaration@LocalVariableDeclaration@Refe...
comparacao_numerica,Comparação numérica e thresholds,439,234,||,2,0.0351,9,197,||@BinaryOperation@BinaryOperation@Literal@2
comparacao_numerica,Comparação numérica e thresholds,487,25,int,false,0.0349,5,218,int@BasicType@FormalParameter@MethodDeclaration@IfStatement@ReturnStatement@L...
comparacao_numerica,Comparação numérica e thresholds,487,22,int,b,0.0349,14,288,int@BasicType@FormalParameter@MethodDeclaration@FormalParameter@b
comparacao_numerica,Comparação numérica e thresholds,439,232,day,"""7:00""",0.0348,9,471,day@FormalParameter@MethodDeclaration@IfStatement@BlockStatement@ReturnStatem...
comparacao_numerica,Comparação numérica e thresholds,439,233,int,|,0.0347,12,250,<PAD/UNK>
comparacao_numerica,Comparação numérica e thresholds,439,3,outsideMode,false,0.0346,23,309,outsideMode@MemberReference@IfStatement@BlockStatement@ReturnStatement@Litera...
comparacao_numerica,Comparação numérica e thresholds,439,234,int,date,0.0345,12,197,int@BasicType@FormalParameter@MethodDeclaration@FormalParameter@date
comparacao_numerica,Comparação numérica e thresholds,487,21,int,13,0.0345,7,113,int@BasicType@FormalParameter@MethodDeclaration@IfStatement@BinaryOperation@L...
comparacao_numerica,Comparação numérica e thresholds,487,102,length,str,0.0335,7,571,length@VariableDeclarator@LocalVariableDeclaration@MethodDeclaration@LocalVar...
comparacao_numerica,Comparação numérica e thresholds,439,233,true,==,0.0334,5,250,true@Literal@ReturnStatement@IfStatement@IfStatement@BinaryOperation@BinaryOp...
comparacao_numerica,Comparação numérica e thresholds,439,3,boolean,&&,0.0333,33,309,boolean@BasicType@FormalParameter@MethodDeclaration@IfStatement@BinaryOperati...
comparacao_numerica,Comparação numérica e thresholds,487,25,int,==,0.0329,29,218,int@BasicType@FormalParameter@MethodDeclaration@IfStatement@BinaryOperation@==
comparacao_numerica,Comparação numérica e thresholds,487,17,int,b,0.0314,9,54,int@BasicType@FormalParameter@MethodDeclaration@FormalParameter@b
comparacao_numerica,Comparação numérica e thresholds,487,102,without2,=,0.0309,6,571,without2@MethodDeclaration@IfStatement@BlockStatement@StatementExpression@Ass...
comparacao_numerica,Comparação numérica e thresholds,439,13,int,true,0.0304,6,460,int@BasicType@FormalParameter@MethodDeclaration@IfStatement@Assignment@Litera...
comparacao_numerica,Comparação numérica e thresholds,487,22,int,c,0.0297,26,288,int@BasicType@FormalParameter@MethodDeclaration@ReturnStatement@BinaryOperati...
comparacao_numerica,Comparação numérica e thresholds,487,20,+,c,0.0296,14,152,+@BinaryOperation@MemberReference@c
comparacao_numerica,Comparação numérica e thresholds,439,3,int,boolean,0.0293,9,309,int@BasicType@FormalParameter@MethodDeclaration@FormalParameter@BasicType@boo...
comparacao_numerica,Comparação numérica e thresholds,487,102,<,str,0.0293,12,571,<@BinaryOperation@IfStatement@BlockStatement@IfStatement@BinaryOperation@Meth...
comparacao_numerica,Comparação numérica e thresholds,487,20,int,b,0.0282,37,152,int@BasicType@FormalParameter@MethodDeclaration@FormalParameter@b
comparacao_numerica,Comparação numérica e thresholds,487,22,c,fixTeen,0.0275,13,288,c@FormalParameter@MethodDeclaration@ReturnStatement@BinaryOperation@MethodInv...
comparacao_numerica,Comparação numérica e thresholds,439,3,outsideMode,true,0.0273,9,309,outsideMode@FormalParameter@MethodDeclaration@IfStatement@StatementExpression...
comparacao_numerica,Comparação numérica e thresholds,439,233,b,==,0.0259,7,250,b@MemberReference@BinaryOperation@BinaryOperation@BinaryOperation@BinaryOpera...
comparacao_numerica,Comparação numérica e thresholds,487,102,String,str,0.0257,8,571,String@ReferenceType@LocalVariableDeclaration@MethodDeclaration@LocalVariable...
comparacao_numerica,Comparação numérica e thresholds,487,102,>=,str,0.0253,6,571,>=@BinaryOperation@IfStatement@BlockStatement@IfStatement@ReturnStatement@Met...
comparacao_numerica,Comparação numérica e thresholds,439,3,private,num,0.0252,6,309,<PAD/UNK>
comparacao_numerica,Comparação numérica e thresholds,487,21,int,b,0.0252,6,113,int@BasicType@FormalParameter@MethodDeclaration@FormalParameter@b
comparacao_numerica,Comparação numérica e thresholds,487,25,int,-,0.0249,11,218,int@BasicType@FormalParameter@MethodDeclaration@IfStatement@BinaryOperation@B...
comparacao_numerica,Comparação numérica e thresholds,487,25,boolean,<PAD/UNK>,0.0247,5,218,<PAD/UNK>
comparacao_numerica,Comparação numérica e thresholds,487,102,0,str,0.0241,13,571,0@Literal@MethodInvocation@IfStatement@BlockStatement@ReturnStatement@MemberR...
comparacao_numerica,Comparação numérica e thresholds,439,232,day,||,0.0237,8,471,day@MemberReference@Assignment@Assignment@BinaryOperation@||
comparacao_numerica,Comparação numérica e thresholds,439,13,<,speed,0.0237,48,460,<@BinaryOperation@MemberReference@speed
comparacao_numerica,Comparação numérica e thresholds,487,25,||,c,0.0236,5,218,||@BinaryOperation@BinaryOperation@MemberReference@c
comparacao_numerica,Comparação numérica e thresholds,439,233,int,||,0.0226,8,250,int@BasicType@FormalParameter@MethodDeclaration@IfStatement@BinaryOperation@B...
comparacao_numerica,Comparação numérica e thresholds,439,234,cigars,isWeekend,0.021,46,197,cigars@FormalParameter@MethodDeclaration@FormalParameter@isWeekend
comparacao_numerica,Comparação numérica e thresholds,487,24,a,21,0.021,5,150,a@MemberReference@BinaryOperation@BinaryOperation@BinaryOperation@BinaryOpera...
comparacao_numerica,Comparação numérica e thresholds,487,102,compareTo,str,0.0207,13,571,compareTo@MethodInvocation@BinaryOperation@IfStatement@ReturnStatement@Method...
comparacao_numerica,Comparação numérica e thresholds,439,13,66,speed,0.0206,6,460,66@Literal@BinaryOperation@BinaryOperation@BinaryOperation@MemberReference@speed
comparacao_numerica,Comparação numérica e thresholds,487,102,0,str,0.0206,16,571,0@Literal@MethodInvocation@BinaryOperation@MethodInvocation@str
comparacao_numerica,Comparação numérica e thresholds,487,102,without2,2,0.0203,6,571,without2@MethodDeclaration@LocalVariableDeclaration@VariableDeclarator@Method...
comparacao_numerica,Comparação numérica e thresholds,487,102,without2,substring,0.0202,8,571,without2@MethodDeclaration@IfStatement@BinaryOperation@MethodInvocation@subst...
comparacao_numerica,Comparação numérica e thresholds,439,236,int,isWeekend,0.0201,6,223,int@BasicType@FormalParameter@MethodDeclaration@IfStatement@BinaryOperation@M...
comparacao_numerica,Comparação numérica e thresholds,487,102,front,front,0.02,10,571,<PAD/UNK>
comparacao_numerica,Comparação numérica e thresholds,487,102,length,str,0.0197,11,571,length@MethodInvocation@BinaryOperation@IfStatement@BlockStatement@ReturnStat...
comparacao_numerica,Comparação numérica e thresholds,439,3,boolean,>=,0.0196,18,309,boolean@BasicType@FormalParameter@MethodDeclaration@IfStatement@BinaryOperati...
comparacao_numerica,Comparação numérica e thresholds,487,22,b,fixTeen,0.0194,5,288,b@FormalParameter@MethodDeclaration@StatementExpression@Assignment@MethodInvo...
comparacao_numerica,Comparação numérica e thresholds,439,236,cigars,isWeekend,0.0192,18,223,cigars@FormalParameter@MethodDeclaration@FormalParameter@isWeekend
comparacao_numerica,Comparação numérica e thresholds,439,236,cigars,isWeekend,0.0192,11,223,cigars@FormalParameter@MethodDeclaration@IfStatement@MemberReference@isWeekend
comparacao_numerica,Comparação numérica e thresholds,439,13,65,speed,0.0191,7,460,65@Literal@BinaryOperation@BinaryOperation@BinaryOperation@MemberReference@speed
comparacao_numerica,Comparação numérica e thresholds,487,102,str,str,0.0189,47,571,str@FormalParameter@MethodDeclaration@LocalVariableDeclaration@VariableDeclar...
comparacao_numerica,Comparação numérica e thresholds,439,234,cigars,isWeekend,0.0179,20,197,cigars@FormalParameter@MethodDeclaration@IfStatement@MemberReference@isWeekend
comparacao_numerica,Comparação numérica e thresholds,439,232,day,==,0.0176,10,471,day@MemberReference@BinaryOperation@BinaryOperation@BinaryOperation@==
comparacao_numerica,Comparação numérica e thresholds,487,102,without2,String,0.0176,5,571,without2@MethodDeclaration@LocalVariableDeclaration@ReferenceType@String
comparacao_numerica,Comparação numérica e thresholds,439,13,1,speed,0.0174,19,460,1@Literal@ReturnStatement@IfStatement@IfStatement@BinaryOperation@MemberRefer...
comparacao_numerica,Comparação numérica e thresholds,439,13,<,speed,0.0171,10,460,<@BinaryOperation@IfStatement@IfStatement@BinaryOperation@BinaryOperation@Mem...
comparacao_numerica,Comparação numérica e thresholds,439,232,day,=,0.017,5,471,day@MemberReference@BinaryOperation@BinaryOperation@IfStatement@IfStatement@A...
comparacao_numerica,Comparação numérica e thresholds,439,232,boolean,&&,0.0168,9,471,boolean@BasicType@FormalParameter@MethodDeclaration@IfStatement@BinaryOperati...
comparacao_numerica,Comparação numérica e thresholds,439,234,int,isWeekend,0.0164,9,197,int@BasicType@FormalParameter@MethodDeclaration@IfStatement@BinaryOperation@M...
comparacao_numerica,Comparação numérica e thresholds,487,102,without2,n,0.0164,17,571,without2@MethodDeclaration@LocalVariableDeclaration@VariableDeclarator@n
comparacao_numerica,Comparação numérica e thresholds,439,1,int,&&,0.0161,6,82,int@BasicType@FormalParameter@MethodDeclaration@IfStatement@BinaryOperation@&&
comparacao_numerica,Comparação numérica e thresholds,439,234,>=,1,0.0154,6,197,>=@BinaryOperation@BinaryOperation@IfStatement@BlockStatement@ReturnStatement...
comparacao_numerica,Comparação numérica e thresholds,439,3,outsideMode,||,0.0148,24,309,outsideMode@FormalParameter@MethodDeclaration@IfStatement@BlockStatement@IfSt...
comparacao_numerica,Comparação numérica e thresholds,439,13,>=,speed,0.0143,9,460,>=@BinaryOperation@BinaryOperation@IfStatement@IfStatement@BinaryOperation@Me...
comparacao_numerica,Comparação numérica e thresholds,439,3,private,boolean,0.0138,6,309,private@Modifier@FieldDeclaration@BasicType@boolean
comparacao_numerica,Comparação numérica e thresholds,439,232,!,vacation,0.0131,10,471,!@MemberReference@vacation
comparacao_numerica,Comparação numérica e thresholds,439,232,60,speed,0.0128,5,471,60@Literal@BinaryOperation@IfStatement@IfStatement@BinaryOperation@MemberRefe...
comparacao_numerica,Comparação numérica e thresholds,487,102,substring,str,0.0127,14,571,substring@MethodInvocation@BinaryOperation@IfStatement@BlockStatement@ReturnS...
comparacao_numerica,Comparação numérica e thresholds,439,233,answerCell,boolean,0.0125,14,250,answerCell@MethodDeclaration@FormalParameter@BasicType@boolean
comparacao_numerica,Comparação numérica e thresholds,439,13,<=,speed,0.012,7,460,<=@BinaryOperation@IfStatement@IfStatement@BinaryOperation@BinaryOperation@Me...
comparacao_numerica,Comparação numérica e thresholds,439,233,==,true,0.0116,6,250,==@BinaryOperation@Literal@true
comparacao_numerica,Comparação numérica e thresholds,439,232,61,speed,0.0115,6,471,61@Literal@BinaryOperation@BinaryOperation@BinaryOperation@MemberReference@speed
comparacao_numerica,Comparação numérica e thresholds,439,234,isWeekend,isWeekend,0.0108,6,197,isWeekend@FormalParameter@MethodDeclaration@IfStatement@BinaryOperation@Membe...
comparacao_numerica,Comparação numérica e thresholds,487,102,0,str,0.0107,9,571,0@Literal@BinaryOperation@IfStatement@ReturnStatement@MemberReference@str
comparacao_numerica,Comparação numérica e thresholds,439,232,int,=,0.0095,6,471,int@BasicType@FormalParameter@MethodDeclaration@IfStatement@Assignment@=
comparacao_numerica,Comparação numérica e thresholds,487,22,&&,19,0.0095,5,288,&&@BinaryOperation@BinaryOperation@Literal@19
comparacao_numerica,Comparação numérica e thresholds,439,232,>=,speed,0.0089,6,471,>=@BinaryOperation@MemberReference@speed
comparacao_numerica,Comparação numérica e thresholds,439,13,61,speed,0.0089,21,460,61@Literal@BinaryOperation@BinaryOperation@BinaryOperation@MemberReference@speed
comparacao_numerica,Comparação numérica e thresholds,487,22,int,&&,0.0088,10,288,int@BasicType@FormalParameter@MethodDeclaration@IfStatement@BinaryOperation@B...
comparacao_numerica,Comparação numérica e thresholds,439,13,>=,speed,0.0087,24,460,>=@BinaryOperation@BinaryOperation@BinaryOperation@MemberReference@speed
comparacao_numerica,Comparação numérica e thresholds,439,13,<=,speed,0.0085,94,460,<=@BinaryOperation@MemberReference@speed
comparacao_numerica,Comparação numérica e thresholds,439,232,<=,speed,0.008,24,471,<=@BinaryOperation@MemberReference@speed
comparacao_numerica,Comparação numérica e thresholds,487,102,without2,>,0.008,6,571,without2@MethodDeclaration@IfStatement@BinaryOperation@>
comparacao_numerica,Comparação numérica e thresholds,439,233,boolean,false,0.0077,10,250,boolean@BasicType@FormalParameter@MethodDeclaration@IfStatement@ReturnStateme...
comparacao_numerica,Comparação numérica e thresholds,439,13,isBirthday,speed,0.0076,5,460,isBirthday@MemberReference@BinaryOperation@BinaryOperation@BinaryOperation@Me...
comparacao_numerica,Comparação numérica e thresholds,487,102,without2,s,0.0075,7,571,without2@MethodDeclaration@IfStatement@ReturnStatement@MemberReference@s
comparacao_numerica,Comparação numérica e thresholds,439,13,int,1,0.0074,6,460,int@BasicType@LocalVariableDeclaration@VariableDeclarator@Literal@1
comparacao_numerica,Comparação numérica e thresholds,439,234,!,isWeekend,0.0071,11,197,!@MemberReference@isWeekend
comparacao_numerica,Comparação numérica e thresholds,439,13,>=,speed,0.007,62,460,>=@BinaryOperation@MemberReference@speed
comparacao_numerica,Comparação numérica e thresholds,439,13,0,speed,0.007,6,460,0@Literal@BinaryOperation@BinaryOperation@BinaryOperation@MemberReference@speed
comparacao_numerica,Comparação numérica e thresholds,439,13,<,speed,0.0069,5,460,<@BinaryOperation@IfStatement@IfStatement@BinaryOperation@MemberReference@speed
comparacao_numerica,Comparação numérica e thresholds,439,232,int,"""""",0.0064,15,471,int@BasicType@FormalParameter@MethodDeclaration@LocalVariableDeclaration@Vari...
comparacao_numerica,Comparação numérica e thresholds,439,13,60,speed,0.0063,12,460,60@Literal@BinaryOperation@IfStatement@IfStatement@BinaryOperation@MemberRefe...
comparacao_numerica,Comparação numérica e thresholds,439,232,vacation,day,0.0062,5,471,vacation@MemberReference@IfStatement@IfStatement@BinaryOperation@BinaryOperat...
comparacao_numerica,Comparação numérica e thresholds,439,13,!,speed,0.0055,5,460,!@MemberReference@IfStatement@IfStatement@BinaryOperation@MemberReference@speed
comparacao_numerica,Comparação numérica e thresholds,487,25,||,c,0.0051,7,218,||@BinaryOperation@BinaryOperation@BinaryOperation@MemberReference@c
comparacao_numerica,Comparação numérica e thresholds,439,13,>,speed,0.0041,22,460,>@BinaryOperation@BinaryOperation@IfStatement@IfStatement@BinaryOperation@Mem...
comparacao_numerica,Comparação numérica e thresholds,439,232,day,vacation,0.0037,10,471,day@MemberReference@Assignment@BinaryOperation@MemberReference@vacation
comparacao_numerica,Comparação numérica e thresholds,439,232,int,day,0.0035,92,471,int@BasicType@FormalParameter@day
comparacao_numerica,Comparação numérica e thresholds,439,232,int,=,0.0035,9,471,int@BasicType@FormalParameter@MethodDeclaration@IfStatement@BinaryOperation@A...
comparacao_numerica,Comparação numérica e thresholds,439,234,int,boolean,0.0034,7,197,int@BasicType@FormalParameter@MethodDeclaration@FormalParameter@BasicType@boo...
comparacao_numerica,Comparação numérica e thresholds,439,234,cigars,>=,0.0032,5,197,cigars@FormalParameter@MethodDeclaration@IfStatement@BlockStatement@IfStateme...
comparacao_numerica,Comparação numérica e thresholds,439,12,isSummer,>=,0.0032,8,94,isSummer@FormalParameter@MethodDeclaration@IfStatement@IfStatement@BinaryOper...
comparacao_numerica,Comparação numérica e thresholds,439,232,int,boolean,0.0031,66,471,int@BasicType@FormalParameter@MethodDeclaration@FormalParameter@BasicType@boo...
comparacao_numerica,Comparação numérica e thresholds,439,13,<=,speed,0.0029,5,460,<=@BinaryOperation@IfStatement@BlockStatement@IfStatement@BinaryOperation@Mem...
comparacao_numerica,Comparação numérica e thresholds,439,236,int,boolean,0.0027,7,223,int@BasicType@FormalParameter@MethodDeclaration@FormalParameter@BasicType@boo...
comparacao_numerica,Comparação numérica e thresholds,439,232,boolean,==,0.0026,10,471,boolean@BasicType@FormalParameter@MethodDeclaration@IfStatement@BinaryOperati...
comparacao_numerica,Comparação numérica e thresholds,439,13,int,2,0.0024,12,460,int@BasicType@LocalVariableDeclaration@MethodDeclaration@LocalVariableDeclara...
comparacao_numerica,Comparação numérica e thresholds,439,232,int,=,0.0023,15,471,int@BasicType@FormalParameter@MethodDeclaration@IfStatement@StatementExpressi...
comparacao_numerica,Comparação numérica e thresholds,439,13,<,speed,0.0023,6,460,<@BinaryOperation@BinaryOperation@IfStatement@IfStatement@BinaryOperation@Mem...
comparacao_numerica,Comparação numérica e thresholds,487,102,without2,<,0.0019,7,571,without2@MethodDeclaration@IfStatement@BinaryOperation@<
comparacao_numerica,Comparação numérica e thresholds,439,232,boolean,>=,0.0016,5,471,boolean@BasicType@FormalParameter@MethodDeclaration@IfStatement@BinaryOperati...
comparacao_numerica,Comparação numérica e thresholds,439,232,boolean,=,0.0015,6,471,boolean@BasicType@FormalParameter@MethodDeclaration@IfStatement@BinaryOperati...
comparacao_numerica,Comparação numérica e thresholds,487,102,length,substring,0.0013,7,571,length@MethodInvocation@BinaryOperation@MethodInvocation@substring
comparacao_numerica,Comparação numérica e thresholds,439,232,caughtSpeeding,boolean,0.0012,5,471,caughtSpeeding@MethodDeclaration@FormalParameter@BasicType@boolean
comparacao_numerica,Comparação numérica e thresholds,439,232,day,&&,0.0011,6,471,day@FormalParameter@MethodDeclaration@IfStatement@IfStatement@BinaryOperation@&&
comparacao_numerica,Comparação numérica e thresholds,439,13,caughtSpeeding,boolean,0.0011,11,460,caughtSpeeding@MethodDeclaration@FormalParameter@BasicType@boolean
comparacao_numerica,Comparação numérica e thresholds,439,232,day,6,0.0008,6,471,day@MemberReference@BinaryOperation@Assignment@Literal@6
comparacao_numerica,Comparação numérica e thresholds,439,232,day,"""7:00""",0.0007,9,471,day@MemberReference@Assignment@IfStatement@BlockStatement@ReturnStatement@Lit...
comparacao_numerica,Comparação numérica e thresholds,439,232,day,&&,0.0006,6,471,day@MemberReference@BinaryOperation@BinaryOperation@IfStatement@IfStatement@B...
default_case_switch,Caso default em switch,439,235,int,vacation,0.9761,26,180,int@BasicType@FormalParameter@MethodDeclaration@FormalParameter@vacation
default_case_switch,Caso default em switch,439,235,int,&&,0.8261,6,180,int@BasicType@FormalParameter@MethodDeclaration@IfStatement@IfStatement@Binar...
default_case_switch,Caso default em switch,439,235,int,&&,0.4511,8,180,int@BasicType@FormalParameter@MethodDeclaration@IfStatement@BinaryOperation@B...
default_case_switch,Caso default em switch,439,235,int,>=,0.4022,24,180,int@BasicType@LocalVariableDeclaration@MethodDeclaration@IfStatement@BinaryOp...
default_case_switch,Caso default em switch,439,235,int,you,0.3265,9,180,int@BasicType@FormalParameter@you
default_case_switch,Caso default em switch,439,235,int,||,0.3144,48,180,int@BasicType@FormalParameter@MethodDeclaration@IfStatement@BinaryOperation@||
default_case_switch,Caso default em switch,439,235,int,1,0.2075,13,180,int@BasicType@FormalParameter@MethodDeclaration@LocalVariableDeclaration@Vari...
default_case_switch,Caso default em switch,439,235,int,7,0.1816,6,180,<PAD/UNK>
default_case_switch,Caso default em switch,439,235,int,1,0.1602,9,180,int@BasicType@FormalParameter@MethodDeclaration@ReturnStatement@Literal@1
default_case_switch,Caso default em switch,439,235,int,&&,0.1548,10,180,int@BasicType@FormalParameter@MethodDeclaration@IfStatement@BinaryOperation@&&
default_case_switch,Caso default em switch,439,235,int,||,0.1308,15,180,int@BasicType@FormalParameter@MethodDeclaration@IfStatement@IfStatement@Binar...
default_case_switch,Caso default em switch,439,235,int,date,0.1106,13,180,int@BasicType@FormalParameter@MethodDeclaration@FormalParameter@date
default_case_switch,Caso default em switch,439,235,int,>=,0.1101,55,180,int@BasicType@FormalParameter@MethodDeclaration@IfStatement@BinaryOperation@B...
default_case_switch,Caso default em switch,439,235,>=,&&,0.1038,20,180,>=@BinaryOperation@BinaryOperation@IfStatement@MethodDeclaration@IfStatement@...
default_case_switch,Caso default em switch,439,235,int,you,0.0915,20,180,int@BasicType@FormalParameter@MethodDeclaration@IfStatement@BinaryOperation@M...
default_case_switch,Caso default em switch,439,235,day,==,0.0829,5,180,day@MemberReference@BinaryOperation@BinaryOperation@BinaryOperation@BinaryOpe...
default_case_switch,Caso default em switch,439,235,int,2,0.0757,7,180,int@BasicType@LocalVariableDeclaration@MethodDeclaration@LocalVariableDeclara...
default_case_switch,Caso default em switch,439,235,int,no,0.0739,10,180,int@BasicType@LocalVariableDeclaration@VariableDeclarator@no
default_case_switch,Caso default em switch,439,235,int,you,0.0633,23,180,int@BasicType@MethodDeclaration@FormalParameter@you
default_case_switch,Caso default em switch,439,235,int,no,0.059,14,180,int@BasicType@FormalParameter@MethodDeclaration@LocalVariableDeclaration@Vari...
default_case_switch,Caso default em switch,439,235,||,&&,0.0517,5,180,||@BinaryOperation@IfStatement@MethodDeclaration@IfStatement@BinaryOperation@...
default_case_switch,Caso default em switch,439,235,day,boolean,0.0305,19,180,day@FormalParameter@MethodDeclaration@FormalParameter@BasicType@boolean
default_case_switch,Caso default em switch,439,235,boolean,vacation,0.0278,6,180,boolean@BasicType@FormalParameter@MethodDeclaration@IfStatement@MemberReferen...
default_case_switch,Caso default em switch,439,235,day,==,0.017,5,180,day@MemberReference@BinaryOperation@BinaryOperation@BinaryOperation@==
default_case_switch,Caso default em switch,439,235,vacation,vacation,0.015,9,180,vacation@FormalParameter@MethodDeclaration@IfStatement@MemberReference@vacation
default_case_switch,Caso default em switch,439,235,boolean,==,0.0124,5,180,boolean@BasicType@FormalParameter@MethodDeclaration@IfStatement@BinaryOperati...
default_case_switch,Caso default em switch,439,235,boolean,vacation,0.0083,9,180,boolean@BasicType@FormalParameter@vacation
default_case_switch,Caso default em switch,439,235,int,day,0.0017,12,180,int@BasicType@FormalParameter@day
default_case_switch,Caso default em switch,439,235,int,boolean,0.0013,11,180,int@BasicType@FormalParameter@MethodDeclaration@FormalParameter@BasicType@boo...
default_case_switch,Caso default em switch,439,235,>=,>=,0.0013,5,180,>=@BinaryOperation@BinaryOperation@BinaryOperation@>=
default_case_switch,Caso default em switch,439,235,<,8,0.0004,5,180,<@BinaryOperation@Literal@8
default_case_switch,Caso default em switch,439,235,8,8,0.0004,5,180,8@Literal@BinaryOperation@BinaryOperation@BinaryOperation@Literal@8
dual_pointer,Estratégia de dois ponteiros,494,106,int,0,0.7714,36,228,int@BasicType@VariableDeclaration@VariableDeclarator@Literal@0
dual_pointer,Estratégia de dois ponteiros,494,106,int,result,0.536,7,228,int@BasicType@FormalParameter@MethodDeclaration@LocalVariableDeclaration@Vari...
dual_pointer,Estratégia de dois ponteiros,494,106,>,==,0.4473,13,228,>@BinaryOperation@BinaryOperation@BinaryOperation@==
dual_pointer,Estratégia de dois ponteiros,494,106,nums,=,0.4401,25,228,nums@MemberReference@Assignment@=
dual_pointer,Estratégia de dois ponteiros,494,106,int,end,0.4141,44,228,int@BasicType@LocalVariableDeclaration@VariableDeclarator@end
dual_pointer,Estratégia de dois ponteiros,494,106,int,length,0.3236,9,228,int@BasicType@VariableDeclaration@ForControl@BinaryOperation@MemberReference@...
dual_pointer,Estratégia de dois ponteiros,494,106,int,end,0.3192,46,228,int@BasicType@FormalParameter@MethodDeclaration@LocalVariableDeclaration@Vari...
dual_pointer,Estratégia de dois ponteiros,494,106,int,==,0.2829,7,228,int@BasicType@FormalParameter@MethodDeclaration@IfStatement@BinaryOperation@B...
dual_pointer,Estratégia de dois ponteiros,494,106,int,<,0.2012,33,228,int@BasicType@FormalParameter@MethodDeclaration@ForStatement@ForControl@Binar...
dual_pointer,Estratégia de dois ponteiros,494,106,int,ends,0.1592,9,228,<PAD/UNK>
dual_pointer,Estratégia de dois ponteiros,494,106,int,-,0.1564,8,228,int@BasicType@VariableDeclaration@VariableDeclarator@BinaryOperation@-
dual_pointer,Estratégia de dois ponteiros,494,106,int,begin,0.1469,5,228,<PAD/UNK>
dual_pointer,Estratégia de dois ponteiros,494,106,int,len,0.1419,7,228,int@BasicType@VariableDeclaration@ForControl@BinaryOperation@MemberReference@len
dual_pointer,Estratégia de dois ponteiros,494,106,int,+,0.138,14,228,int@BasicType@VariableDeclaration@VariableDeclarator@BinaryOperation@+
dual_pointer,Estratégia de dois ponteiros,494,106,int,-,0.1319,13,228,int@BasicType@LocalVariableDeclaration@MethodDeclaration@LocalVariableDeclara...
dual_pointer,Estratégia de dois ponteiros,494,106,int,1,0.1293,14,228,int@BasicType@LocalVariableDeclaration@VariableDeclarator@BinaryOperation@Lit...
dual_pointer,Estratégia de dois ponteiros,494,106,int,a,0.1242,6,228,int@BasicType@FormalParameter@MethodDeclaration@LocalVariableDeclaration@Vari...
dual_pointer,Estratégia de dois ponteiros,494,106,int,<PAD/UNK>,0.1153,76,228,<PAD/UNK>
dual_pointer,Estratégia de dois ponteiros,494,106,++,=,0.11,11,228,++@MemberReference@ForControl@ForStatement@BlockStatement@StatementExpression...
dual_pointer,Estratégia de dois ponteiros,494,106,int,two,0.1049,5,228,int@BasicType@FormalParameter@MethodDeclaration@LocalVariableDeclaration@Vari...
dual_pointer,Estratégia de dois ponteiros,494,106,int,-,0.0806,6,228,int@BasicType@FormalParameter@MethodDeclaration@LocalVariableDeclaration@Vari...
dual_pointer,Estratégia de dois ponteiros,494,106,int,boolean,0.0693,15,228,int@BasicType@FormalParameter@MethodDeclaration@LocalVariableDeclaration@Basi...
dual_pointer,Estratégia de dois ponteiros,494,106,int,length,0.0639,11,228,int@BasicType@LocalVariableDeclaration@VariableDeclarator@BinaryOperation@Mem...
dual_pointer,Estratégia de dois ponteiros,494,106,<,=,0.0616,10,228,<@BinaryOperation@ForControl@ForStatement@BlockStatement@StatementExpression@...
dual_pointer,Estratégia de dois ponteiros,494,106,nums,==,0.058,21,228,nums@FormalParameter@MethodDeclaration@ForStatement@BlockStatement@IfStatemen...
dual_pointer,Estratégia de dois ponteiros,494,106,int,n,0.0574,9,228,int@BasicType@LocalVariableDeclaration@VariableDeclarator@BinaryOperation@Mem...
dual_pointer,Estratégia de dois ponteiros,494,106,int,x,0.0523,6,228,int@BasicType@FormalParameter@MethodDeclaration@ForStatement@ForControl@Membe...
dual_pointer,Estratégia de dois ponteiros,494,106,int,len,0.0523,11,228,int@BasicType@LocalVariableDeclaration@MethodDeclaration@LocalVariableDeclara...
dual_pointer,Estratégia de dois ponteiros,494,106,int,++,0.0522,9,228,int@BasicType@VariableDeclaration@ForControl@MemberReference@++
dual_pointer,Estratégia de dois ponteiros,494,106,int,front,0.0494,8,228,int@BasicType@FormalParameter@MethodDeclaration@LocalVariableDeclaration@Vari...
dual_pointer,Estratégia de dois ponteiros,494,106,int,len,0.0478,30,228,int@BasicType@LocalVariableDeclaration@MethodDeclaration@ForStatement@ForCont...
dual_pointer,Estratégia de dois ponteiros,494,106,nums,0,0.0413,5,228,nums@MemberReference@BinaryOperation@Literal@0
dual_pointer,Estratégia de dois ponteiros,494,106,int,n,0.0407,10,228,int@BasicType@FormalParameter@n
dual_pointer,Estratégia de dois ponteiros,494,106,nums,==,0.0405,11,228,nums@MemberReference@BinaryOperation@BinaryOperation@BinaryOperation@==
dual_pointer,Estratégia de dois ponteiros,494,106,int,nums,0.0341,14,228,int@BasicType@FormalParameter@nums
dual_pointer,Estratégia de dois ponteiros,494,106,d,==,0.0303,10,228,<PAD/UNK>
dual_pointer,Estratégia de dois ponteiros,494,106,int,n,0.0279,17,228,int@BasicType@FormalParameter@MethodDeclaration@FormalParameter@n
dual_pointer,Estratégia de dois ponteiros,494,106,nums,=,0.0254,7,228,nums@MemberReference@BinaryOperation@IfStatement@BlockStatement@StatementExpr...
dual_pointer,Estratégia de dois ponteiros,494,106,int,arr,0.0229,5,228,<PAD/UNK>
dual_pointer,Estratégia de dois ponteiros,494,106,end,length,0.0193,30,228,end@VariableDeclarator@BinaryOperation@MemberReference@length
dual_pointer,Estratégia de dois ponteiros,494,106,int,start,0.0182,24,228,int@BasicType@FormalParameter@MethodDeclaration@LocalVariableDeclaration@Vari...
edge_cases_especificos,Edge cases específicos do domínio,492,40,String,str,0.61,10,212,String@ReferenceType@FormalParameter@MethodDeclaration@ReturnStatement@Method...
edge_cases_especificos,Edge cases específicos do domínio,487,24,int,b,0.4149,15,150,int@BasicType@FormalParameter@b
edge_cases_especificos,Edge cases específicos do domínio,492,40,String,str,0.4015,22,212,String@ReferenceType@FormalParameter@MethodDeclaration@IfStatement@BinaryOper...
edge_cases_especificos,Edge cases específicos do domínio,487,24,0,<=,0.2615,6,150,<PAD/UNK>
edge_cases_especificos,Edge cases específicos do domínio,487,24,<=,21,0.2285,5,150,<PAD/UNK>
edge_cases_especificos,Edge cases específicos do domínio,487,24,<PAD/UNK>,21,0.1787,6,150,<PAD/UNK>
edge_cases_especificos,Edge cases específicos do domínio,487,24,int,<PAD/UNK>,0.1731,8,150,<PAD/UNK>
edge_cases_especificos,Edge cases específicos do domínio,492,40,&&,str,0.1685,5,212,&&@BinaryOperation@IfStatement@BlockStatement@ReturnStatement@MethodInvocatio...
edge_cases_especificos,Edge cases específicos do domínio,492,40,str,str,0.1586,9,212,str@FormalParameter@MethodDeclaration@LocalVariableDeclaration@VariableDeclar...
edge_cases_especificos,Edge cases específicos do domínio,492,40,var,str,0.1474,6,212,<PAD/UNK>
edge_cases_especificos,Edge cases específicos do domínio,487,24,&&,answer,0.1452,5,150,<PAD/UNK>
edge_cases_especificos,Edge cases específicos do domínio,492,40,getSandwich,str,0.1233,67,212,getSandwich@MethodDeclaration@FormalParameter@str
edge_cases_especificos,Edge cases específicos do domínio,487,24,int,>,0.1192,25,150,int@BasicType@FormalParameter@MethodDeclaration@IfStatement@BinaryOperation@B...
edge_cases_especificos,Edge cases específicos do domínio,492,40,String,String,0.1092,10,212,String@ReferenceType@FormalParameter@MethodDeclaration@LocalVariableDeclarati...
edge_cases_especificos,Edge cases específicos do domínio,492,40,String,String,0.1071,35,212,String@ReferenceType@MethodDeclaration@FormalParameter@ReferenceType@String
edge_cases_especificos,Edge cases específicos do domínio,492,40,String,str,0.1052,7,212,String@ReferenceType@FormalParameter@MethodDeclaration@LocalVariableDeclarati...
edge_cases_especificos,Edge cases específicos do domínio,492,40,&&,str,0.1049,28,212,&&@BinaryOperation@MethodInvocation@str
edge_cases_especificos,Edge cases específicos do domínio,492,40,String,str,0.1005,40,212,String@ReferenceType@FormalParameter@str
edge_cases_especificos,Edge cases específicos do domínio,487,24,int,answer,0.0979,6,150,int@BasicType@FormalParameter@MethodDeclaration@LocalVariableDeclaration@Vari...
edge_cases_especificos,Edge cases específicos do domínio,492,40,String,<PAD/UNK>,0.0905,10,212,<PAD/UNK>
edge_cases_especificos,Edge cases específicos do domínio,487,24,<PAD/UNK>,b,0.0708,6,150,<PAD/UNK>
edge_cases_especificos,Edge cases específicos do domínio,487,24,int,b,0.0566,14,150,int@BasicType@FormalParameter@MethodDeclaration@FormalParameter@b
edge_cases_especificos,Edge cases específicos do domínio,492,40,str,-,0.0489,7,212,str@FormalParameter@MethodDeclaration@LocalVariableDeclaration@VariableDeclar...
edge_cases_especificos,Edge cases específicos do domínio,492,40,String,something,0.0374,7,212,<PAD/UNK>
edge_cases_especificos,Edge cases específicos do domínio,487,24,&&,>,0.0364,12,150,&&@BinaryOperation@BinaryOperation@>
edge_cases_especificos,Edge cases específicos do domínio,492,40,String,split,0.0273,8,212,<PAD/UNK>
edge_cases_especificos,Edge cases específicos do domínio,487,24,a,21,0.021,5,150,a@MemberReference@BinaryOperation@BinaryOperation@BinaryOperation@BinaryOpera...
estado_com_indices,Tracking de estado com índices e comparações,502,48,nums,i,0.4913,18,170,nums@FormalParameter@MethodDeclaration@ForStatement@ForControl@BinaryOperatio...
estado_com_indices,Tracking de estado com índices e comparações,502,71,i,1,0.4375,5,114,i@MemberReference@BinaryOperation@Literal@1
estado_com_indices,Tracking de estado com índices e comparações,502,71,nums,i,0.4297,11,114,nums@FormalParameter@MethodDeclaration@ForStatement@ForControl@BinaryOperatio...
estado_com_indices,Tracking de estado com índices e comparações,502,71,int,0,0.2862,26,114,int@BasicType@LocalVariableDeclaration@VariableDeclarator@Literal@0
estado_com_indices,Tracking de estado com índices e comparações,502,48,i,1,0.2565,5,170,i@MemberReference@BinaryOperation@Literal@1
estado_com_indices,Tracking de estado com índices e comparações,502,48,nums,=,0.2449,5,170,nums@MemberReference@VariableDeclarator@LocalVariableDeclaration@BlockStateme...
estado_com_indices,Tracking de estado com índices e comparações,502,71,<PAD/UNK>,=,0.2245,13,114,<PAD/UNK>
estado_com_indices,Tracking de estado com índices e comparações,502,48,int,0,0.2128,14,170,int@BasicType@LocalVariableDeclaration@VariableDeclarator@Literal@0
estado_com_indices,Tracking de estado com índices e comparações,502,48,<PAD/UNK>,=,0.2101,8,170,<PAD/UNK>
estado_com_indices,Tracking de estado com índices e comparações,502,71,%,0,0.2097,11,114,%@BinaryOperation@BinaryOperation@Literal@0
estado_com_indices,Tracking de estado com índices e comparações,502,48,int,sum,0.1812,8,170,int@BasicType@LocalVariableDeclaration@VariableDeclarator@sum
estado_com_indices,Tracking de estado com índices e comparações,502,48,int,newNum,0.1665,8,170,int@BasicType@FormalParameter@MethodDeclaration@LocalVariableDeclaration@Vari...
estado_com_indices,Tracking de estado com índices e comparações,502,48,i,=,0.1586,15,170,i@MemberReference@ArraySelector@MemberReference@Assignment@=
estado_com_indices,Tracking de estado com índices e comparações,502,71,int,i,0.1459,18,114,int@BasicType@VariableDeclaration@ForControl@MemberReference@i
estado_com_indices,Tracking de estado com índices e comparações,502,48,nums,add,0.1417,7,170,nums@MemberReference@StatementExpression@BlockStatement@StatementExpression@M...
estado_com_indices,Tracking de estado com índices e comparações,502,48,int,0,0.1411,10,170,int@BasicType@FormalParameter@MethodDeclaration@LocalVariableDeclaration@Vari...
estado_com_indices,Tracking de estado com índices e comparações,502,48,int,nums,0.1411,6,170,int@BasicType@LocalVariableDeclaration@VariableDeclarator@MemberReference@nums
estado_com_indices,Tracking de estado com índices e comparações,502,48,nums,1,0.1402,5,170,<PAD/UNK>
estado_com_indices,Tracking de estado com índices e comparações,502,48,nums,=,0.138,10,170,nums@MemberReference@BinaryOperation@IfStatement@BlockStatement@StatementExpr...
estado_com_indices,Tracking de estado com índices e comparações,502,71,int,<PAD/UNK>,0.1376,40,114,<PAD/UNK>
estado_com_indices,Tracking de estado com índices e comparações,502,48,int,<PAD/UNK>,0.1283,13,170,<PAD/UNK>
estado_com_indices,Tracking de estado com índices e comparações,502,48,i,1,0.1248,6,170,i@MemberReference@BinaryOperation@BinaryOperation@Literal@1
estado_com_indices,Tracking de estado com índices e comparações,502,48,int,adding,0.1226,16,170,<PAD/UNK>
estado_com_indices,Tracking de estado com índices e comparações,502,48,nums,add,0.1152,9,170,<PAD/UNK>
estado_com_indices,Tracking de estado com índices e comparações,502,48,int,i,0.1151,28,170,int@BasicType@VariableDeclaration@ForControl@MemberReference@i
estado_com_indices,Tracking de estado com índices e comparações,502,48,10,=,0.1063,12,170,10@Literal@BinaryOperation@IfStatement@BlockStatement@StatementExpression@Ass...
estado_com_indices,Tracking de estado com índices e comparações,502,71,int,false,0.1043,7,114,<PAD/UNK>
estado_com_indices,Tracking de estado com índices e comparações,502,48,+,1,0.104,5,170,+@BinaryOperation@Literal@1
estado_com_indices,Tracking de estado com índices e comparações,502,71,sum1,=,0.1037,5,114,<PAD/UNK>
estado_com_indices,Tracking de estado com índices e comparações,502,48,nums,i,0.0965,18,170,nums@FormalParameter@MethodDeclaration@ForStatement@ForControl@MemberReference@i
estado_com_indices,Tracking de estado com índices e comparações,502,48,nums,!=,0.0931,8,170,nums@FormalParameter@MethodDeclaration@ForStatement@BlockStatement@IfStatemen...
estado_com_indices,Tracking de estado com índices e comparações,502,71,int,0,0.0896,12,114,int@BasicType@VariableDeclaration@VariableDeclarator@Literal@0
estado_com_indices,Tracking de estado com índices e comparações,502,71,int,0,0.0799,7,114,int@BasicType@FormalParameter@MethodDeclaration@LocalVariableDeclaration@Vari...
estado_com_indices,Tracking de estado com índices e comparações,502,48,int,0,0.0798,24,170,int@BasicType@VariableDeclaration@VariableDeclarator@Literal@0
estado_com_indices,Tracking de estado com índices e comparações,502,71,nums,i,0.0789,8,114,nums@FormalParameter@MethodDeclaration@ForStatement@ForControl@MemberReference@i
estado_com_indices,Tracking de estado com índices e comparações,502,71,int,==,0.0737,5,114,int@BasicType@FormalParameter@MethodDeclaration@IfStatement@BinaryOperation@==
estado_com_indices,Tracking de estado com índices e comparações,502,71,int,0,0.073,9,114,int@BasicType@LocalVariableDeclaration@MethodDeclaration@IfStatement@BinaryOp...
estado_com_indices,Tracking de estado com índices e comparações,502,48,nums,i,0.0708,14,170,nums@FormalParameter@MethodDeclaration@ForStatement@ForControl@VariableDeclar...
estado_com_indices,Tracking de estado com índices e comparações,502,71,%,2,0.0707,7,114,%@BinaryOperation@Literal@2
estado_com_indices,Tracking de estado com índices e comparações,502,48,!=,10,0.0642,5,170,!=@BinaryOperation@Literal@10
estado_com_indices,Tracking de estado com índices e comparações,502,48,j,=,0.0611,5,170,j@MemberReference@ArraySelector@MemberReference@Assignment@=
estado_com_indices,Tracking de estado com índices e comparações,502,71,int,sum1,0.056,5,114,int@BasicType@LocalVariableDeclaration@VariableDeclarator@sum1
independencia_ordem,Independência de ordem em lógica e dados,487,25,||,||,0.3926,7,218,<PAD/UNK>
independencia_ordem,Independência de ordem em lógica e dados,487,25,without2,str,0.378,13,218,without2@MethodDeclaration@FormalParameter@str
independencia_ordem,Independência de ordem em lógica e dados,487,25,big,c,0.3764,5,218,<PAD/UNK>
independencia_ordem,Independência de ordem em lógica e dados,487,25,int,c,0.333,31,218,int@BasicType@FormalParameter@c
independencia_ordem,Independência de ordem em lógica e dados,487,25,int,==,0.3255,10,218,int@BasicType@FormalParameter@MethodDeclaration@IfStatement@IfStatement@Binar...
independencia_ordem,Independência de ordem em lógica e dados,487,25,space,=,0.308,14,218,<PAD/UNK>
independencia_ordem,Independência de ordem em lógica e dados,487,25,int,c,0.3029,96,218,int@BasicType@FormalParameter@MethodDeclaration@FormalParameter@c
independencia_ordem,Independência de ordem em lógica e dados,487,17,int,c,0.2623,19,54,int@BasicType@FormalParameter@c
independencia_ordem,Independência de ordem em lógica e dados,487,25,&&,==,0.23,5,218,<PAD/UNK>
independencia_ordem,Independência de ordem em lógica e dados,487,17,int,==,0.229,19,54,int@BasicType@FormalParameter@MethodDeclaration@IfStatement@BinaryOperation@B...
independencia_ordem,Independência de ordem em lógica e dados,487,17,int,c,0.2169,39,54,int@BasicType@FormalParameter@MethodDeclaration@FormalParameter@c
independencia_ordem,Independência de ordem em lógica e dados,487,17,int,2,0.2054,6,54,int@BasicType@FormalParameter@MethodDeclaration@IfStatement@BinaryOperation@L...
independencia_ordem,Independência de ordem em lógica e dados,487,25,int,j,0.2037,9,218,<PAD/UNK>
independencia_ordem,Independência de ordem em lógica e dados,487,17,int,<PAD/UNK>,0.1934,6,54,<PAD/UNK>
independencia_ordem,Independência de ordem em lógica e dados,487,25,b,/,0.1926,5,218,<PAD/UNK>
independencia_ordem,Independência de ordem em lógica e dados,487,25,int,==,0.1926,22,218,int@BasicType@FormalParameter@MethodDeclaration@IfStatement@BinaryOperation@B...
independencia_ordem,Independência de ordem em lógica e dados,487,17,int,=,0.174,13,54,int@BasicType@FormalParameter@MethodDeclaration@IfStatement@Assignment@=
independencia_ordem,Independência de ordem em lógica e dados,487,25,int,diffAC,0.1736,5,218,<PAD/UNK>
independencia_ordem,Independência de ordem em lógica e dados,487,25,<PAD/UNK>,abs,0.1589,17,218,<PAD/UNK>
independencia_ordem,Independência de ordem em lógica e dados,487,25,small,&&,0.1555,10,218,<PAD/UNK>
independencia_ordem,Independência de ordem em lógica e dados,487,25,<PAD/UNK>,=,0.1499,64,218,<PAD/UNK>
independencia_ordem,Independência de ordem em lógica e dados,487,25,int,<PAD/UNK>,0.1479,66,218,<PAD/UNK>
independencia_ordem,Independência de ordem em lógica e dados,487,25,<PAD/UNK>,b,0.1276,9,218,<PAD/UNK>
independencia_ordem,Independência de ordem em lógica e dados,487,25,<PAD/UNK>,false,0.1274,7,218,<PAD/UNK>
independencia_ordem,Independência de ordem em lógica e dados,487,25,ac,=,0.112,6,218,<PAD/UNK>
independencia_ordem,Independência de ordem em lógica e dados,487,25,b,space,0.0877,10,218,<PAD/UNK>
independencia_ordem,Independência de ordem em lógica e dados,487,25,space,>,0.0712,10,218,<PAD/UNK>
independencia_ordem,Independência de ordem em lógica e dados,487,25,int,>,0.0678,7,218,int@BasicType@LocalVariableDeclaration@MethodDeclaration@IfStatement@BinaryOp...
independencia_ordem,Independência de ordem em lógica e dados,487,17,int,redTicket,0.0667,6,54,int@BasicType@MethodDeclaration@redTicket
independencia_ordem,Independência de ordem em lógica e dados,487,25,int,Math,0.0604,18,218,int@BasicType@FormalParameter@MethodDeclaration@IfStatement@BinaryOperation@M...
independencia_ordem,Independência de ordem em lógica e dados,487,25,int,diff1,0.0526,5,218,int@BasicType@FormalParameter@MethodDeclaration@LocalVariableDeclaration@Vari...
independencia_ordem,Independência de ordem em lógica e dados,487,25,int,b,0.0509,28,218,int@BasicType@FormalParameter@MethodDeclaration@FormalParameter@b
independencia_ordem,Independência de ordem em lógica e dados,487,25,int,abs,0.0442,9,218,int@BasicType@FormalParameter@MethodDeclaration@IfStatement@BinaryOperation@M...
independencia_ordem,Independência de ordem em lógica e dados,487,25,int,int,0.0436,5,218,int@BasicType@LocalVariableDeclaration@MethodDeclaration@LocalVariableDeclara...
independencia_ordem,Independência de ordem em lógica e dados,487,25,int,false,0.0349,5,218,int@BasicType@FormalParameter@MethodDeclaration@IfStatement@ReturnStatement@L...
independencia_ordem,Independência de ordem em lógica e dados,487,25,int,==,0.0329,29,218,int@BasicType@FormalParameter@MethodDeclaration@IfStatement@BinaryOperation@==
independencia_ordem,Independência de ordem em lógica e dados,487,17,int,b,0.0314,9,54,int@BasicType@FormalParameter@MethodDeclaration@FormalParameter@b
independencia_ordem,Independência de ordem em lógica e dados,487,25,int,-,0.0249,11,218,int@BasicType@FormalParameter@MethodDeclaration@IfStatement@BinaryOperation@B...
independencia_ordem,Independência de ordem em lógica e dados,487,25,boolean,<PAD/UNK>,0.0247,5,218,<PAD/UNK>
independencia_ordem,Independência de ordem em lógica e dados,487,25,||,c,0.0236,5,218,||@BinaryOperation@BinaryOperation@MemberReference@c
independencia_ordem,Independência de ordem em lógica e dados,487,25,||,c,0.0051,7,218,||@BinaryOperation@BinaryOperation@BinaryOperation@MemberReference@c
inicializacao_variaveis,Inicialização de variáveis para padrões computacionais,502,71,i,1,0.4375,5,114,i@MemberReference@BinaryOperation@Literal@1
inicializacao_variaveis,Inicialização de variáveis para padrões computacionais,502,71,nums,i,0.4297,11,114,nums@FormalParameter@MethodDeclaration@ForStatement@ForControl@BinaryOperatio...
inicializacao_variaveis,Inicialização de variáveis para padrões computacionais,502,118,int,=,0.405,34,146,int@BasicType@LocalVariableDeclaration@MethodDeclaration@StatementExpression@...
inicializacao_variaveis,Inicialização de variáveis para padrões computacionais,502,118,int,=,0.3213,6,146,int@BasicType@VariableDeclaration@ForControl@ForStatement@StatementExpression...
inicializacao_variaveis,Inicialização de variáveis para padrões computacionais,502,118,int,result,0.3162,9,146,int@BasicType@LocalVariableDeclaration@VariableDeclarator@result
inicializacao_variaveis,Inicialização de variáveis para padrões computacionais,502,71,int,0,0.2862,26,114,int@BasicType@LocalVariableDeclaration@VariableDeclarator@Literal@0
inicializacao_variaveis,Inicialização de variáveis para padrões computacionais,502,118,nums,i,0.2566,18,146,nums@FormalParameter@MethodDeclaration@ForStatement@ForControl@BinaryOperatio...
inicializacao_variaveis,Inicialização de variáveis para padrões computacionais,502,118,int,2,0.2301,17,146,int@BasicType@ArrayCreator@BinaryOperation@Literal@2
inicializacao_variaveis,Inicialização de variáveis para padrões computacionais,502,71,<PAD/UNK>,=,0.2245,13,114,<PAD/UNK>
inicializacao_variaveis,Inicialização de variáveis para padrões computacionais,502,118,i,=,0.2127,9,146,i@MemberReference@ArraySelector@MemberReference@Assignment@=
inicializacao_variaveis,Inicialização de variáveis para padrões computacionais,502,118,<PAD/UNK>,=,0.2108,16,146,<PAD/UNK>
inicializacao_variaveis,Inicialização de variáveis para padrões computacionais,502,71,%,0,0.2097,11,114,%@BinaryOperation@BinaryOperation@Literal@0
inicializacao_variaveis,Inicialização de variáveis para padrões computacionais,502,118,i,1,0.2008,28,146,i@MemberReference@BinaryOperation@Literal@1
inicializacao_variaveis,Inicialização de variáveis para padrões computacionais,502,118,int,shifted,0.152,5,146,<PAD/UNK>
inicializacao_variaveis,Inicialização de variáveis para padrões computacionais,502,71,int,i,0.1459,18,114,int@BasicType@VariableDeclaration@ForControl@MemberReference@i
inicializacao_variaveis,Inicialização de variáveis para padrões computacionais,502,118,i,=,0.1424,16,146,i@MemberReference@ForControl@ForStatement@BlockStatement@StatementExpression@...
inicializacao_variaveis,Inicialização de variáveis para padrões computacionais,502,71,int,<PAD/UNK>,0.1376,40,114,<PAD/UNK>
inicializacao_variaveis,Inicialização de variáveis para padrões computacionais,502,118,1,=,0.1346,58,146,1@Literal@BinaryOperation@ArraySelector@MemberReference@Assignment@=
inicializacao_variaveis,Inicialização de variáveis para padrões computacionais,502,118,i,=,0.1282,10,146,i@MemberReference@BinaryOperation@ArraySelector@MemberReference@Assignment@=
inicializacao_variaveis,Inicialização de variáveis para padrões computacionais,502,118,int,<PAD/UNK>,0.1247,13,146,<PAD/UNK>
inicializacao_variaveis,Inicialização de variáveis para padrões computacionais,502,118,left,=,0.1091,15,146,left@MemberReference@Assignment@=
inicializacao_variaveis,Inicialização de variáveis para padrões computacionais,502,118,nums,=,0.1064,5,146,nums@MemberReference@VariableDeclarator@LocalVariableDeclaration@BlockStateme...
inicializacao_variaveis,Inicialização de variáveis para padrões computacionais,502,71,int,false,0.1043,7,114,<PAD/UNK>
inicializacao_variaveis,Inicialização de variáveis para padrões computacionais,502,71,sum1,=,0.1037,5,114,<PAD/UNK>
inicializacao_variaveis,Inicialização de variáveis para padrões computacionais,502,118,==,left,0.1032,12,146,<PAD/UNK>
inicializacao_variaveis,Inicialização de variáveis para padrões computacionais,502,118,int,i,0.0939,26,146,int@BasicType@VariableDeclaration@ForControl@MemberReference@i
inicializacao_variaveis,Inicialização de variáveis para padrões computacionais,502,118,nums,=,0.0938,7,146,nums@FormalParameter@MethodDeclaration@ForStatement@BlockStatement@StatementE...
inicializacao_variaveis,Inicialização de variáveis para padrões computacionais,502,118,i,1,0.0931,9,146,i@MemberReference@BinaryOperation@BinaryOperation@Literal@1
inicializacao_variaveis,Inicialização de variáveis para padrões computacionais,502,71,int,0,0.0896,12,114,int@BasicType@VariableDeclaration@VariableDeclarator@Literal@0
inicializacao_variaveis,Inicialização de variáveis para padrões computacionais,502,118,int,nums,0.083,14,146,int@BasicType@LocalVariableDeclaration@VariableDeclarator@MemberReference@nums
inicializacao_variaveis,Inicialização de variáveis para padrões computacionais,502,118,nums,i,0.0803,9,146,nums@FormalParameter@MethodDeclaration@ForStatement@ForControl@MemberReference@i
inicializacao_variaveis,Inicialização de variáveis para padrões computacionais,502,71,int,0,0.0799,7,114,int@BasicType@FormalParameter@MethodDeclaration@LocalVariableDeclaration@Vari...
inicializacao_variaveis,Inicialização de variáveis para padrões computacionais,502,118,int,end,0.0796,6,146,<PAD/UNK>
inicializacao_variaveis,Inicialização de variáveis para padrões computacionais,502,71,nums,i,0.0789,8,114,nums@FormalParameter@MethodDeclaration@ForStatement@ForControl@MemberReference@i
inicializacao_variaveis,Inicialização de variáveis para padrões computacionais,502,118,int,1,0.0765,8,146,int@BasicType@VariableDeclaration@VariableDeclarator@Literal@1
inicializacao_variaveis,Inicialização de variáveis para padrões computacionais,502,118,int,1,0.0758,13,146,int@BasicType@ArrayCreator@BinaryOperation@BinaryOperation@BinaryOperation@Li...
inicializacao_variaveis,Inicialização de variáveis para padrões computacionais,502,71,int,==,0.0737,5,114,int@BasicType@FormalParameter@MethodDeclaration@IfStatement@BinaryOperation@==
inicializacao_variaveis,Inicialização de variáveis para padrões computacionais,502,71,int,0,0.073,9,114,int@BasicType@LocalVariableDeclaration@MethodDeclaration@IfStatement@BinaryOp...
inicializacao_variaveis,Inicialização de variáveis para padrões computacionais,502,71,%,2,0.0707,7,114,%@BinaryOperation@Literal@2
inicializacao_variaveis,Inicialização de variáveis para padrões computacionais,502,118,+,1,0.0603,9,146,+@BinaryOperation@Literal@1
inicializacao_variaveis,Inicialização de variáveis para padrões computacionais,502,71,int,sum1,0.056,5,114,int@BasicType@LocalVariableDeclaration@VariableDeclarator@sum1
inicializacao_variaveis,Inicialização de variáveis para padrões computacionais,502,118,nums,=,0.0549,10,146,nums@MemberReference@BinaryOperation@ArraySelector@MemberReference@Assignment@=
inicializacao_variaveis,Inicialização de variáveis para padrões computacionais,502,118,int,i,0.0478,7,146,int@BasicType@VariableDeclaration@ForControl@BinaryOperation@MemberReference@i
inicializacao_variaveis,Inicialização de variáveis para padrões computacionais,502,118,nums,=,0.0448,5,146,nums@MemberReference@Assignment@=
iteracao_indexada,Iteração indexada e controle de loop,492,32,countCode,str,0.9634,11,448,countCode@MethodDeclaration@FormalParameter@str
iteracao_indexada,Iteração indexada e controle de loop,492,36,countCode,str,0.9269,47,141,countCode@MethodDeclaration@FormalParameter@str
iteracao_indexada,Iteração indexada e controle de loop,494,49,int,0,0.8773,9,120,int@BasicType@VariableDeclaration@VariableDeclarator@Literal@0
iteracao_indexada,Iteração indexada e controle de loop,492,128,bobThere,str,0.8516,47,126,bobThere@MethodDeclaration@FormalParameter@str
iteracao_indexada,Iteração indexada e controle de loop,494,41,int,+,0.8466,10,51,int@BasicType@FormalParameter@MethodDeclaration@ReturnStatement@BinaryOperati...
iteracao_indexada,Iteração indexada e controle de loop,494,107,int,0,0.8454,28,354,int@BasicType@VariableDeclaration@VariableDeclarator@Literal@0
iteracao_indexada,Iteração indexada e controle de loop,494,46,int,0,0.8311,18,172,int@BasicType@VariableDeclaration@VariableDeclarator@Literal@0
iteracao_indexada,Iteração indexada e controle de loop,492,39,bobThere,str,0.8271,14,162,bobThere@MethodDeclaration@FormalParameter@str
iteracao_indexada,Iteração indexada e controle de loop,494,106,int,0,0.7714,36,228,int@BasicType@VariableDeclaration@VariableDeclarator@Literal@0
iteracao_indexada,Iteração indexada e controle de loop,492,38,<,str,0.757,5,254,<@BinaryOperation@BinaryOperation@MethodInvocation@str
iteracao_indexada,Iteração indexada e controle de loop,492,39,<PAD/UNK>,str,0.7242,11,162,<PAD/UNK>
iteracao_indexada,Iteração indexada e controle de loop,492,33,String,a,0.7222,5,225,<PAD/UNK>
iteracao_indexada,Iteração indexada e controle de loop,494,107,nums,=,0.6192,18,354,nums@MemberReference@Assignment@=
iteracao_indexada,Iteração indexada e controle de loop,502,70,int,&&,0.6161,8,271,int@BasicType@FormalParameter@MethodDeclaration@IfStatement@BinaryOperation@&&
iteracao_indexada,Iteração indexada e controle de loop,492,38,==,str,0.6132,7,254,==@BinaryOperation@BinaryOperation@BinaryOperation@MethodInvocation@str
iteracao_indexada,Iteração indexada e controle de loop,492,40,String,str,0.61,10,212,String@ReferenceType@FormalParameter@MethodDeclaration@ReturnStatement@Method...
iteracao_indexada,Iteração indexada e controle de loop,502,112,int,2,0.5753,30,217,int@BasicType@LocalVariableDeclaration@VariableDeclarator@ArrayCreator@Binary...
iteracao_indexada,Iteração indexada e controle de loop,492,39,xyBalance,str,0.5742,5,162,xyBalance@MethodDeclaration@ForStatement@ForControl@BinaryOperation@MethodInv...
iteracao_indexada,Iteração indexada e controle de loop,502,70,int,1,0.5539,7,271,int@BasicType@FormalParameter@MethodDeclaration@IfStatement@BinaryOperation@L...
iteracao_indexada,Iteração indexada e controle de loop,494,49,int,1,0.5397,19,120,int@BasicType@VariableDeclaration@ForControl@BinaryOperation@BinaryOperation@...
iteracao_indexada,Iteração indexada e controle de loop,494,107,<,==,0.5391,52,354,<@BinaryOperation@ForControl@ForStatement@BlockStatement@IfStatement@BinaryOp...
iteracao_indexada,Iteração indexada e controle de loop,494,106,int,result,0.536,7,228,int@BasicType@FormalParameter@MethodDeclaration@LocalVariableDeclaration@Vari...
iteracao_indexada,Iteração indexada e controle de loop,492,32,<,str,0.5311,9,448,<@BinaryOperation@BinaryOperation@MethodInvocation@str
iteracao_indexada,Iteração indexada e controle de loop,494,49,int,length,0.516,25,120,int@BasicType@VariableDeclaration@ForControl@BinaryOperation@MemberReference@...
iteracao_indexada,Iteração indexada e controle de loop,494,41,int,<=,0.5096,7,51,int@BasicType@LocalVariableDeclaration@MethodDeclaration@ForStatement@ForCont...
iteracao_indexada,Iteração indexada e controle de loop,492,37,String,str,0.5074,7,104,String@ReferenceType@FormalParameter@MethodDeclaration@IfStatement@BinaryOper...
iteracao_indexada,Iteração indexada e controle de loop,502,112,int,=,0.5041,9,217,int@BasicType@LocalVariableDeclaration@BlockStatement@StatementExpression@Ass...
iteracao_indexada,Iteração indexada e controle de loop,492,31,<PAD/UNK>,str,0.4988,20,202,<PAD/UNK>
iteracao_indexada,Iteração indexada e controle de loop,502,48,nums,i,0.4913,18,170,nums@FormalParameter@MethodDeclaration@ForStatement@ForControl@BinaryOperatio...
iteracao_indexada,Iteração indexada e controle de loop,492,32,<PAD/UNK>,str,0.4875,40,448,<PAD/UNK>
iteracao_indexada,Iteração indexada e controle de loop,492,34,<PAD/UNK>,str,0.4801,14,309,<PAD/UNK>
iteracao_indexada,Iteração indexada e controle de loop,494,107,int,1,0.4702,43,354,int@BasicType@VariableDeclaration@ForControl@BinaryOperation@BinaryOperation@...
iteracao_indexada,Iteração indexada e controle de loop,492,34,==,str,0.4649,6,309,==@BinaryOperation@BinaryOperation@BinaryOperation@MethodInvocation@str
iteracao_indexada,Iteração indexada e controle de loop,502,112,nums,i,0.459,5,217,nums@FormalParameter@MethodDeclaration@ForStatement@ForControl@BinaryOperatio...
iteracao_indexada,Iteração indexada e controle de loop,492,34,zipZap,str,0.454,95,309,zipZap@MethodDeclaration@FormalParameter@str
iteracao_indexada,Iteração indexada e controle de loop,492,37,j,-,0.4536,5,104,<PAD/UNK>
iteracao_indexada,Iteração indexada e controle de loop,494,107,int,==,0.4532,8,354,int@BasicType@LocalVariableDeclaration@MethodDeclaration@IfStatement@BinaryOp...
iteracao_indexada,Iteração indexada e controle de loop,494,106,>,==,0.4473,13,228,>@BinaryOperation@BinaryOperation@BinaryOperation@==
iteracao_indexada,Iteração indexada e controle de loop,502,70,int,len,0.4432,6,271,int@BasicType@LocalVariableDeclaration@VariableDeclarator@len
iteracao_indexada,Iteração indexada e controle de loop,492,128,String,str,0.4423,5,126,String@ReferenceType@FormalParameter@MethodDeclaration@IfStatement@BinaryOper...
iteracao_indexada,Iteração indexada e controle de loop,492,31,<,str,0.4421,8,202,<PAD/UNK>
iteracao_indexada,Iteração indexada e controle de loop,494,46,int,length,0.4421,11,172,int@BasicType@VariableDeclaration@ForControl@BinaryOperation@MemberReference@...
iteracao_indexada,Iteração indexada e controle de loop,494,106,nums,=,0.4401,25,228,nums@MemberReference@Assignment@=
iteracao_indexada,Iteração indexada e controle de loop,492,36,countCode,str,0.4398,14,141,countCode@MethodDeclaration@ForStatement@ForControl@BinaryOperation@MethodInv...
iteracao_indexada,Iteração indexada e controle de loop,502,71,i,1,0.4375,5,114,i@MemberReference@BinaryOperation@Literal@1
iteracao_indexada,Iteração indexada e controle de loop,492,38,'.',str,0.4364,6,254,<PAD/UNK>
iteracao_indexada,Iteração indexada e controle de loop,492,38,String,String,0.4354,5,254,String@ReferenceType@LocalVariableDeclaration@MethodDeclaration@LocalVariable...
iteracao_indexada,Iteração indexada e controle de loop,492,32,plusStr,str,0.4353,5,448,<PAD/UNK>
iteracao_indexada,Iteração indexada e controle de loop,492,32,String,str,0.433,19,448,String@ReferenceType@FormalParameter@MethodDeclaration@StatementExpression@As...
iteracao_indexada,Iteração indexada e controle de loop,494,49,int,==,0.4325,10,120,int@BasicType@LocalVariableDeclaration@MethodDeclaration@IfStatement@BinaryOp...
iteracao_indexada,Iteração indexada e controle de loop,502,64,a,=,0.4323,5,234,a@MemberReference@ArraySelector@MemberReference@Assignment@=
iteracao_indexada,Iteração indexada e controle de loop,502,45,sum,=,0.4323,8,127,sum@MemberReference@BinaryOperation@Assignment@=
iteracao_indexada,Iteração indexada e controle de loop,494,107,int,end,0.4297,10,354,int@BasicType@LocalVariableDeclaration@VariableDeclarator@end
iteracao_indexada,Iteração indexada e controle de loop,502,71,nums,i,0.4297,11,114,nums@FormalParameter@MethodDeclaration@ForStatement@ForControl@BinaryOperatio...
iteracao_indexada,Iteração indexada e controle de loop,502,112,1,=,0.4263,5,217,1@Literal@BinaryOperation@Assignment@=
iteracao_indexada,Iteração indexada e controle de loop,492,38,<PAD/UNK>,str,0.4228,7,254,<PAD/UNK>
iteracao_indexada,Iteração indexada e controle de loop,492,39,==,str,0.4148,5,162,==@BinaryOperation@BinaryOperation@BinaryOperation@MethodInvocation@str
iteracao_indexada,Iteração indexada e controle de loop,494,106,int,end,0.4141,44,228,int@BasicType@LocalVariableDeclaration@VariableDeclarator@end
iteracao_indexada,Iteração indexada e controle de loop,494,107,int,length,0.4134,33,354,int@BasicType@VariableDeclaration@ForControl@BinaryOperation@MemberReference@...
iteracao_indexada,Iteração indexada e controle de loop,494,46,int,1,0.4104,18,172,int@BasicType@VariableDeclaration@ForControl@BinaryOperation@BinaryOperation@...
iteracao_indexada,Iteração indexada e controle de loop,502,118,int,=,0.405,34,146,int@BasicType@LocalVariableDeclaration@MethodDeclaration@StatementExpression@...
iteracao_indexada,Iteração indexada e controle de loop,492,40,String,str,0.4015,22,212,String@ReferenceType@FormalParameter@MethodDeclaration@IfStatement@BinaryOper...
iteracao_indexada,Iteração indexada e controle de loop,502,70,nums,i,0.397,63,271,nums@FormalParameter@MethodDeclaration@ForStatement@ForControl@BinaryOperatio...
iteracao_indexada,Iteração indexada e controle de loop,492,39,substring,str,0.3916,7,162,<PAD/UNK>
iteracao_indexada,Iteração indexada e controle de loop,494,107,nums,==,0.3891,11,354,nums@MemberReference@BinaryOperation@IfStatement@BlockStatement@IfStatement@B...
iteracao_indexada,Iteração indexada e controle de loop,492,38,String,str,0.3886,9,254,String@ReferenceType@FormalParameter@MethodDeclaration@StatementExpression@As...
iteracao_indexada,Iteração indexada e controle de loop,492,32,<,word,0.388,5,448,<@BinaryOperation@WhileStatement@BlockStatement@StatementExpression@MethodInv...
iteracao_indexada,Iteração indexada e controle de loop,494,107,int,cur,0.3804,8,354,<PAD/UNK>
iteracao_indexada,Iteração indexada e controle de loop,492,38,<,str,0.3755,5,254,<PAD/UNK>
iteracao_indexada,Iteração indexada e controle de loop,492,39,String,Boolean,0.365,6,162,<PAD/UNK>
iteracao_indexada,Iteração indexada e controle de loop,494,107,int,<PAD/UNK>,0.358,17,354,<PAD/UNK>
iteracao_indexada,Iteração indexada e controle de loop,502,64,%,i,0.3573,38,234,%@BinaryOperation@MemberReference@i
iteracao_indexada,Iteração indexada e controle de loop,492,38,-,2,0.3571,5,254,-@BinaryOperation@Literal@2
iteracao_indexada,Iteração indexada e controle de loop,492,37,String,x,0.356,18,104,String@ReferenceType@FormalParameter@MethodDeclaration@LocalVariableDeclarati...
iteracao_indexada,Iteração indexada e controle de loop,492,34,==,str,0.3511,8,309,<PAD/UNK>
iteracao_indexada,Iteração indexada e controle de loop,502,70,i,1,0.3509,47,271,i@MemberReference@BinaryOperation@Literal@1
iteracao_indexada,Iteração indexada e controle de loop,492,32,String,str,0.3493,6,448,<PAD/UNK>
iteracao_indexada,Iteração indexada e controle de loop,502,70,int,0,0.3412,7,271,int@BasicType@LocalVariableDeclaration@VariableDeclarator@Literal@0
iteracao_indexada,Iteração indexada e controle de loop,502,56,int,largest,0.3386,20,173,int@BasicType@LocalVariableDeclaration@VariableDeclarator@largest
iteracao_indexada,Iteração indexada e controle de loop,492,32,<,str,0.3315,8,448,<@BinaryOperation@ForControl@ForStatement@MethodDeclaration@ReturnStatement@M...
iteracao_indexada,Iteração indexada e controle de loop,494,46,int,<PAD/UNK>,0.3308,22,172,<PAD/UNK>
iteracao_indexada,Iteração indexada e controle de loop,492,33,String,out,0.3301,8,225,String@ReferenceType@FormalParameter@MethodDeclaration@LocalVariableDeclarati...
iteracao_indexada,Iteração indexada e controle de loop,494,107,int,end,0.3292,9,354,int@BasicType@FormalParameter@MethodDeclaration@LocalVariableDeclaration@Vari...
iteracao_indexada,Iteração indexada e controle de loop,502,70,==,=,0.3248,18,271,==@BinaryOperation@IfStatement@IfStatement@BlockStatement@StatementExpression...
iteracao_indexada,Iteração indexada e controle de loop,502,112,int,0,0.3244,13,217,int@BasicType@LocalVariableDeclaration@MethodDeclaration@LocalVariableDeclara...
iteracao_indexada,Iteração indexada e controle de loop,494,106,int,length,0.3236,9,228,int@BasicType@VariableDeclaration@ForControl@BinaryOperation@MemberReference@...
iteracao_indexada,Iteração indexada e controle de loop,502,118,int,=,0.3213,6,146,int@BasicType@VariableDeclaration@ForControl@ForStatement@StatementExpression...
iteracao_indexada,Iteração indexada e controle de loop,492,31,1,str,0.3193,7,202,1@Literal@BinaryOperation@IfStatement@StatementExpression@MethodInvocation@Me...
iteracao_indexada,Iteração indexada e controle de loop,494,106,int,end,0.3192,46,228,int@BasicType@FormalParameter@MethodDeclaration@LocalVariableDeclaration@Vari...
iteracao_indexada,Iteração indexada e controle de loop,502,118,int,result,0.3162,9,146,int@BasicType@LocalVariableDeclaration@VariableDeclarator@result
iteracao_indexada,Iteração indexada e controle de loop,492,36,String,str,0.3161,5,141,String@ReferenceType@FormalParameter@MethodDeclaration@LocalVariableDeclarati...
iteracao_indexada,Iteração indexada e controle de loop,492,34,zipZap,str,0.3085,28,309,<PAD/UNK>
iteracao_indexada,Iteração indexada e controle de loop,502,70,count,=,0.3065,16,271,count@MemberReference@Assignment@=
iteracao_indexada,Iteração indexada e controle de loop,502,56,nums,i,0.3031,7,173,nums@FormalParameter@MethodDeclaration@ForStatement@ForControl@BinaryOperatio...
iteracao_indexada,Iteração indexada e controle de loop,492,37,String,String,0.2971,5,104,String@ReferenceType@MethodDeclaration@FormalParameter@ReferenceType@String
iteracao_indexada,Iteração indexada e controle de loop,502,64,%,%,0.2905,13,234,%@BinaryOperation@BinaryOperation@BinaryOperation@BinaryOperation@BinaryOpera...
iteracao_indexada,Iteração indexada e controle de loop,492,38,substring,str,0.2903,7,254,<PAD/UNK>
iteracao_indexada,Iteração indexada e controle de loop,492,38,String,str,0.2888,24,254,String@ReferenceType@FormalParameter@MethodDeclaration@IfStatement@MethodInvo...
iteracao_indexada,Iteração indexada e controle de loop,492,33,repeatEnd,String,0.2888,12,225,repeatEnd@MethodDeclaration@FormalParameter@ReferenceType@String
iteracao_indexada,Iteração indexada e controle de loop,502,70,<PAD/UNK>,=,0.2865,27,271,<PAD/UNK>
iteracao_indexada,Iteração indexada e controle de loop,492,34,'z',str,0.2863,6,309,<PAD/UNK>
iteracao_indexada,Iteração indexada e controle de loop,502,45,int,0,0.2863,22,127,int@BasicType@LocalVariableDeclaration@VariableDeclarator@Literal@0
iteracao_indexada,Iteração indexada e controle de loop,502,71,int,0,0.2862,26,114,int@BasicType@LocalVariableDeclaration@VariableDeclarator@Literal@0
iteracao_indexada,Iteração indexada e controle de loop,492,37,<PAD/UNK>,a,0.2856,6,104,<PAD/UNK>
iteracao_indexada,Iteração indexada e controle de loop,494,46,int,result,0.2831,5,172,int@BasicType@FormalParameter@MethodDeclaration@LocalVariableDeclaration@Vari...
iteracao_indexada,Iteração indexada e controle de loop,494,106,int,==,0.2829,7,228,int@BasicType@FormalParameter@MethodDeclaration@IfStatement@BinaryOperation@B...
iteracao_indexada,Iteração indexada e controle de loop,492,33,<PAD/UNK>,a,0.2804,22,225,<PAD/UNK>
iteracao_indexada,Iteração indexada e controle de loop,492,39,String,str,0.2797,65,162,String@ReferenceType@FormalParameter@str
iteracao_indexada,Iteração indexada e controle de loop,492,31,a,str,0.2791,5,202,<PAD/UNK>
iteracao_indexada,Iteração indexada e controle de loop,494,46,int,==,0.2785,7,172,int@BasicType@FormalParameter@MethodDeclaration@IfStatement@BinaryOperation@==
iteracao_indexada,Iteração indexada e controle de loop,492,39,str,str,0.2777,16,162,str@FormalParameter@MethodDeclaration@LocalVariableDeclaration@VariableDeclar...
iteracao_indexada,Iteração indexada e controle de loop,502,56,int,0,0.2752,30,173,int@BasicType@LocalVariableDeclaration@MethodDeclaration@LocalVariableDeclara...
iteracao_indexada,Iteração indexada e controle de loop,502,51,nums,i,0.2726,11,115,nums@FormalParameter@MethodDeclaration@ForStatement@ForControl@BinaryOperatio...
iteracao_indexada,Iteração indexada e controle de loop,492,37,String,String,0.2689,12,104,String@ReferenceType@LocalVariableDeclaration@MethodDeclaration@LocalVariable...
iteracao_indexada,Iteração indexada e controle de loop,502,64,==,=,0.2666,21,234,==@BinaryOperation@IfStatement@IfStatement@BlockStatement@StatementExpression...
iteracao_indexada,Iteração indexada e controle de loop,502,45,<PAD/UNK>,=,0.2658,19,127,<PAD/UNK>
iteracao_indexada,Iteração indexada e controle de loop,494,107,<,==,0.2657,7,354,<@BinaryOperation@BinaryOperation@BinaryOperation@==
iteracao_indexada,Iteração indexada e controle de loop,492,36,str,str,0.2646,16,141,str@FormalParameter@MethodDeclaration@LocalVariableDeclaration@VariableDeclar...
iteracao_indexada,Iteração indexada e controle de loop,492,32,<,out,0.2622,6,448,<PAD/UNK>
iteracao_indexada,Iteração indexada e controle de loop,502,70,int,1,0.2618,6,271,int@BasicType@VariableDeclaration@VariableDeclarator@Literal@1
iteracao_indexada,Iteração indexada e controle de loop,492,34,version,str,0.2599,6,309,<PAD/UNK>
iteracao_indexada,Iteração indexada e controle de loop,492,34,String,version,0.2595,13,309,<PAD/UNK>
iteracao_indexada,Iteração indexada e controle de loop,502,56,int,0,0.2569,38,173,int@BasicType@LocalVariableDeclaration@VariableDeclarator@Literal@0
iteracao_indexada,Iteração indexada e controle de loop,502,118,nums,i,0.2566,18,146,nums@FormalParameter@MethodDeclaration@ForStatement@ForControl@BinaryOperatio...
iteracao_indexada,Iteração indexada e controle de loop,502,48,i,1,0.2565,5,170,i@MemberReference@BinaryOperation@Literal@1
iteracao_indexada,Iteração indexada e controle de loop,492,34,+=,str,0.2559,10,309,+=@Assignment@StatementExpression@BlockStatement@StatementExpression@Assignme...
iteracao_indexada,Iteração indexada e controle de loop,492,32,String,version,0.2557,27,448,<PAD/UNK>
iteracao_indexada,Iteração indexada e controle de loop,502,51,<PAD/UNK>,=,0.2554,10,115,<PAD/UNK>
iteracao_indexada,Iteração indexada e controle de loop,502,112,int,2,0.2513,57,217,int@BasicType@ArrayCreator@BinaryOperation@Literal@2
iteracao_indexada,Iteração indexada e controle de loop,502,51,nums,%,0.2494,6,115,<PAD/UNK>
iteracao_indexada,Iteração indexada e controle de loop,492,34,String,newString,0.2493,10,309,String@ReferenceType@FormalParameter@MethodDeclaration@LocalVariableDeclarati...
iteracao_indexada,Iteração indexada e controle de loop,502,112,i,1,0.2471,12,217,i@MemberReference@BinaryOperation@Literal@1
iteracao_indexada,Iteração indexada e controle de loop,502,48,nums,=,0.2449,5,170,nums@MemberReference@VariableDeclarator@LocalVariableDeclaration@BlockStateme...
iteracao_indexada,Iteração indexada e controle de loop,492,33,<,a,0.2445,8,225,<PAD/UNK>
iteracao_indexada,Iteração indexada e controle de loop,502,112,int,0,0.2431,53,217,int@BasicType@LocalVariableDeclaration@VariableDeclarator@Literal@0
iteracao_indexada,Iteração indexada e controle de loop,492,34,<,str,0.243,8,309,<@BinaryOperation@BinaryOperation@MethodInvocation@str
iteracao_indexada,Iteração indexada e controle de loop,492,38,String,str,0.2417,15,254,String@ReferenceType@FormalParameter@MethodDeclaration@LocalVariableDeclarati...
iteracao_indexada,Iteração indexada e controle de loop,492,34,zipZap,output,0.2382,5,309,<PAD/UNK>
iteracao_indexada,Iteração indexada e controle de loop,494,46,int,everywhere,0.2367,23,172,int@BasicType@FormalParameter@MethodDeclaration@LocalVariableDeclaration@Vari...
iteracao_indexada,Iteração indexada e controle de loop,494,107,int,2,0.2357,5,354,int@BasicType@VariableDeclaration@ForControl@BinaryOperation@BinaryOperation@...
iteracao_indexada,Iteração indexada e controle de loop,492,33,str,str,0.2346,6,225,str@FormalParameter@MethodDeclaration@LocalVariableDeclaration@VariableDeclar...
iteracao_indexada,Iteração indexada e controle de loop,492,33,a,append,0.2323,7,225,a@MethodInvocation@MethodInvocation@append
iteracao_indexada,Iteração indexada e controle de loop,502,64,%,+=,0.2304,14,234,<PAD/UNK>
iteracao_indexada,Iteração indexada e controle de loop,502,112,count,=,0.2301,5,217,count@MemberReference@ArraySelector@MemberReference@Assignment@=
iteracao_indexada,Iteração indexada e controle de loop,502,118,int,2,0.2301,17,146,int@BasicType@ArrayCreator@BinaryOperation@Literal@2
iteracao_indexada,Iteração indexada e controle de loop,492,32,equals,str,0.2295,15,448,<PAD/UNK>
iteracao_indexada,Iteração indexada e controle de loop,492,38,"""xyz""",str,0.2294,6,254,<PAD/UNK>
iteracao_indexada,Iteração indexada e controle de loop,492,31,stbuild,+,0.2276,7,202,stbuild@MethodInvocation@MethodInvocation@BinaryOperation@+
iteracao_indexada,Iteração indexada e controle de loop,492,33,<PAD/UNK>,lengthA,0.2275,6,225,<PAD/UNK>
iteracao_indexada,Iteração indexada e controle de loop,492,32,j,word,0.2251,9,448,<PAD/UNK>
iteracao_indexada,Iteração indexada e controle de loop,502,71,<PAD/UNK>,=,0.2245,13,114,<PAD/UNK>
iteracao_indexada,Iteração indexada e controle de loop,492,39,<,str,0.2241,5,162,<@BinaryOperation@BinaryOperation@MethodInvocation@str
iteracao_indexada,Iteração indexada e controle de loop,492,32,String,word,0.2237,25,448,<PAD/UNK>
iteracao_indexada,Iteração indexada e controle de loop,502,51,tenRun,=,0.2237,5,115,<PAD/UNK>
iteracao_indexada,Iteração indexada e controle de loop,494,107,int,1,0.2214,11,354,int@BasicType@VariableDeclaration@VariableDeclarator@Literal@1
iteracao_indexada,Iteração indexada e controle de loop,502,56,<PAD/UNK>,=,0.2199,23,173,<PAD/UNK>
iteracao_indexada,Iteração indexada e controle de loop,492,34,<PAD/UNK>,a,0.2187,6,309,<PAD/UNK>
iteracao_indexada,Iteração indexada e controle de loop,494,49,int,<,0.2187,34,120,int@BasicType@FormalParameter@MethodDeclaration@ForStatement@ForControl@Binar...
iteracao_indexada,Iteração indexada e controle de loop,492,36,&&,charAt,0.2153,8,141,&&@BinaryOperation@BinaryOperation@MethodInvocation@charAt
iteracao_indexada,Iteração indexada e controle de loop,492,37,str,str,0.2152,5,104,str@FormalParameter@MethodDeclaration@LocalVariableDeclaration@VariableDeclar...
iteracao_indexada,Iteração indexada e controle de loop,492,39,a,str,0.2142,10,162,a@MemberReference@Assignment@MethodInvocation@str
iteracao_indexada,Iteração indexada e controle de loop,502,56,small,=,0.213,5,173,<PAD/UNK>
iteracao_indexada,Iteração indexada e controle de loop,502,48,int,0,0.2128,14,170,int@BasicType@LocalVariableDeclaration@VariableDeclarator@Literal@0
iteracao_indexada,Iteração indexada e controle de loop,502,118,i,=,0.2127,9,146,i@MemberReference@ArraySelector@MemberReference@Assignment@=
iteracao_indexada,Iteração indexada e controle de loop,492,36,String,str,0.2122,28,141,String@ReferenceType@FormalParameter@str
iteracao_indexada,Iteração indexada e controle de loop,492,39,==,str,0.211,54,162,==@BinaryOperation@MethodInvocation@str
iteracao_indexada,Iteração indexada e controle de loop,502,118,<PAD/UNK>,=,0.2108,16,146,<PAD/UNK>
iteracao_indexada,Iteração indexada e controle de loop,502,48,<PAD/UNK>,=,0.2101,8,170,<PAD/UNK>
iteracao_indexada,Iteração indexada e controle de loop,502,64,<PAD/UNK>,=,0.2098,39,234,<PAD/UNK>
iteracao_indexada,Iteração indexada e controle de loop,502,71,%,0,0.2097,11,114,%@BinaryOperation@BinaryOperation@Literal@0
iteracao_indexada,Iteração indexada e controle de loop,502,56,%,0,0.2089,11,173,%@BinaryOperation@BinaryOperation@Literal@0
iteracao_indexada,Iteração indexada e controle de loop,502,112,int,1,0.2085,6,217,int@BasicType@LocalVariableDeclaration@MethodDeclaration@IfStatement@BinaryOp...
iteracao_indexada,Iteração indexada e controle de loop,502,112,n,=,0.2082,10,217,<PAD/UNK>
iteracao_indexada,Iteração indexada e controle de loop,492,37,String,a,0.2069,12,104,<PAD/UNK>
iteracao_indexada,Iteração indexada e controle de loop,492,32,String,newString,0.2066,13,448,String@ReferenceType@FormalParameter@MethodDeclaration@LocalVariableDeclarati...
iteracao_indexada,Iteração indexada e controle de loop,494,107,nums,==,0.2055,5,354,nums@FormalParameter@MethodDeclaration@ForStatement@IfStatement@BinaryOperati...
iteracao_indexada,Iteração indexada e controle de loop,492,34,<=,str,0.2054,5,309,<PAD/UNK>
iteracao_indexada,Iteração indexada e controle de loop,494,49,1,=,0.2032,6,120,1@Literal@BinaryOperation@ArraySelector@MemberReference@Assignment@=
iteracao_indexada,Iteração indexada e controle de loop,502,70,==,=,0.2032,10,271,==@BinaryOperation@IfStatement@StatementExpression@Assignment@=
iteracao_indexada,Iteração indexada e controle de loop,492,32,String,strLength,0.2022,12,448,String@ReferenceType@FormalParameter@MethodDeclaration@LocalVariableDeclarati...
iteracao_indexada,Iteração indexada e controle de loop,492,33,repeatEnd,str,0.202,16,225,repeatEnd@MethodDeclaration@FormalParameter@str
iteracao_indexada,Iteração indexada e controle de loop,492,34,a,append,0.202,6,309,a@MethodInvocation@MethodInvocation@append
iteracao_indexada,Iteração indexada e controle de loop,502,64,"""Fizz""",=,0.2013,8,234,<PAD/UNK>
iteracao_indexada,Iteração indexada e controle de loop,502,51,%,i,0.2013,8,115,%@BinaryOperation@MemberReference@ArraySelector@MemberReference@i
iteracao_indexada,Iteração indexada e controle de loop,494,106,int,<,0.2012,33,228,int@BasicType@FormalParameter@MethodDeclaration@ForStatement@ForControl@Binar...
iteracao_indexada,Iteração indexada e controle de loop,492,34,&&,str,0.2008,10,309,&&@BinaryOperation@MethodInvocation@str
iteracao_indexada,Iteração indexada e controle de loop,502,118,i,1,0.2008,28,146,i@MemberReference@BinaryOperation@Literal@1
iteracao_indexada,Iteração indexada e controle de loop,502,64,count,=,0.2006,7,234,count@MemberReference@ArraySelector@MemberReference@Assignment@=
iteracao_indexada,Iteração indexada e controle de loop,492,39,String,x,0.2004,16,162,String@ReferenceType@FormalParameter@MethodDeclaration@LocalVariableDeclarati...
iteracao_indexada,Iteração indexada e controle de loop,494,107,nums,val,0.1995,5,354,nums@MemberReference@BinaryOperation@MemberReference@val
iteracao_indexada,Iteração indexada e controle de loop,494,49,nums,+=,0.1992,8,120,nums@MemberReference@Assignment@+=
iteracao_indexada,Iteração indexada e controle de loop,494,107,int,<,0.1987,54,354,int@BasicType@FormalParameter@MethodDeclaration@ForStatement@ForControl@Binar...
iteracao_indexada,Iteração indexada e controle de loop,492,31,repeatEnd,String,0.1976,80,202,repeatEnd@MethodDeclaration@FormalParameter@ReferenceType@String
iteracao_indexada,Iteração indexada e controle de loop,492,33,<=,str,0.1975,11,225,<PAD/UNK>
iteracao_indexada,Iteração indexada e controle de loop,492,38,str,str,0.1971,16,254,str@FormalParameter@MethodDeclaration@LocalVariableDeclaration@VariableDeclar...
iteracao_indexada,Iteração indexada e controle de loop,492,32,String,wor,0.1963,8,448,<PAD/UNK>
iteracao_indexada,Iteração indexada e controle de loop,502,64,int,a,0.1962,10,234,<PAD/UNK>
iteracao_indexada,Iteração indexada e controle de loop,494,49,int,val,0.1935,16,120,int@BasicType@FormalParameter@MethodDeclaration@FormalParameter@val
iteracao_indexada,Iteração indexada e controle de loop,492,39,String,xposition,0.1934,7,162,<PAD/UNK>
iteracao_indexada,Iteração indexada e controle de loop,502,51,int,<PAD/UNK>,0.1928,15,115,<PAD/UNK>
iteracao_indexada,Iteração indexada e controle de loop,502,70,int,count,0.1927,19,271,int@BasicType@LocalVariableDeclaration@VariableDeclarator@count
iteracao_indexada,Iteração indexada e controle de loop,492,128,<,str,0.1926,7,126,<@BinaryOperation@BinaryOperation@MethodInvocation@str
iteracao_indexada,Iteração indexada e controle de loop,502,64,i,=,0.1923,42,234,i@MemberReference@ArraySelector@MemberReference@Assignment@=
iteracao_indexada,Iteração indexada e controle de loop,492,33,String,add,0.1906,5,225,<PAD/UNK>
iteracao_indexada,Iteração indexada e controle de loop,494,49,int,total,0.1892,7,120,int@BasicType@LocalVariableDeclaration@VariableDeclarator@total
iteracao_indexada,Iteração indexada e controle de loop,502,57,i,=,0.1889,5,54,i@MemberReference@ForControl@ForStatement@BlockStatement@StatementExpression@...
iteracao_indexada,Iteração indexada e controle de loop,494,46,int,<,0.1876,99,172,int@BasicType@FormalParameter@MethodDeclaration@ForStatement@ForControl@Binar...
iteracao_indexada,Iteração indexada e controle de loop,502,64,i,=,0.1871,27,234,i@MemberReference@ForControl@ForStatement@BlockStatement@StatementExpression@...
iteracao_indexada,Iteração indexada e controle de loop,492,32,<,-,0.1869,7,448,<@BinaryOperation@BinaryOperation@-
iteracao_indexada,Iteração indexada e controle de loop,502,112,h,=,0.1845,12,217,<PAD/UNK>
iteracao_indexada,Iteração indexada e controle de loop,492,33,<,output,0.1841,8,225,<PAD/UNK>
iteracao_indexada,Iteração indexada e controle de loop,492,37,String,-,0.184,5,104,String@ReferenceType@LocalVariableDeclaration@VariableDeclarator@MethodInvoca...
iteracao_indexada,Iteração indexada e controle de loop,502,64,%,i,0.184,12,234,%@BinaryOperation@MemberReference@ArraySelector@MemberReference@i
iteracao_indexada,Iteração indexada e controle de loop,492,39,<,yposition,0.1839,5,162,<PAD/UNK>
iteracao_indexada,Iteração indexada e controle de loop,502,45,nums,!=,0.1834,13,127,nums@FormalParameter@MethodDeclaration@ForStatement@BlockStatement@IfStatemen...
iteracao_indexada,Iteração indexada e controle de loop,502,48,int,sum,0.1812,8,170,int@BasicType@LocalVariableDeclaration@VariableDeclarator@sum
iteracao_indexada,Iteração indexada e controle de loop,502,70,i,=,0.1802,5,271,i@MemberReference@ArraySelector@MemberReference@Assignment@=
iteracao_indexada,Iteração indexada e controle de loop,492,32,String,str,0.1796,15,448,String@ReferenceType@FormalParameter@MethodDeclaration@LocalVariableDeclarati...
iteracao_indexada,Iteração indexada e controle de loop,492,37,a,String,0.1782,18,104,a@FormalParameter@MethodDeclaration@FormalParameter@ReferenceType@String
iteracao_indexada,Iteração indexada e controle de loop,502,56,int,tot,0.177,8,173,<PAD/UNK>
iteracao_indexada,Iteração indexada e controle de loop,502,45,==,+=,0.1769,7,127,==@BinaryOperation@IfStatement@BlockStatement@StatementExpression@Assignment@+=
iteracao_indexada,Iteração indexada e controle de loop,502,51,%,0,0.1757,11,115,%@BinaryOperation@BinaryOperation@Literal@0
iteracao_indexada,Iteração indexada e controle de loop,492,34,a,String,0.1756,7,309,a@FormalParameter@MethodDeclaration@FormalParameter@ReferenceType@String
iteracao_indexada,Iteração indexada e controle de loop,502,51,ten,=,0.1745,17,115,<PAD/UNK>
iteracao_indexada,Iteração indexada e controle de loop,494,107,1,=,0.1732,30,354,1@Literal@BinaryOperation@Assignment@=
iteracao_indexada,Iteração indexada e controle de loop,502,112,i,=,0.1724,11,217,i@MemberReference@ArraySelector@MemberReference@Assignment@=
iteracao_indexada,Iteração indexada e controle de loop,492,32,<PAD/UNK>,word,0.1715,34,448,<PAD/UNK>
iteracao_indexada,Iteração indexada e controle de loop,494,107,nums,+,0.1715,78,354,nums@MemberReference@BinaryOperation@MemberReference@ArraySelector@BinaryOper...
iteracao_indexada,Iteração indexada e controle de loop,502,70,%,0,0.1714,9,271,%@BinaryOperation@BinaryOperation@Literal@0
iteracao_indexada,Iteração indexada e controle de loop,492,39,&&,str,0.1712,5,162,&&@BinaryOperation@IfStatement@BlockStatement@IfStatement@BinaryOperation@Met...
iteracao_indexada,Iteração indexada e controle de loop,502,112,int,1,0.1703,5,217,int@BasicType@LocalVariableDeclaration@MethodDeclaration@LocalVariableDeclara...
iteracao_indexada,Iteração indexada e controle de loop,492,38,String,str,0.1698,75,254,String@ReferenceType@FormalParameter@str
iteracao_indexada,Iteração indexada e controle de loop,492,40,&&,str,0.1685,5,212,&&@BinaryOperation@IfStatement@BlockStatement@ReturnStatement@MethodInvocatio...
iteracao_indexada,Iteração indexada e controle de loop,492,36,==,str,0.1685,7,141,==@BinaryOperation@BinaryOperation@BinaryOperation@MethodInvocation@str
iteracao_indexada,Iteração indexada e controle de loop,502,70,int,<PAD/UNK>,0.168,32,271,<PAD/UNK>
iteracao_indexada,Iteração indexada e controle de loop,494,49,nums,13,0.1676,32,120,nums@MemberReference@BinaryOperation@Literal@13
iteracao_indexada,Iteração indexada e controle de loop,492,31,result,-,0.1674,5,202,<PAD/UNK>
iteracao_indexada,Iteração indexada e controle de loop,502,48,int,newNum,0.1665,8,170,int@BasicType@FormalParameter@MethodDeclaration@LocalVariableDeclaration@Vari...
iteracao_indexada,Iteração indexada e controle de loop,502,112,1,=,0.1659,5,217,1@Literal@BinaryOperation@ArraySelector@MemberReference@Assignment@=
iteracao_indexada,Iteração indexada e controle de loop,492,39,<PAD/UNK>,value,0.1641,7,162,<PAD/UNK>
iteracao_indexada,Iteração indexada e controle de loop,502,56,==,=,0.1641,8,173,==@BinaryOperation@IfStatement@IfStatement@BlockStatement@StatementExpression...
iteracao_indexada,Iteração indexada e controle de loop,494,107,<,=,0.1634,8,354,<@BinaryOperation@ForControl@ForStatement@BlockStatement@StatementExpression@...
iteracao_indexada,Iteração indexada e controle de loop,502,57,i,=,0.1634,5,54,i@MemberReference@ArraySelector@MemberReference@Assignment@=
iteracao_indexada,Iteração indexada e controle de loop,502,64,i,=,0.1629,14,234,<PAD/UNK>
iteracao_indexada,Iteração indexada e controle de loop,502,112,<PAD/UNK>,=,0.162,10,217,<PAD/UNK>
iteracao_indexada,Iteração indexada e controle de loop,492,31,repeatEnd,str,0.1618,106,202,repeatEnd@MethodDeclaration@FormalParameter@str
iteracao_indexada,Iteração indexada e controle de loop,492,33,String,lengthA,0.1602,6,225,String@ReferenceType@FormalParameter@MethodDeclaration@LocalVariableDeclarati...
iteracao_indexada,Iteração indexada e controle de loop,502,45,int,<PAD/UNK>,0.1602,17,127,<PAD/UNK>
iteracao_indexada,Iteração indexada e controle de loop,492,33,<PAD/UNK>,append,0.1594,7,225,<PAD/UNK>
iteracao_indexada,Iteração indexada e controle de loop,494,106,int,ends,0.1592,9,228,<PAD/UNK>
iteracao_indexada,Iteração indexada e controle de loop,502,70,nums,=,0.1592,6,271,<PAD/UNK>
iteracao_indexada,Iteração indexada e controle de loop,492,40,str,str,0.1586,9,212,str@FormalParameter@MethodDeclaration@LocalVariableDeclaration@VariableDeclar...
iteracao_indexada,Iteração indexada e controle de loop,502,48,i,=,0.1586,15,170,i@MemberReference@ArraySelector@MemberReference@Assignment@=
iteracao_indexada,Iteração indexada e controle de loop,492,32,String,finalStr,0.158,6,448,<PAD/UNK>
iteracao_indexada,Iteração indexada e controle de loop,502,70,int,i,0.1576,30,271,int@BasicType@VariableDeclaration@ForControl@MemberReference@i
iteracao_indexada,Iteração indexada e controle de loop,492,36,String,-,0.1565,9,141,String@ReferenceType@FormalParameter@MethodDeclaration@LocalVariableDeclarati...
iteracao_indexada,Iteração indexada e controle de loop,494,106,int,-,0.1564,8,228,int@BasicType@VariableDeclaration@VariableDeclarator@BinaryOperation@-
iteracao_indexada,Iteração indexada e controle de loop,502,51,i,=,0.1564,32,115,i@MemberReference@ArraySelector@MemberReference@Assignment@=
iteracao_indexada,Iteração indexada e controle de loop,502,56,i,=,0.1555,28,173,i@MemberReference@ArraySelector@MemberReference@Assignment@=
iteracao_indexada,Iteração indexada e controle de loop,492,38,==,str,0.1546,31,254,==@BinaryOperation@MethodInvocation@str
iteracao_indexada,Iteração indexada e controle de loop,502,112,i,=,0.1537,12,217,i@MemberReference@ForControl@ForStatement@BlockStatement@StatementExpression@...
iteracao_indexada,Iteração indexada e controle de loop,502,56,int,sum,0.1527,24,173,int@BasicType@LocalVariableDeclaration@VariableDeclarator@sum
iteracao_indexada,Iteração indexada e controle de loop,502,64,%,0,0.1525,87,234,%@BinaryOperation@BinaryOperation@Literal@0
iteracao_indexada,Iteração indexada e controle de loop,502,118,int,shifted,0.152,5,146,<PAD/UNK>
iteracao_indexada,Iteração indexada e controle de loop,492,31,String,str,0.1519,12,202,String@ReferenceType@FormalParameter@MethodDeclaration@LocalVariableDeclarati...
iteracao_indexada,Iteração indexada e controle de loop,492,33,String,String,0.1518,17,225,String@ReferenceType@LocalVariableDeclaration@MethodDeclaration@LocalVariable...
iteracao_indexada,Iteração indexada e controle de loop,492,34,String,String,0.1515,62,309,String@ReferenceType@MethodDeclaration@FormalParameter@ReferenceType@String
iteracao_indexada,Iteração indexada e controle de loop,502,70,nums,2,0.1515,5,271,nums@MemberReference@BinaryOperation@ArraySelector@MemberReference@BinaryOper...
iteracao_indexada,Iteração indexada e controle de loop,492,38,String,-,0.1508,6,254,String@ReferenceType@FormalParameter@MethodDeclaration@LocalVariableDeclarati...
iteracao_indexada,Iteração indexada e controle de loop,494,107,int,clump,0.1504,19,354,int@BasicType@FormalParameter@MethodDeclaration@LocalVariableDeclaration@Vari...
iteracao_indexada,Iteração indexada e controle de loop,502,56,count,=,0.1502,7,173,count@MemberReference@Assignment@=
iteracao_indexada,Iteração indexada e controle de loop,492,32,str,str,0.1493,17,448,str@FormalParameter@MethodDeclaration@LocalVariableDeclaration@VariableDeclar...
iteracao_indexada,Iteração indexada e controle de loop,502,70,==,2,0.1493,5,271,==@BinaryOperation@IfStatement@BlockStatement@IfStatement@BinaryOperation@Lit...
iteracao_indexada,Iteração indexada e controle de loop,492,32,newStr,str,0.1492,9,448,<PAD/UNK>
iteracao_indexada,Iteração indexada e controle de loop,502,45,int,i,0.149,25,127,int@BasicType@VariableDeclaration@ForControl@MemberReference@i
iteracao_indexada,Iteração indexada e controle de loop,502,70,i,=,0.1489,15,271,i@MemberReference@BinaryOperation@ArraySelector@MemberReference@Assignment@=
iteracao_indexada,Iteração indexada e controle de loop,492,37,String,endswith,0.1483,6,104,<PAD/UNK>
iteracao_indexada,Iteração indexada e controle de loop,492,38,=,str,0.1477,7,254,=@Assignment@StatementExpression@MethodDeclaration@IfStatement@BinaryOperatio...
iteracao_indexada,Iteração indexada e controle de loop,492,40,var,str,0.1474,6,212,<PAD/UNK>
iteracao_indexada,Iteração indexada e controle de loop,502,112,i,=,0.1473,7,217,i@MemberReference@BinaryOperation@ArraySelector@MemberReference@Assignment@=
iteracao_indexada,Iteração indexada e controle de loop,494,49,int,val,0.1472,10,120,int@BasicType@FormalParameter@val
iteracao_indexada,Iteração indexada e controle de loop,494,106,int,begin,0.1469,5,228,<PAD/UNK>
iteracao_indexada,Iteração indexada e controle de loop,492,38,==,str,0.1466,5,254,==@BinaryOperation@IfStatement@IfStatement@BinaryOperation@MethodInvocation@str
iteracao_indexada,Iteração indexada e controle de loop,492,31,str,str,0.1461,21,202,str@FormalParameter@MethodDeclaration@LocalVariableDeclaration@VariableDeclar...
iteracao_indexada,Iteração indexada e controle de loop,494,49,int,>=,0.146,5,120,<PAD/UNK>
iteracao_indexada,Iteração indexada e controle de loop,502,71,int,i,0.1459,18,114,int@BasicType@VariableDeclaration@ForControl@MemberReference@i
iteracao_indexada,Iteração indexada e controle de loop,492,32,plusOut,word,0.1449,158,448,plusOut@MethodDeclaration@FormalParameter@word
iteracao_indexada,Iteração indexada e controle de loop,492,32,String,String,0.1443,56,448,String@ReferenceType@MethodDeclaration@FormalParameter@ReferenceType@String
iteracao_indexada,Iteração indexada e controle de loop,492,33,String,stbuild,0.144,7,225,String@ReferenceType@FormalParameter@MethodDeclaration@LocalVariableDeclarati...
iteracao_indexada,Iteração indexada e controle de loop,492,32,String,stbuild,0.1434,8,448,String@ReferenceType@FormalParameter@MethodDeclaration@LocalVariableDeclarati...
iteracao_indexada,Iteração indexada e controle de loop,492,33,String,lenB,0.1433,5,225,String@ReferenceType@LocalVariableDeclaration@MethodDeclaration@IfStatement@B...
iteracao_indexada,Iteração indexada e controle de loop,492,31,-,str,0.1424,7,202,<PAD/UNK>
iteracao_indexada,Iteração indexada e controle de loop,502,118,i,=,0.1424,16,146,i@MemberReference@ForControl@ForStatement@BlockStatement@StatementExpression@...
iteracao_indexada,Iteração indexada e controle de loop,494,46,int,val,0.1422,73,172,int@BasicType@FormalParameter@MethodDeclaration@FormalParameter@val
iteracao_indexada,Iteração indexada e controle de loop,492,33,output,a,0.142,7,225,<PAD/UNK>
iteracao_indexada,Iteração indexada e controle de loop,494,106,int,len,0.1419,7,228,int@BasicType@VariableDeclaration@ForControl@BinaryOperation@MemberReference@len
iteracao_indexada,Iteração indexada e controle de loop,502,48,nums,add,0.1417,7,170,nums@MemberReference@StatementExpression@BlockStatement@StatementExpression@M...
iteracao_indexada,Iteração indexada e controle de loop,502,48,int,0,0.1411,10,170,int@BasicType@FormalParameter@MethodDeclaration@LocalVariableDeclaration@Vari...
iteracao_indexada,Iteração indexada e controle de loop,502,48,int,nums,0.1411,6,170,int@BasicType@LocalVariableDeclaration@VariableDeclarator@MemberReference@nums
iteracao_indexada,Iteração indexada e controle de loop,492,128,str,str,0.1408,11,126,str@FormalParameter@MethodDeclaration@LocalVariableDeclaration@VariableDeclar...
iteracao_indexada,Iteração indexada e controle de loop,492,32,i,str,0.1404,10,448,<PAD/UNK>
iteracao_indexada,Iteração indexada e controle de loop,502,48,nums,1,0.1402,5,170,<PAD/UNK>
iteracao_indexada,Iteração indexada e controle de loop,492,32,plusOut,String,0.1399,185,448,plusOut@MethodDeclaration@FormalParameter@ReferenceType@String
iteracao_indexada,Iteração indexada e controle de loop,492,32,==,str,0.1399,25,448,==@BinaryOperation@MethodInvocation@str
iteracao_indexada,Iteração indexada e controle de loop,492,33,String,String,0.1397,76,225,String@ReferenceType@MethodDeclaration@FormalParameter@ReferenceType@String
iteracao_indexada,Iteração indexada e controle de loop,492,32,String,word,0.1396,108,448,String@ReferenceType@FormalParameter@MethodDeclaration@FormalParameter@word
iteracao_indexada,Iteração indexada e controle de loop,492,32,&&,str,0.1389,11,448,&&@BinaryOperation@BinaryOperation@MethodInvocation@str
iteracao_indexada,Iteração indexada e controle de loop,492,32,String,str,0.1385,13,448,String@ReferenceType@FormalParameter@MethodDeclaration@IfStatement@MethodInvo...
iteracao_indexada,Iteração indexada e controle de loop,494,106,int,+,0.138,14,228,int@BasicType@VariableDeclaration@VariableDeclarator@BinaryOperation@+
iteracao_indexada,Iteração indexada e controle de loop,502,48,nums,=,0.138,10,170,nums@MemberReference@BinaryOperation@IfStatement@BlockStatement@StatementExpr...
iteracao_indexada,Iteração indexada e controle de loop,492,37,String,x,0.1378,16,104,<PAD/UNK>
iteracao_indexada,Iteração indexada e controle de loop,492,38,count,str,0.1377,5,254,count@VariableDeclarator@LocalVariableDeclaration@MethodDeclaration@IfStateme...
iteracao_indexada,Iteração indexada e controle de loop,502,71,int,<PAD/UNK>,0.1376,40,114,<PAD/UNK>
iteracao_indexada,Iteração indexada e controle de loop,502,64,%,5,0.1366,19,234,%@BinaryOperation@Literal@5
iteracao_indexada,Iteração indexada e controle de loop,502,57,int,nums,0.1366,7,54,int@BasicType@LocalVariableDeclaration@VariableDeclarator@MemberReference@nums
iteracao_indexada,Iteração indexada e controle de loop,492,39,<PAD/UNK>,=,0.1358,7,162,<PAD/UNK>
iteracao_indexada,Iteração indexada e controle de loop,492,38,&&,str,0.1358,8,254,&&@BinaryOperation@IfStatement@BlockStatement@IfStatement@BinaryOperation@Met...
iteracao_indexada,Iteração indexada e controle de loop,494,46,int,false,0.1357,19,172,int@BasicType@FormalParameter@MethodDeclaration@LocalVariableDeclaration@Vari...
iteracao_indexada,Iteração indexada e controle de loop,502,70,nums,=,0.135,15,271,nums@FormalParameter@MethodDeclaration@ForStatement@BlockStatement@IfStatemen...
iteracao_indexada,Iteração indexada e controle de loop,492,31,String,n,0.1349,73,202,String@ReferenceType@FormalParameter@MethodDeclaration@FormalParameter@n
iteracao_indexada,Iteração indexada e controle de loop,494,49,++,=,0.1349,13,120,++@MemberReference@ForControl@ForStatement@BlockStatement@StatementExpression...
iteracao_indexada,Iteração indexada e controle de loop,492,32,String,str,0.1348,10,448,String@ReferenceType@LocalVariableDeclaration@VariableDeclarator@MethodInvoca...
iteracao_indexada,Iteração indexada e controle de loop,502,118,1,=,0.1346,58,146,1@Literal@BinaryOperation@ArraySelector@MemberReference@Assignment@=
iteracao_indexada,Iteração indexada e controle de loop,502,64,array,=,0.1344,7,234,<PAD/UNK>
iteracao_indexada,Iteração indexada e controle de loop,502,51,nums,0,0.1343,6,115,<PAD/UNK>
iteracao_indexada,Iteração indexada e controle de loop,492,32,String,plusString,0.1335,6,448,<PAD/UNK>
iteracao_indexada,Iteração indexada e controle de loop,492,32,&&,str,0.1334,5,448,&&@BinaryOperation@MethodInvocation@str
iteracao_indexada,Iteração indexada e controle de loop,494,106,int,-,0.1319,13,228,int@BasicType@LocalVariableDeclaration@MethodDeclaration@LocalVariableDeclara...
iteracao_indexada,Iteração indexada e controle de loop,494,107,int,cur,0.1307,10,354,int@BasicType@LocalVariableDeclaration@VariableDeclarator@cur
iteracao_indexada,Iteração indexada e controle de loop,502,70,i,1,0.1305,25,271,i@MemberReference@BinaryOperation@BinaryOperation@Literal@1
iteracao_indexada,Iteração indexada e controle de loop,492,32,plusOut,+,0.1304,5,448,<PAD/UNK>
iteracao_indexada,Iteração indexada e controle de loop,492,32,stbuild,BreakStatement,0.1303,5,448,<PAD/UNK>
iteracao_indexada,Iteração indexada e controle de loop,502,45,int,sum,0.1303,30,127,int@BasicType@LocalVariableDeclaration@VariableDeclarator@sum
iteracao_indexada,Iteração indexada e controle de loop,502,56,int,i,0.1299,31,173,int@BasicType@VariableDeclaration@ForControl@MemberReference@i
iteracao_indexada,Iteração indexada e controle de loop,492,34,str,str,0.1297,5,309,str@FormalParameter@MethodDeclaration@LocalVariableDeclaration@VariableDeclar...
iteracao_indexada,Iteração indexada e controle de loop,492,39,xyBalance,str,0.1294,75,162,xyBalance@MethodDeclaration@FormalParameter@str
iteracao_indexada,Iteração indexada e controle de loop,494,106,int,1,0.1293,14,228,int@BasicType@LocalVariableDeclaration@VariableDeclarator@BinaryOperation@Lit...
iteracao_indexada,Iteração indexada e controle de loop,494,46,val,==,0.1293,14,172,val@MemberReference@BinaryOperation@BinaryOperation@BinaryOperation@==
iteracao_indexada,Iteração indexada e controle de loop,494,46,int,val,0.1288,41,172,int@BasicType@FormalParameter@val
iteracao_indexada,Iteração indexada e controle de loop,494,46,int,n,0.1287,6,172,<PAD/UNK>
iteracao_indexada,Iteração indexada e controle de loop,502,48,int,<PAD/UNK>,0.1283,13,170,<PAD/UNK>
iteracao_indexada,Iteração indexada e controle de loop,502,45,<PAD/UNK>,+=,0.1282,14,127,<PAD/UNK>
iteracao_indexada,Iteração indexada e controle de loop,502,118,i,=,0.1282,10,146,i@MemberReference@BinaryOperation@ArraySelector@MemberReference@Assignment@=
iteracao_indexada,Iteração indexada e controle de loop,502,64,int,<PAD/UNK>,0.1281,85,234,<PAD/UNK>
iteracao_indexada,Iteração indexada e controle de loop,502,64,int,ar,0.1281,34,234,<PAD/UNK>
iteracao_indexada,Iteração indexada e controle de loop,502,51,!=,0,0.1276,6,115,!=@BinaryOperation@Literal@0
iteracao_indexada,Iteração indexada e controle de loop,492,36,xyBalance,str,0.127,17,141,xyBalance@MethodDeclaration@FormalParameter@str
iteracao_indexada,Iteração indexada e controle de loop,492,36,-,2,0.1263,7,141,-@BinaryOperation@Literal@2
iteracao_indexada,Iteração indexada e controle de loop,502,64,==,"""Buzz""",0.1263,10,234,<PAD/UNK>
iteracao_indexada,Iteração indexada e controle de loop,502,70,||,=,0.1261,6,271,||@BinaryOperation@IfStatement@BlockStatement@StatementExpression@Assignment@=
iteracao_indexada,Iteração indexada e controle de loop,502,57,int,<PAD/UNK>,0.126,8,54,<PAD/UNK>
iteracao_indexada,Iteração indexada e controle de loop,502,48,i,1,0.1248,6,170,i@MemberReference@BinaryOperation@BinaryOperation@Literal@1
iteracao_indexada,Iteração indexada e controle de loop,502,118,int,<PAD/UNK>,0.1247,13,146,<PAD/UNK>
iteracao_indexada,Iteração indexada e controle de loop,492,38,String,a,0.1246,5,254,String@ReferenceType@FormalParameter@MethodDeclaration@StatementExpression@As...
iteracao_indexada,Iteração indexada e controle de loop,492,31,String,-,0.1243,13,202,String@ReferenceType@LocalVariableDeclaration@VariableDeclarator@MethodInvoca...
iteracao_indexada,Iteração indexada e controle de loop,494,106,int,a,0.1242,6,228,int@BasicType@FormalParameter@MethodDeclaration@LocalVariableDeclaration@Vari...
iteracao_indexada,Iteração indexada e controle de loop,492,34,String,str,0.1238,38,309,String@ReferenceType@FormalParameter@str
iteracao_indexada,Iteração indexada e controle de loop,492,40,getSandwich,str,0.1233,67,212,getSandwich@MethodDeclaration@FormalParameter@str
iteracao_indexada,Iteração indexada e controle de loop,492,39,String,<PAD/UNK>,0.123,18,162,<PAD/UNK>
iteracao_indexada,Iteração indexada e controle de loop,502,48,int,adding,0.1226,16,170,<PAD/UNK>
iteracao_indexada,Iteração indexada e controle de loop,492,33,a,String,0.1221,42,225,a@FormalParameter@MethodDeclaration@FormalParameter@ReferenceType@String
iteracao_indexada,Iteração indexada e controle de loop,492,31,String,String,0.1217,36,202,String@ReferenceType@MethodDeclaration@FormalParameter@ReferenceType@String
iteracao_indexada,Iteração indexada e controle de loop,502,70,nums,=,0.1215,6,271,nums@MemberReference@BinaryOperation@Assignment@=
iteracao_indexada,Iteração indexada e controle de loop,494,49,int,length,0.1208,6,120,int@BasicType@LocalVariableDeclaration@VariableDeclarator@MemberReference@length
iteracao_indexada,Iteração indexada e controle de loop,494,107,nums,a,0.1208,7,354,<PAD/UNK>
iteracao_indexada,Iteração indexada e controle de loop,502,64,i,=,0.1208,13,234,i@MemberReference@BinaryOperation@ArraySelector@MemberReference@Assignment@=
iteracao_indexada,Iteração indexada e controle de loop,492,39,'x',str,0.1207,10,162,'x'@Literal@BinaryOperation@IfStatement@IfStatement@BinaryOperation@MethodInv...
iteracao_indexada,Iteração indexada e controle de loop,492,37,String,toLowerCase,0.1204,13,104,String@ReferenceType@FormalParameter@MethodDeclaration@LocalVariableDeclarati...
iteracao_indexada,Iteração indexada e controle de loop,502,45,nums,=,0.12,11,127,nums@MemberReference@BinaryOperation@IfStatement@BlockStatement@StatementExpr...
iteracao_indexada,Iteração indexada e controle de loop,502,112,int,1,0.1194,12,217,int@BasicType@VariableDeclaration@VariableDeclarator@Literal@1
iteracao_indexada,Iteração indexada e controle de loop,494,107,int,a,0.1186,5,354,int@BasicType@VariableDeclaration@ForControl@BinaryOperation@MemberReference@a
iteracao_indexada,Iteração indexada e controle de loop,492,32,String,<,0.1181,27,448,String@ReferenceType@LocalVariableDeclaration@MethodDeclaration@ForStatement@...
iteracao_indexada,Iteração indexada e controle de loop,492,38,xyzThere,str,0.1179,8,254,xyzThere@MethodDeclaration@ForStatement@ForControl@BinaryOperation@BinaryOper...
iteracao_indexada,Iteração indexada e controle de loop,492,39,<PAD/UNK>,true,0.1178,18,162,<PAD/UNK>
iteracao_indexada,Iteração indexada e controle de loop,502,112,int,<PAD/UNK>,0.1172,25,217,<PAD/UNK>
iteracao_indexada,Iteração indexada e controle de loop,492,31,String,newString,0.1171,6,202,String@ReferenceType@FormalParameter@MethodDeclaration@LocalVariableDeclarati...
iteracao_indexada,Iteração indexada e controle de loop,494,107,int,isClump,0.1158,7,354,int@BasicType@LocalVariableDeclaration@MethodDeclaration@LocalVariableDeclara...
iteracao_indexada,Iteração indexada e controle de loop,502,45,int,0,0.1158,7,127,int@BasicType@VariableDeclaration@VariableDeclarator@Literal@0
iteracao_indexada,Iteração indexada e controle de loop,492,38,String,<,0.1155,5,254,String@ReferenceType@LocalVariableDeclaration@MethodDeclaration@ForStatement@...
iteracao_indexada,Iteração indexada e controle de loop,494,106,int,<PAD/UNK>,0.1153,76,228,<PAD/UNK>
iteracao_indexada,Iteração indexada e controle de loop,492,34,&&,2,0.1152,5,309,&&@BinaryOperation@IfStatement@BlockStatement@StatementExpression@Assignment@...
iteracao_indexada,Iteração indexada e controle de loop,502,48,nums,add,0.1152,9,170,<PAD/UNK>
iteracao_indexada,Iteração indexada e controle de loop,492,39,boolean,str,0.1151,17,162,boolean@BasicType@MethodDeclaration@FormalParameter@str
iteracao_indexada,Iteração indexada e controle de loop,502,48,int,i,0.1151,28,170,int@BasicType@VariableDeclaration@ForControl@MemberReference@i
iteracao_indexada,Iteração indexada e controle de loop,494,49,int,length,0.115,9,120,int@BasicType@FormalParameter@MethodDeclaration@IfStatement@BinaryOperation@M...
iteracao_indexada,Iteração indexada e controle de loop,502,112,j,=,0.1147,13,217,j@MemberReference@BinaryOperation@ArraySelector@MemberReference@Assignment@=
iteracao_indexada,Iteração indexada e controle de loop,502,45,+=,=,0.1142,5,127,+=@Assignment@StatementExpression@BlockStatement@StatementExpression@Assignme...
iteracao_indexada,Iteração indexada e controle de loop,492,32,String,str,0.1139,6,448,String@ReferenceType@FormalParameter@MethodDeclaration@StatementExpression@As...
iteracao_indexada,Iteração indexada e controle de loop,502,64,%,<PAD/UNK>,0.1139,10,234,<PAD/UNK>
iteracao_indexada,Iteração indexada e controle de loop,502,51,int,i,0.1136,13,115,int@BasicType@VariableDeclaration@ForControl@MemberReference@i
iteracao_indexada,Iteração indexada e controle de loop,492,32,String,word,0.1134,100,448,String@ReferenceType@FormalParameter@word
iteracao_indexada,Iteração indexada e controle de loop,494,46,int,0,0.1131,5,172,int@BasicType@FormalParameter@MethodDeclaration@IfStatement@BinaryOperation@L...
iteracao_indexada,Iteração indexada e controle de loop,494,107,int,clumps,0.113,23,354,int@BasicType@FormalParameter@MethodDeclaration@LocalVariableDeclaration@Vari...
iteracao_indexada,Iteração indexada e controle de loop,492,33,String,str,0.1129,5,225,String@ReferenceType@FormalParameter@str
iteracao_indexada,Iteração indexada e controle de loop,502,64,i,=,0.1129,6,234,i@MemberReference@MethodInvocation@Assignment@=
iteracao_indexada,Iteração indexada e controle de loop,492,31,String,String,0.1128,25,202,String@ReferenceType@LocalVariableDeclaration@MethodDeclaration@LocalVariable...
iteracao_indexada,Iteração indexada e controle de loop,502,45,!=,+=,0.1128,12,127,!=@BinaryOperation@IfStatement@BlockStatement@StatementExpression@Assignment@+=
iteracao_indexada,Iteração indexada e controle de loop,502,51,nums,=,0.1127,10,115,nums@MemberReference@Assignment@=
iteracao_indexada,Iteração indexada e controle de loop,492,33,String,String,0.112,24,225,String@ReferenceType@FormalParameter@MethodDeclaration@LocalVariableDeclarati...
iteracao_indexada,Iteração indexada e controle de loop,494,107,nums,==,0.1105,7,354,nums@MemberReference@BinaryOperation@BinaryOperation@BinaryOperation@==
iteracao_indexada,Iteração indexada e controle de loop,494,106,++,=,0.11,11,228,++@MemberReference@ForControl@ForStatement@BlockStatement@StatementExpression...
iteracao_indexada,Iteração indexada e controle de loop,494,49,nums,val,0.1097,7,120,nums@MemberReference@BinaryOperation@MemberReference@val
iteracao_indexada,Iteração indexada e controle de loop,492,40,String,String,0.1092,10,212,String@ReferenceType@FormalParameter@MethodDeclaration@LocalVariableDeclarati...
iteracao_indexada,Iteração indexada e controle de loop,502,45,int,0,0.1092,10,127,int@BasicType@FormalParameter@MethodDeclaration@LocalVariableDeclaration@Vari...
iteracao_indexada,Iteração indexada e controle de loop,502,112,int,i,0.1092,39,217,int@BasicType@VariableDeclaration@ForControl@MemberReference@i
iteracao_indexada,Iteração indexada e controle de loop,502,118,left,=,0.1091,15,146,left@MemberReference@Assignment@=
iteracao_indexada,Iteração indexada e controle de loop,502,70,<PAD/UNK>,!=,0.109,5,271,<PAD/UNK>
iteracao_indexada,Iteração indexada e controle de loop,492,38,xyzThere,str,0.1089,48,254,xyzThere@MethodDeclaration@FormalParameter@str
iteracao_indexada,Iteração indexada e controle de loop,502,56,total,=,0.1085,10,173,<PAD/UNK>
iteracao_indexada,Iteração indexada e controle de loop,492,32,substring,str,0.108,10,448,<PAD/UNK>
iteracao_indexada,Iteração indexada e controle de loop,502,56,int,<PAD/UNK>,0.108,52,173,<PAD/UNK>
iteracao_indexada,Iteração indexada e controle de loop,502,51,==,=,0.1079,11,115,==@BinaryOperation@IfStatement@IfStatement@BlockStatement@StatementExpression...
iteracao_indexada,Iteração indexada e controle de loop,492,33,a,a,0.1078,9,225,<PAD/UNK>
iteracao_indexada,Iteração indexada e controle de loop,492,34,&&,str,0.1078,38,309,&&@BinaryOperation@BinaryOperation@MethodInvocation@str
iteracao_indexada,Iteração indexada e controle de loop,492,34,&&,charAt,0.1077,19,309,&&@BinaryOperation@BinaryOperation@MethodInvocation@charAt
iteracao_indexada,Iteração indexada e controle de loop,492,32,-,str,0.1076,5,448,<PAD/UNK>
iteracao_indexada,Iteração indexada e controle de loop,492,40,String,String,0.1071,35,212,String@ReferenceType@MethodDeclaration@FormalParameter@ReferenceType@String
iteracao_indexada,Iteração indexada e controle de loop,502,70,nums,2,0.1071,5,271,nums@MemberReference@BinaryOperation@BinaryOperation@BinaryOperation@BinaryOp...
iteracao_indexada,Iteração indexada e controle de loop,492,33,String,str,0.1064,7,225,String@ReferenceType@LocalVariableDeclaration@VariableDeclarator@MethodInvoca...
iteracao_indexada,Iteração indexada e controle de loop,502,118,nums,=,0.1064,5,146,nums@MemberReference@VariableDeclarator@LocalVariableDeclaration@BlockStateme...
iteracao_indexada,Iteração indexada e controle de loop,502,48,10,=,0.1063,12,170,10@Literal@BinaryOperation@IfStatement@BlockStatement@StatementExpression@Ass...
iteracao_indexada,Iteração indexada e controle de loop,502,70,nums,!=,0.106,5,271,nums@MemberReference@BinaryOperation@BinaryOperation@BinaryOperation@!=
iteracao_indexada,Iteração indexada e controle de loop,502,57,i,=,0.1053,6,54,i@MemberReference@Assignment@=
iteracao_indexada,Iteração indexada e controle de loop,492,40,String,str,0.1052,7,212,String@ReferenceType@FormalParameter@MethodDeclaration@LocalVariableDeclarati...
iteracao_indexada,Iteração indexada e controle de loop,492,40,&&,str,0.1049,28,212,&&@BinaryOperation@MethodInvocation@str
iteracao_indexada,Iteração indexada e controle de loop,494,106,int,two,0.1049,5,228,int@BasicType@FormalParameter@MethodDeclaration@LocalVariableDeclaration@Vari...
iteracao_indexada,Iteração indexada e controle de loop,502,70,2,=,0.1048,24,271,<PAD/UNK>
iteracao_indexada,Iteração indexada e controle de loop,492,36,countCode,String,0.1047,10,141,<PAD/UNK>
iteracao_indexada,Iteração indexada e controle de loop,502,70,i,=,0.1047,7,271,<PAD/UNK>
iteracao_indexada,Iteração indexada e controle de loop,502,71,int,false,0.1043,7,114,<PAD/UNK>
iteracao_indexada,Iteração indexada e controle de loop,492,31,String,str,0.1042,15,202,String@ReferenceType@LocalVariableDeclaration@VariableDeclarator@MethodInvoca...
iteracao_indexada,Iteração indexada e controle de loop,502,48,+,1,0.104,5,170,+@BinaryOperation@Literal@1
iteracao_indexada,Iteração indexada e controle de loop,502,71,sum1,=,0.1037,5,114,<PAD/UNK>
iteracao_indexada,Iteração indexada e controle de loop,492,32,x,str,0.1035,6,448,<PAD/UNK>
iteracao_indexada,Iteração indexada e controle de loop,492,38,String,str,0.1034,5,254,String@ReferenceType@LocalVariableDeclaration@MethodDeclaration@IfStatement@M...
iteracao_indexada,Iteração indexada e controle de loop,502,64,int,i,0.1032,9,234,int@BasicType@VariableDeclaration@ForControl@MemberReference@i
iteracao_indexada,Iteração indexada e controle de loop,502,118,==,left,0.1032,12,146,<PAD/UNK>
iteracao_indexada,Iteração indexada e controle de loop,492,38,a,String,0.103,5,254,a@FormalParameter@MethodDeclaration@FormalParameter@ReferenceType@String
iteracao_indexada,Iteração indexada e controle de loop,492,32,String,+,0.1024,5,448,<PAD/UNK>
iteracao_indexada,Iteração indexada e controle de loop,492,31,=,str,0.1024,13,202,<PAD/UNK>
iteracao_indexada,Iteração indexada e controle de loop,492,38,str,str,0.102,11,254,<PAD/UNK>
iteracao_indexada,Iteração indexada e controle de loop,492,33,<PAD/UNK>,charAt,0.102,12,225,<PAD/UNK>
iteracao_indexada,Iteração indexada e controle de loop,492,34,==,2,0.1019,14,309,==@BinaryOperation@MethodInvocation@BinaryOperation@Literal@2
iteracao_indexada,Iteração indexada e controle de loop,492,39,"""x""",str,0.1018,5,162,"""x""@Literal@MethodInvocation@MethodInvocation@IfStatement@IfStatement@MethodI..."
iteracao_indexada,Iteração indexada e controle de loop,492,38,String,str,0.1018,13,254,String@ReferenceType@FormalParameter@MethodDeclaration@StatementExpression@As...
iteracao_indexada,Iteração indexada e controle de loop,492,37,String,a,0.1014,6,104,String@ReferenceType@FormalParameter@a
iteracao_indexada,Iteração indexada e controle de loop,492,34,String,String,0.1014,14,309,String@ReferenceType@FormalParameter@MethodDeclaration@LocalVariableDeclarati...
iteracao_indexada,Iteração indexada e controle de loop,502,56,%,i,0.1012,5,173,%@BinaryOperation@MemberReference@ArraySelector@MemberReference@i
iteracao_indexada,Iteração indexada e controle de loop,502,64,%,array,0.101,18,234,<PAD/UNK>
iteracao_indexada,Iteração indexada e controle de loop,492,40,String,str,0.1005,40,212,String@ReferenceType@FormalParameter@str
iteracao_indexada,Iteração indexada e controle de loop,492,34,==,str,0.0997,6,309,==@BinaryOperation@IfStatement@BlockStatement@IfStatement@BinaryOperation@Met...
iteracao_indexada,Iteração indexada e controle de loop,494,46,nums,val,0.0997,40,172,nums@MemberReference@BinaryOperation@MemberReference@val
iteracao_indexada,Iteração indexada e controle de loop,492,32,!=,str,0.0994,9,448,<PAD/UNK>
iteracao_indexada,Iteração indexada e controle de loop,494,46,int,length,0.099,5,172,int@BasicType@FormalParameter@MethodDeclaration@IfStatement@BinaryOperation@M...
iteracao_indexada,Iteração indexada e controle de loop,502,70,int,0,0.0988,17,271,int@BasicType@VariableDeclaration@VariableDeclarator@Literal@0
iteracao_indexada,Iteração indexada e controle de loop,502,64,valueOf,=,0.0988,5,234,<PAD/UNK>
iteracao_indexada,Iteração indexada e controle de loop,492,38,String,a,0.0986,11,254,String@ReferenceType@FormalParameter@MethodDeclaration@StatementExpression@As...
iteracao_indexada,Iteração indexada e controle de loop,492,39,String,str,0.0984,11,162,String@ReferenceType@FormalParameter@MethodDeclaration@StatementExpression@As...
iteracao_indexada,Iteração indexada e controle de loop,502,51,==,=,0.0976,6,115,==@BinaryOperation@IfStatement@BlockStatement@StatementExpression@Assignment@=
iteracao_indexada,Iteração indexada e controle de loop,492,39,j,strLength,0.0971,7,162,<PAD/UNK>
iteracao_indexada,Iteração indexada e controle de loop,492,37,getSandwich,str,0.0971,8,104,getSandwich@MethodDeclaration@FormalParameter@str
iteracao_indexada,Iteração indexada e controle de loop,502,112,a,result,0.0969,7,217,<PAD/UNK>
iteracao_indexada,Iteração indexada e controle de loop,502,70,int,0,0.0966,21,271,int@BasicType@FormalParameter@MethodDeclaration@LocalVariableDeclaration@Vari...
iteracao_indexada,Iteração indexada e controle de loop,502,112,int,count,0.0966,22,217,int@BasicType@LocalVariableDeclaration@VariableDeclarator@count
iteracao_indexada,Iteração indexada e controle de loop,502,48,nums,i,0.0965,18,170,nums@FormalParameter@MethodDeclaration@ForStatement@ForControl@MemberReference@i
iteracao_indexada,Iteração indexada e controle de loop,492,38,String,<PAD/UNK>,0.0964,8,254,<PAD/UNK>
iteracao_indexada,Iteração indexada e controle de loop,492,33,String,b,0.0961,10,225,String@ReferenceType@FormalParameter@MethodDeclaration@FormalParameter@b
iteracao_indexada,Iteração indexada e controle de loop,494,49,nums,!=,0.0961,6,120,nums@FormalParameter@MethodDeclaration@ForStatement@BlockStatement@IfStatemen...
iteracao_indexada,Iteração indexada e controle de loop,494,107,int,value,0.0961,8,354,<PAD/UNK>
iteracao_indexada,Iteração indexada e controle de loop,502,56,int,nums,0.0959,26,173,int@BasicType@LocalVariableDeclaration@VariableDeclarator@MemberReference@nums
iteracao_indexada,Iteração indexada e controle de loop,492,37,<,BreakStatement,0.0957,5,104,<PAD/UNK>
iteracao_indexada,Iteração indexada e controle de loop,492,33,<PAD/UNK>,=,0.0952,18,225,<PAD/UNK>
iteracao_indexada,Iteração indexada e controle de loop,492,39,&&,str,0.0949,14,162,&&@BinaryOperation@BinaryOperation@MethodInvocation@str
iteracao_indexada,Iteração indexada e controle de loop,502,112,i,1,0.0941,6,217,i@MemberReference@BinaryOperation@BinaryOperation@Literal@1
iteracao_indexada,Iteração indexada e controle de loop,502,118,int,i,0.0939,26,146,int@BasicType@VariableDeclaration@ForControl@MemberReference@i
iteracao_indexada,Iteração indexada e controle de loop,502,118,nums,=,0.0938,7,146,nums@FormalParameter@MethodDeclaration@ForStatement@BlockStatement@StatementE...
iteracao_indexada,Iteração indexada e controle de loop,492,32,word,str,0.0935,16,448,<PAD/UNK>
iteracao_indexada,Iteração indexada e controle de loop,502,57,int,j,0.0934,6,54,<PAD/UNK>
iteracao_indexada,Iteração indexada e controle de loop,502,56,largest,=,0.0931,10,173,largest@MemberReference@Assignment@=
iteracao_indexada,Iteração indexada e controle de loop,502,118,i,1,0.0931,9,146,i@MemberReference@BinaryOperation@BinaryOperation@Literal@1
iteracao_indexada,Iteração indexada e controle de loop,502,48,nums,!=,0.0931,8,170,nums@FormalParameter@MethodDeclaration@ForStatement@BlockStatement@IfStatemen...
iteracao_indexada,Iteração indexada e controle de loop,492,38,xyzThere,str,0.093,16,254,xyzThere@MethodDeclaration@StatementExpression@Assignment@MethodInvocation@str
iteracao_indexada,Iteração indexada e controle de loop,492,38,&&,str,0.0927,12,254,&&@BinaryOperation@BinaryOperation@MethodInvocation@str
iteracao_indexada,Iteração indexada e controle de loop,492,32,<=,str,0.0924,6,448,<=@BinaryOperation@BinaryOperation@MethodInvocation@str
iteracao_indexada,Iteração indexada e controle de loop,502,64,int,0,0.0921,16,234,int@BasicType@VariableDeclaration@VariableDeclarator@Literal@0
iteracao_indexada,Iteração indexada e controle de loop,492,37,String,<PAD/UNK>,0.0912,12,104,<PAD/UNK>
iteracao_indexada,Iteração indexada e controle de loop,502,64,i,=,0.0911,16,234,i@MemberReference@Assignment@=
iteracao_indexada,Iteração indexada e controle de loop,494,41,int,x,0.0907,5,51,int@BasicType@VariableDeclaration@VariableDeclarator@x
iteracao_indexada,Iteração indexada e controle de loop,492,31,n,str,0.0906,8,202,<PAD/UNK>
iteracao_indexada,Iteração indexada e controle de loop,492,40,String,<PAD/UNK>,0.0905,10,212,<PAD/UNK>
iteracao_indexada,Iteração indexada e controle de loop,492,39,str,-,0.0905,7,162,str@FormalParameter@MethodDeclaration@LocalVariableDeclaration@VariableDeclar...
iteracao_indexada,Iteração indexada e controle de loop,492,34,&&,chr,0.0899,6,309,<PAD/UNK>
iteracao_indexada,Iteração indexada e controle de loop,492,34,zipZap,version,0.0898,20,309,<PAD/UNK>
iteracao_indexada,Iteração indexada e controle de loop,502,71,int,0,0.0896,12,114,int@BasicType@VariableDeclaration@VariableDeclarator@Literal@0
iteracao_indexada,Iteração indexada e controle de loop,492,38,String,strlen,0.0888,6,254,<PAD/UNK>
iteracao_indexada,Iteração indexada e controle de loop,502,56,==,largest,0.0886,7,173,<PAD/UNK>
iteracao_indexada,Iteração indexada e controle de loop,492,33,String,ab,0.0884,5,225,<PAD/UNK>
iteracao_indexada,Iteração indexada e controle de loop,494,107,int,nums,0.0884,46,354,int@BasicType@FormalParameter@nums
iteracao_indexada,Iteração indexada e controle de loop,492,38,a,a,0.0882,5,254,a@MemberReference@Assignment@MethodInvocation@a
iteracao_indexada,Iteração indexada e controle de loop,492,32,equals,word,0.0879,7,448,equals@MethodInvocation@MethodInvocation@BinaryOperation@MethodInvocation@word
iteracao_indexada,Iteração indexada e controle de loop,502,45,int,0,0.0879,5,127,int@BasicType@LocalVariableDeclaration@MethodDeclaration@IfStatement@BinaryOp...
iteracao_indexada,Iteração indexada e controle de loop,492,38,boolean,str,0.0875,22,254,boolean@BasicType@MethodDeclaration@FormalParameter@str
iteracao_indexada,Iteração indexada e controle de loop,502,51,int,0,0.0875,6,115,int@BasicType@VariableDeclaration@VariableDeclarator@Literal@0
iteracao_indexada,Iteração indexada e controle de loop,492,33,<,+,0.0872,16,225,<PAD/UNK>
iteracao_indexada,Iteração indexada e controle de loop,502,51,int,i,0.0872,6,115,int@BasicType@LocalVariableDeclaration@MethodDeclaration@ForStatement@ForCont...
iteracao_indexada,Iteração indexada e controle de loop,502,64,==,%,0.0871,8,234,==@BinaryOperation@BinaryOperation@BinaryOperation@BinaryOperation@%
iteracao_indexada,Iteração indexada e controle de loop,492,33,String,ba,0.0866,5,225,<PAD/UNK>
iteracao_indexada,Iteração indexada e controle de loop,502,64,end,=,0.0864,7,234,end@FormalParameter@MethodDeclaration@ForStatement@BlockStatement@StatementEx...
iteracao_indexada,Iteração indexada e controle de loop,492,33,String,<PAD/UNK>,0.0857,14,225,<PAD/UNK>
iteracao_indexada,Iteração indexada e controle de loop,502,56,int,0,0.0854,17,173,int@BasicType@FormalParameter@MethodDeclaration@LocalVariableDeclaration@Vari...
iteracao_indexada,Iteração indexada e controle de loop,502,56,int,Arrays,0.0851,6,173,int@BasicType@FormalParameter@MethodDeclaration@StatementExpression@MethodInv...
iteracao_indexada,Iteração indexada e controle de loop,502,112,seriesUp,2,0.085,13,217,seriesUp@MethodDeclaration@LocalVariableDeclaration@VariableDeclarator@ArrayC...
iteracao_indexada,Iteração indexada e controle de loop,502,70,+,1,0.0849,42,271,+@BinaryOperation@Literal@1
iteracao_indexada,Iteração indexada e controle de loop,492,33,String,n,0.0847,13,225,String@ReferenceType@FormalParameter@MethodDeclaration@FormalParameter@n
iteracao_indexada,Iteração indexada e controle de loop,492,32,String,String,0.0844,8,448,String@ReferenceType@FormalParameter@MethodDeclaration@LocalVariableDeclarati...
iteracao_indexada,Iteração indexada e controle de loop,502,70,nums,i,0.084,23,271,nums@FormalParameter@MethodDeclaration@ForStatement@ForControl@VariableDeclar...
iteracao_indexada,Iteração indexada e controle de loop,492,34,str,str,0.0838,9,309,<PAD/UNK>
iteracao_indexada,Iteração indexada e controle de loop,502,70,%,=,0.0836,25,271,%@BinaryOperation@BinaryOperation@IfStatement@BlockStatement@StatementExpress...
iteracao_indexada,Iteração indexada e controle de loop,492,32,len,str,0.0832,7,448,len@VariableDeclarator@LocalVariableDeclaration@MethodDeclaration@LocalVariab...
iteracao_indexada,Iteração indexada e controle de loop,502,118,int,nums,0.083,14,146,int@BasicType@LocalVariableDeclaration@VariableDeclarator@MemberReference@nums
iteracao_indexada,Iteração indexada e controle de loop,492,32,plusOut,str,0.0829,53,448,plusOut@MethodDeclaration@FormalParameter@str
iteracao_indexada,Iteração indexada e controle de loop,492,33,lenA,String,0.0829,5,225,<PAD/UNK>
iteracao_indexada,Iteração indexada e controle de loop,502,112,int,1,0.0828,44,217,int@BasicType@ArrayCreator@BinaryOperation@BinaryOperation@BinaryOperation@Li...
iteracao_indexada,Iteração indexada e controle de loop,494,46,nums,==,0.0822,14,172,nums@FormalParameter@MethodDeclaration@ForStatement@BlockStatement@IfStatemen...
iteracao_indexada,Iteração indexada e controle de loop,502,64,valueOf,=,0.0822,5,234,valueOf@MethodInvocation@Assignment@=
iteracao_indexada,Iteração indexada e controle de loop,492,36,&&,str,0.082,10,141,&&@BinaryOperation@BinaryOperation@MethodInvocation@str
iteracao_indexada,Iteração indexada e controle de loop,492,39,<,x,0.0816,14,162,<@BinaryOperation@MemberReference@x
iteracao_indexada,Iteração indexada e controle de loop,502,56,int,1,0.0815,11,173,int@BasicType@VariableDeclaration@VariableDeclarator@Literal@1
iteracao_indexada,Iteração indexada e controle de loop,502,64,nums,=,0.0815,5,234,nums@MemberReference@Assignment@=
iteracao_indexada,Iteração indexada e controle de loop,492,32,<,lenWord,0.0811,7,448,<PAD/UNK>
iteracao_indexada,Iteração indexada e controle de loop,494,107,int,n,0.081,11,354,int@BasicType@LocalVariableDeclaration@VariableDeclarator@BinaryOperation@Mem...
iteracao_indexada,Iteração indexada e controle de loop,494,106,int,-,0.0806,6,228,int@BasicType@FormalParameter@MethodDeclaration@LocalVariableDeclaration@Vari...
iteracao_indexada,Iteração indexada e controle de loop,492,39,==,<PAD/UNK>,0.0804,6,162,<PAD/UNK>
iteracao_indexada,Iteração indexada e controle de loop,502,118,nums,i,0.0803,9,146,nums@FormalParameter@MethodDeclaration@ForStatement@ForControl@MemberReference@i
iteracao_indexada,Iteração indexada e controle de loop,492,31,result,n,0.0799,6,202,<PAD/UNK>
iteracao_indexada,Iteração indexada e controle de loop,502,71,int,0,0.0799,7,114,int@BasicType@FormalParameter@MethodDeclaration@LocalVariableDeclaration@Vari...
iteracao_indexada,Iteração indexada e controle de loop,502,48,int,0,0.0798,24,170,int@BasicType@VariableDeclaration@VariableDeclarator@Literal@0
iteracao_indexada,Iteração indexada e controle de loop,502,118,int,end,0.0796,6,146,<PAD/UNK>
iteracao_indexada,Iteração indexada e controle de loop,492,34,&&,str,0.0794,18,309,&&@BinaryOperation@BinaryOperation@BinaryOperation@MethodInvocation@str
iteracao_indexada,Iteração indexada e controle de loop,494,49,nums,==,0.0793,5,120,nums@FormalParameter@MethodDeclaration@IfStatement@BinaryOperation@==
iteracao_indexada,Iteração indexada e controle de loop,502,64,<PAD/UNK>,"""Buzz""",0.0792,9,234,<PAD/UNK>
iteracao_indexada,Iteração indexada e controle de loop,492,39,&&,charAt,0.0789,12,162,&&@BinaryOperation@BinaryOperation@MethodInvocation@charAt
iteracao_indexada,Iteração indexada e controle de loop,492,38,&&,charAt,0.0789,14,254,&&@BinaryOperation@BinaryOperation@MethodInvocation@charAt
iteracao_indexada,Iteração indexada e controle de loop,502,71,nums,i,0.0789,8,114,nums@FormalParameter@MethodDeclaration@ForStatement@ForControl@MemberReference@i
iteracao_indexada,Iteração indexada e controle de loop,502,70,nums,1,0.0786,15,271,nums@MemberReference@BinaryOperation@Literal@1
iteracao_indexada,Iteração indexada e controle de loop,492,33,result,a,0.0782,6,225,result@VariableDeclarator@LocalVariableDeclaration@MethodDeclaration@IfStatem...
iteracao_indexada,Iteração indexada e controle de loop,492,31,String,sb,0.0781,7,202,<PAD/UNK>
iteracao_indexada,Iteração indexada e controle de loop,492,33,2,a,0.0778,8,225,<PAD/UNK>
iteracao_indexada,Iteração indexada e controle de loop,502,112,int,sum,0.0778,6,217,int@BasicType@LocalVariableDeclaration@VariableDeclarator@sum
iteracao_indexada,Iteração indexada e controle de loop,502,64,%,=,0.0777,15,234,%@BinaryOperation@BinaryOperation@IfStatement@BlockStatement@StatementExpress...
iteracao_indexada,Iteração indexada e controle de loop,492,32,String,<PAD/UNK>,0.0776,24,448,<PAD/UNK>
iteracao_indexada,Iteração indexada e controle de loop,492,34,==,str,0.0775,25,309,==@BinaryOperation@MethodInvocation@str
iteracao_indexada,Iteração indexada e controle de loop,492,32,stri,String,0.0772,5,448,<PAD/UNK>
iteracao_indexada,Iteração indexada e controle de loop,502,112,int,0,0.0767,11,217,int@BasicType@VariableDeclaration@VariableDeclarator@Literal@0
iteracao_indexada,Iteração indexada e controle de loop,502,118,int,1,0.0765,8,146,int@BasicType@VariableDeclaration@VariableDeclarator@Literal@1
iteracao_indexada,Iteração indexada e controle de loop,502,112,==,result,0.0763,8,217,<PAD/UNK>
iteracao_indexada,Iteração indexada e controle de loop,494,49,int,nums,0.0762,8,120,int@BasicType@FormalParameter@nums
iteracao_indexada,Iteração indexada e controle de loop,494,46,int,2,0.0761,7,172,int@BasicType@VariableDeclaration@ForControl@BinaryOperation@BinaryOperation@...
iteracao_indexada,Iteração indexada e controle de loop,492,32,String,"""""",0.076,23,448,"String@ReferenceType@LocalVariableDeclaration@VariableDeclarator@Literal@"""""
iteracao_indexada,Iteração indexada e controle de loop,502,118,int,1,0.0758,13,146,int@BasicType@ArrayCreator@BinaryOperation@BinaryOperation@BinaryOperation@Li...
iteracao_indexada,Iteração indexada e controle de loop,502,45,<PAD/UNK>,0,0.0754,12,127,<PAD/UNK>
iteracao_indexada,Iteração indexada e controle de loop,502,56,nums,=,0.0752,34,173,nums@MemberReference@BinaryOperation@IfStatement@BlockStatement@StatementExpr...
iteracao_indexada,Iteração indexada e controle de loop,492,32,=,str,0.0749,11,448,<PAD/UNK>
iteracao_indexada,Iteração indexada e controle de loop,492,38,!=,str,0.0737,6,254,!=@BinaryOperation@MethodInvocation@str
iteracao_indexada,Iteração indexada e controle de loop,492,128,String,str,0.0737,31,126,String@ReferenceType@FormalParameter@str
iteracao_indexada,Iteração indexada e controle de loop,502,71,int,==,0.0737,5,114,int@BasicType@FormalParameter@MethodDeclaration@IfStatement@BinaryOperation@==
iteracao_indexada,Iteração indexada e controle de loop,494,46,int,countEvens,0.0733,9,172,int@BasicType@MethodDeclaration@countEvens
iteracao_indexada,Iteração indexada e controle de loop,492,36,==,str,0.073,9,141,==@BinaryOperation@BinaryOperation@BinaryOperation@BinaryOperation@MethodInvo...
iteracao_indexada,Iteração indexada e controle de loop,502,71,int,0,0.073,9,114,int@BasicType@LocalVariableDeclaration@MethodDeclaration@IfStatement@BinaryOp...
iteracao_indexada,Iteração indexada e controle de loop,494,49,int,0,0.0726,11,120,int@BasicType@FormalParameter@MethodDeclaration@IfStatement@BinaryOperation@L...
iteracao_indexada,Iteração indexada e controle de loop,492,37,a,a,0.0725,10,104,a@MemberReference@Assignment@MethodInvocation@a
iteracao_indexada,Iteração indexada e controle de loop,492,37,String,a,0.0722,12,104,String@ReferenceType@FormalParameter@MethodDeclaration@StatementExpression@As...
iteracao_indexada,Iteração indexada e controle de loop,502,112,len,i,0.0721,9,217,<PAD/UNK>
iteracao_indexada,Iteração indexada e controle de loop,494,46,int,boolean,0.0719,15,172,int@BasicType@FormalParameter@MethodDeclaration@LocalVariableDeclaration@Basi...
iteracao_indexada,Iteração indexada e controle de loop,502,112,+,1,0.0719,12,217,+@BinaryOperation@Literal@1
iteracao_indexada,Iteração indexada e controle de loop,492,33,String,<,0.0716,5,225,String@ReferenceType@LocalVariableDeclaration@MethodDeclaration@ForStatement@...
iteracao_indexada,Iteração indexada e controle de loop,492,31,String,word,0.0715,5,202,String@ReferenceType@FormalParameter@word
iteracao_indexada,Iteração indexada e controle de loop,502,64,%,0,0.0715,6,234,%@BinaryOperation@BinaryOperation@IfStatement@IfStatement@BinaryOperation@Lit...
iteracao_indexada,Iteração indexada e controle de loop,492,31,plusOut,String,0.0712,5,202,plusOut@MethodDeclaration@FormalParameter@ReferenceType@String
iteracao_indexada,Iteração indexada e controle de loop,502,70,nums,i,0.0712,36,271,nums@FormalParameter@MethodDeclaration@ForStatement@ForControl@MemberReference@i
iteracao_indexada,Iteração indexada e controle de loop,494,107,<,1,0.0711,12,354,<@BinaryOperation@BinaryOperation@Literal@1
iteracao_indexada,Iteração indexada e controle de loop,502,51,%,=,0.0711,10,115,%@BinaryOperation@BinaryOperation@IfStatement@BlockStatement@StatementExpress...
iteracao_indexada,Iteração indexada e controle de loop,492,33,String,aa,0.0708,6,225,String@ReferenceType@FormalParameter@MethodDeclaration@LocalVariableDeclarati...
iteracao_indexada,Iteração indexada e controle de loop,502,48,nums,i,0.0708,14,170,nums@FormalParameter@MethodDeclaration@ForStatement@ForControl@VariableDeclar...
iteracao_indexada,Iteração indexada e controle de loop,502,71,%,2,0.0707,7,114,%@BinaryOperation@Literal@2
iteracao_indexada,Iteração indexada e controle de loop,492,31,String,StringBuilder,0.0699,6,202,String@ReferenceType@FormalParameter@MethodDeclaration@LocalVariableDeclarati...
iteracao_indexada,Iteração indexada e controle de loop,492,37,j,1,0.0697,5,104,<PAD/UNK>
iteracao_indexada,Iteração indexada e controle de loop,492,37,temp,compareTo,0.0694,5,104,temp@MethodInvocation@compareTo
iteracao_indexada,Iteração indexada e controle de loop,494,106,int,boolean,0.0693,15,228,int@BasicType@FormalParameter@MethodDeclaration@LocalVariableDeclaration@Basi...
iteracao_indexada,Iteração indexada e controle de loop,502,70,arr,=,0.0692,6,271,arr@MemberReference@Assignment@=
iteracao_indexada,Iteração indexada e controle de loop,494,107,1,length,0.069,11,354,1@Literal@VariableDeclarator@VariableDeclaration@ForControl@BinaryOperation@M...
iteracao_indexada,Iteração indexada e controle de loop,492,38,int,str,0.0687,5,254,<PAD/UNK>
iteracao_indexada,Iteração indexada e controle de loop,494,107,nums,==,0.0687,46,354,nums@FormalParameter@MethodDeclaration@ForStatement@BlockStatement@IfStatemen...
iteracao_indexada,Iteração indexada e controle de loop,492,31,String,str,0.0686,23,202,String@ReferenceType@FormalParameter@str
iteracao_indexada,Iteração indexada e controle de loop,494,107,nums,2,0.0684,5,354,nums@MemberReference@BinaryOperation@BinaryOperation@ForControl@Assignment@Li...
iteracao_indexada,Iteração indexada e controle de loop,492,39,y,str,0.0682,6,162,y@MemberReference@BinaryOperation@MethodInvocation@str
iteracao_indexada,Iteração indexada e controle de loop,492,39,int,str,0.0681,10,162,int@BasicType@LocalVariableDeclaration@VariableDeclarator@BinaryOperation@Met...
iteracao_indexada,Iteração indexada e controle de loop,492,31,String,str,0.0681,5,202,String@ReferenceType@LocalVariableDeclaration@VariableDeclarator@MethodInvoca...
iteracao_indexada,Iteração indexada e controle de loop,492,36,&&,str,0.0678,5,141,&&@BinaryOperation@BinaryOperation@BinaryOperation@MethodInvocation@str
iteracao_indexada,Iteração indexada e controle de loop,492,36,countCode,char,0.0677,18,141,<PAD/UNK>
iteracao_indexada,Iteração indexada e controle de loop,502,56,int,sort,0.0673,8,173,int@BasicType@FormalParameter@MethodDeclaration@StatementExpression@MethodInv...
iteracao_indexada,Iteração indexada e controle de loop,502,56,int,centeredAverage,0.0673,9,173,int@BasicType@MethodDeclaration@centeredAverage
iteracao_indexada,Iteração indexada e controle de loop,492,36,str,str,0.067,12,141,<PAD/UNK>
iteracao_indexada,Iteração indexada e controle de loop,502,70,nums,=,0.0669,10,271,nums@MemberReference@BinaryOperation@IfStatement@BlockStatement@StatementExpr...
iteracao_indexada,Iteração indexada e controle de loop,492,32,String,str,0.0665,13,448,String@ReferenceType@FormalParameter@str
iteracao_indexada,Iteração indexada e controle de loop,492,39,int,str,0.0665,5,162,int@BasicType@VariableDeclaration@ForControl@BinaryOperation@MethodInvocation...
iteracao_indexada,Iteração indexada e controle de loop,502,64,==,result,0.0664,15,234,<PAD/UNK>
iteracao_indexada,Iteração indexada e controle de loop,502,112,i,=,0.0653,8,217,i@MemberReference@Assignment@=
iteracao_indexada,Iteração indexada e controle de loop,502,48,!=,10,0.0642,5,170,!=@BinaryOperation@Literal@10
iteracao_indexada,Iteração indexada e controle de loop,494,106,int,length,0.0639,11,228,int@BasicType@LocalVariableDeclaration@VariableDeclarator@BinaryOperation@Mem...
iteracao_indexada,Iteração indexada e controle de loop,492,32,charAt,str,0.0637,8,448,<PAD/UNK>
iteracao_indexada,Iteração indexada e controle de loop,502,112,int,*,0.063,7,217,int@BasicType@ArrayCreator@BinaryOperation@BinaryOperation@*
iteracao_indexada,Iteração indexada e controle de loop,492,32,x,word,0.0628,6,448,<PAD/UNK>
iteracao_indexada,Iteração indexada e controle de loop,492,39,<,strLength,0.0628,5,162,<PAD/UNK>
iteracao_indexada,Iteração indexada e controle de loop,494,106,<,=,0.0616,10,228,<@BinaryOperation@ForControl@ForStatement@BlockStatement@StatementExpression@...
iteracao_indexada,Iteração indexada e controle de loop,492,37,str,str,0.0612,5,104,str@MethodInvocation@BinaryOperation@BinaryOperation@BinaryOperation@MethodIn...
iteracao_indexada,Iteração indexada e controle de loop,502,48,j,=,0.0611,5,170,j@MemberReference@ArraySelector@MemberReference@Assignment@=
iteracao_indexada,Iteração indexada e controle de loop,502,64,int,i,0.0608,5,234,int@BasicType@VariableDeclaration@ForControl@BinaryOperation@MemberReference@i
iteracao_indexada,Iteração indexada e controle de loop,494,49,nums,==,0.0607,13,120,nums@FormalParameter@MethodDeclaration@ForStatement@BlockStatement@IfStatemen...
iteracao_indexada,Iteração indexada e controle de loop,502,64,%,3,0.0606,6,234,%@BinaryOperation@Literal@3
iteracao_indexada,Iteração indexada e controle de loop,492,39,i,str,0.0605,6,162,i@MemberReference@BinaryOperation@MethodInvocation@str
iteracao_indexada,Iteração indexada e controle de loop,492,33,output,output,0.0605,5,225,output@MemberReference@Assignment@BinaryOperation@MemberReference@output
iteracao_indexada,Iteração indexada e controle de loop,494,46,val,==,0.0604,5,172,val@FormalParameter@MethodDeclaration@ForStatement@BlockStatement@IfStatement...
iteracao_indexada,Iteração indexada e controle de loop,502,118,+,1,0.0603,9,146,+@BinaryOperation@Literal@1
iteracao_indexada,Iteração indexada e controle de loop,494,41,nums,2,0.0601,16,51,nums@MemberReference@BinaryOperation@BinaryOperation@MemberReference@ArraySel...
iteracao_indexada,Iteração indexada e controle de loop,492,32,plusOut,=,0.0596,6,448,<PAD/UNK>
iteracao_indexada,Iteração indexada e controle de loop,492,34,<PAD/UNK>,charAt,0.0594,5,309,<PAD/UNK>
iteracao_indexada,Iteração indexada e controle de loop,492,37,<,<PAD/UNK>,0.0593,5,104,<PAD/UNK>
iteracao_indexada,Iteração indexada e controle de loop,494,49,int,length,0.0591,6,120,int@BasicType@LocalVariableDeclaration@MethodDeclaration@IfStatement@BinaryOp...
iteracao_indexada,Iteração indexada e controle de loop,492,39,xposition,<,0.059,5,162,<PAD/UNK>
iteracao_indexada,Iteração indexada e controle de loop,502,45,int,sum67,0.0587,8,127,int@BasicType@MethodDeclaration@sum67
iteracao_indexada,Iteração indexada e controle de loop,492,37,String,a,0.0582,21,104,String@ReferenceType@FormalParameter@MethodDeclaration@StatementExpression@As...
iteracao_indexada,Iteração indexada e controle de loop,492,128,&&,str,0.0581,8,126,&&@BinaryOperation@MethodInvocation@str
iteracao_indexada,Iteração indexada e controle de loop,494,106,nums,==,0.058,21,228,nums@FormalParameter@MethodDeclaration@ForStatement@BlockStatement@IfStatemen...
iteracao_indexada,Iteração indexada e controle de loop,494,107,int,n,0.0578,5,354,int@BasicType@FormalParameter@n
iteracao_indexada,Iteração indexada e controle de loop,492,32,String,word,0.0576,6,448,String@ReferenceType@FormalParameter@MethodDeclaration@LocalVariableDeclarati...
iteracao_indexada,Iteração indexada e controle de loop,502,57,int,i,0.0575,5,54,int@BasicType@LocalVariableDeclaration@MethodDeclaration@ForStatement@ForCont...
iteracao_indexada,Iteração indexada e controle de loop,494,106,int,n,0.0574,9,228,int@BasicType@LocalVariableDeclaration@VariableDeclarator@BinaryOperation@Mem...
iteracao_indexada,Iteração indexada e controle de loop,502,70,nums,2,0.0571,26,271,nums@MemberReference@BinaryOperation@BinaryOperation@BinaryOperation@Literal@2
iteracao_indexada,Iteração indexada e controle de loop,492,31,String,str,0.057,7,202,String@ReferenceType@MethodDeclaration@FormalParameter@str
iteracao_indexada,Iteração indexada e controle de loop,494,107,++,==,0.057,14,354,++@MemberReference@ForControl@ForStatement@BlockStatement@IfStatement@BinaryO...
iteracao_indexada,Iteração indexada e controle de loop,492,39,len,str,0.0568,17,162,len@VariableDeclarator@MethodInvocation@str
iteracao_indexada,Iteração indexada e controle de loop,502,112,int,h,0.0563,14,217,<PAD/UNK>
iteracao_indexada,Iteração indexada e controle de loop,494,49,nums,=,0.0562,8,120,nums@FormalParameter@MethodDeclaration@ForStatement@BlockStatement@StatementE...
iteracao_indexada,Iteração indexada e controle de loop,502,71,int,sum1,0.056,5,114,int@BasicType@LocalVariableDeclaration@VariableDeclarator@sum1
iteracao_indexada,Iteração indexada e controle de loop,492,34,String,<PAD/UNK>,0.0555,11,309,<PAD/UNK>
iteracao_indexada,Iteração indexada e controle de loop,502,118,nums,=,0.0549,10,146,nums@MemberReference@BinaryOperation@ArraySelector@MemberReference@Assignment@=
iteracao_indexada,Iteração indexada e controle de loop,502,70,int,i,0.0543,39,271,int@BasicType@VariableDeclaration@ForControl@BinaryOperation@MemberReference@i
iteracao_indexada,Iteração indexada e controle de loop,502,64,a,start,0.0539,7,234,<PAD/UNK>
iteracao_indexada,Iteração indexada e controle de loop,502,45,==,<PAD/UNK>,0.0539,5,127,<PAD/UNK>
iteracao_indexada,Iteração indexada e controle de loop,494,107,int,n,0.0536,6,354,int@BasicType@FormalParameter@MethodDeclaration@FormalParameter@n
iteracao_indexada,Iteração indexada e controle de loop,492,34,<,-,0.0534,9,309,<@BinaryOperation@BinaryOperation@-
iteracao_indexada,Iteração indexada e controle de loop,502,56,int,0,0.0532,7,173,int@BasicType@VariableDeclaration@VariableDeclarator@Literal@0
iteracao_indexada,Iteração indexada e controle de loop,492,31,<PAD/UNK>,String,0.0526,17,202,<PAD/UNK>
iteracao_indexada,Iteração indexada e controle de loop,492,34,str,str,0.0524,5,309,str@FormalParameter@MethodDeclaration@ForStatement@ForControl@BinaryOperation...
iteracao_indexada,Iteração indexada e controle de loop,492,128,String,-,0.0523,5,126,<PAD/UNK>
iteracao_indexada,Iteração indexada e controle de loop,494,106,int,x,0.0523,6,228,int@BasicType@FormalParameter@MethodDeclaration@ForStatement@ForControl@Membe...
iteracao_indexada,Iteração indexada e controle de loop,494,106,int,len,0.0523,11,228,int@BasicType@LocalVariableDeclaration@MethodDeclaration@LocalVariableDeclara...
iteracao_indexada,Iteração indexada e controle de loop,494,107,int,length,0.0523,15,354,int@BasicType@VariableDeclaration@ForControl@BinaryOperation@BinaryOperation@...
iteracao_indexada,Iteração indexada e controle de loop,494,106,int,++,0.0522,9,228,int@BasicType@VariableDeclaration@ForControl@MemberReference@++
iteracao_indexada,Iteração indexada e controle de loop,494,107,<,length,0.0516,6,354,<@BinaryOperation@MemberReference@length
iteracao_indexada,Iteração indexada e controle de loop,502,64,n,=,0.0512,11,234,n@FormalParameter@MethodDeclaration@ForStatement@BlockStatement@StatementExpr...
iteracao_indexada,Iteração indexada e controle de loop,502,64,i,%,0.0511,6,234,i@MemberReference@BinaryOperation@BinaryOperation@BinaryOperation@BinaryOpera...
iteracao_indexada,Iteração indexada e controle de loop,494,49,int,nums,0.0509,7,120,int@BasicType@VariableDeclaration@ForControl@BinaryOperation@BinaryOperation@...
iteracao_indexada,Iteração indexada e controle de loop,502,64,++,=,0.0498,8,234,++@MemberReference@ForControl@ForStatement@BlockStatement@StatementExpression...
iteracao_indexada,Iteração indexada e controle de loop,494,41,int,sum3,0.0497,5,51,<PAD/UNK>
iteracao_indexada,Iteração indexada e controle de loop,494,106,int,front,0.0494,8,228,int@BasicType@FormalParameter@MethodDeclaration@LocalVariableDeclaration@Vari...
iteracao_indexada,Iteração indexada e controle de loop,502,64,==,<PAD/UNK>,0.0492,6,234,<PAD/UNK>
iteracao_indexada,Iteração indexada e controle de loop,492,40,str,-,0.0489,7,212,str@FormalParameter@MethodDeclaration@LocalVariableDeclaration@VariableDeclar...
iteracao_indexada,Iteração indexada e controle de loop,494,49,int,length,0.0488,5,120,int@BasicType@VariableDeclaration@ForControl@BinaryOperation@BinaryOperation@...
iteracao_indexada,Iteração indexada e controle de loop,502,70,==,=,0.0483,6,271,==@BinaryOperation@IfStatement@BlockStatement@StatementExpression@Assignment@=
iteracao_indexada,Iteração indexada e controle de loop,494,107,int,0,0.0482,7,354,int@BasicType@FormalParameter@MethodDeclaration@LocalVariableDeclaration@Vari...
iteracao_indexada,Iteração indexada e controle de loop,494,106,int,len,0.0478,30,228,int@BasicType@LocalVariableDeclaration@MethodDeclaration@ForStatement@ForCont...
iteracao_indexada,Iteração indexada e controle de loop,502,112,int,j,0.0478,13,217,int@BasicType@VariableDeclaration@ForControl@MemberReference@j
iteracao_indexada,Iteração indexada e controle de loop,502,118,int,i,0.0478,7,146,int@BasicType@VariableDeclaration@ForControl@BinaryOperation@MemberReference@i
iteracao_indexada,Iteração indexada e controle de loop,502,56,int,smallest,0.0477,6,173,int@BasicType@LocalVariableDeclaration@MethodDeclaration@LocalVariableDeclara...
iteracao_indexada,Iteração indexada e controle de loop,492,38,xyzThere,str,0.0473,11,254,xyzThere@MethodDeclaration@IfStatement@MethodInvocation@str
iteracao_indexada,Iteração indexada e controle de loop,502,112,a,2,0.047,5,217,<PAD/UNK>
iteracao_indexada,Iteração indexada e controle de loop,492,36,==,str,0.0469,12,141,==@BinaryOperation@MethodInvocation@str
iteracao_indexada,Iteração indexada e controle de loop,492,34,<,str,0.0469,5,309,<@BinaryOperation@MethodInvocation@str
iteracao_indexada,Iteração indexada e controle de loop,492,31,wLen,word,0.0468,7,202,wLen@VariableDeclarator@MethodInvocation@word
iteracao_indexada,Iteração indexada e controle de loop,492,34,String,"""z""",0.0467,6,309,<PAD/UNK>
iteracao_indexada,Iteração indexada e controle de loop,502,70,==,i,0.0467,14,271,==@BinaryOperation@MemberReference@ArraySelector@BinaryOperation@MemberRefere...
iteracao_indexada,Iteração indexada e controle de loop,502,45,int,0,0.0467,7,127,int@BasicType@FormalParameter@MethodDeclaration@IfStatement@BinaryOperation@L...
iteracao_indexada,Iteração indexada e controle de loop,502,70,int,i,0.0464,20,271,int@BasicType@VariableDeclaration@VariableDeclarator@i
iteracao_indexada,Iteração indexada e controle de loop,502,112,+,=,0.0461,17,217,+@BinaryOperation@Assignment@=
iteracao_indexada,Iteração indexada e controle de loop,492,34,<,2,0.046,8,309,<@BinaryOperation@BinaryOperation@Literal@2
iteracao_indexada,Iteração indexada e controle de loop,502,51,%,10,0.046,5,115,%@BinaryOperation@Literal@10
iteracao_indexada,Iteração indexada e controle de loop,494,107,int,<,0.0458,5,354,int@BasicType@LocalVariableDeclaration@MethodDeclaration@ForStatement@ForCont...
iteracao_indexada,Iteração indexada e controle de loop,492,31,stbuild,-,0.0457,7,202,stbuild@MethodInvocation@MethodInvocation@BinaryOperation@-
iteracao_indexada,Iteração indexada e controle de loop,492,36,<PAD/UNK>,+,0.0455,9,141,<PAD/UNK>
iteracao_indexada,Iteração indexada e controle de loop,502,70,==,<PAD/UNK>,0.0455,13,271,<PAD/UNK>
iteracao_indexada,Iteração indexada e controle de loop,492,32,plusStr,word,0.0451,10,448,<PAD/UNK>
iteracao_indexada,Iteração indexada e controle de loop,502,118,nums,=,0.0448,5,146,nums@MemberReference@Assignment@=
iteracao_indexada,Iteração indexada e controle de loop,492,38,String,false,0.0446,11,254,<PAD/UNK>
iteracao_indexada,Iteração indexada e controle de loop,502,70,<PAD/UNK>,i,0.0446,16,271,<PAD/UNK>
iteracao_indexada,Iteração indexada e controle de loop,502,112,<=,=,0.0444,6,217,<=@BinaryOperation@ForControl@ForStatement@BlockStatement@StatementExpression...
iteracao_indexada,Iteração indexada e controle de loop,494,41,nums,=,0.0442,7,51,nums@FormalParameter@MethodDeclaration@ForStatement@BlockStatement@StatementE...
iteracao_indexada,Iteração indexada e controle de loop,492,31,String,Statement,0.044,7,202,String@ReferenceType@LocalVariableDeclaration@MethodDeclaration@ForStatement@...
iteracao_indexada,Iteração indexada e controle de loop,494,107,int,nums,0.0436,39,354,int@BasicType@VariableDeclaration@ForControl@BinaryOperation@BinaryOperation@...
iteracao_indexada,Iteração indexada e controle de loop,494,107,int,boolean,0.0434,5,354,int@BasicType@FormalParameter@MethodDeclaration@LocalVariableDeclaration@Basi...
iteracao_indexada,Iteração indexada e controle de loop,492,34,'z',2,0.0428,6,309,<PAD/UNK>
iteracao_indexada,Iteração indexada e controle de loop,494,46,+,==,0.0421,5,172,+@BinaryOperation@BinaryOperation@BinaryOperation@BinaryOperation@==
iteracao_indexada,Iteração indexada e controle de loop,494,46,nums,0,0.0417,7,172,nums@MemberReference@BinaryOperation@BinaryOperation@Literal@0
iteracao_indexada,Iteração indexada e controle de loop,502,70,==,1,0.0417,8,271,==@BinaryOperation@MemberReference@ArraySelector@BinaryOperation@Literal@1
iteracao_indexada,Iteração indexada e controle de loop,502,112,int,i,0.0417,20,217,int@BasicType@VariableDeclaration@ForControl@BinaryOperation@MemberReference@i
iteracao_indexada,Iteração indexada e controle de loop,494,106,nums,0,0.0413,5,228,nums@MemberReference@BinaryOperation@Literal@0
iteracao_indexada,Iteração indexada e controle de loop,494,106,int,n,0.0407,10,228,int@BasicType@FormalParameter@n
iteracao_indexada,Iteração indexada e controle de loop,494,106,nums,==,0.0405,11,228,nums@MemberReference@BinaryOperation@BinaryOperation@BinaryOperation@==
iteracao_indexada,Iteração indexada e controle de loop,494,107,int,j,0.04,16,354,int@BasicType@VariableDeclaration@VariableDeclarator@j
iteracao_indexada,Iteração indexada e controle de loop,494,46,&&,==,0.0396,5,172,&&@BinaryOperation@BinaryOperation@==
iteracao_indexada,Iteração indexada e controle de loop,492,39,i,str,0.0393,6,162,i@MemberReference@ForControl@ForStatement@BlockStatement@IfStatement@MethodIn...
iteracao_indexada,Iteração indexada e controle de loop,492,36,String,"""e""",0.0391,7,141,<PAD/UNK>
iteracao_indexada,Iteração indexada e controle de loop,494,107,int,nums,0.0391,5,354,int@BasicType@MethodDeclaration@FormalParameter@nums
iteracao_indexada,Iteração indexada e controle de loop,494,107,int,++,0.0388,30,354,int@BasicType@VariableDeclaration@ForControl@MemberReference@++
iteracao_indexada,Iteração indexada e controle de loop,494,107,clump,=,0.0383,18,354,clump@MemberReference@Assignment@=
iteracao_indexada,Iteração indexada e controle de loop,494,107,int,j,0.0383,12,354,int@BasicType@VariableDeclaration@ForControl@MemberReference@j
iteracao_indexada,Iteração indexada e controle de loop,492,40,String,something,0.0374,7,212,<PAD/UNK>
iteracao_indexada,Iteração indexada e controle de loop,502,112,int,a,0.0374,5,217,int@BasicType@VariableDeclaration@ForControl@MemberReference@a
iteracao_indexada,Iteração indexada e controle de loop,502,51,int,i,0.0371,7,115,int@BasicType@VariableDeclaration@ForControl@BinaryOperation@MemberReference@i
iteracao_indexada,Iteração indexada e controle de loop,494,107,clump,+,0.0366,5,354,clump@MemberReference@Assignment@BinaryOperation@+
iteracao_indexada,Iteração indexada e controle de loop,492,128,bobThere,str,0.0365,9,126,bobThere@MethodDeclaration@LocalVariableDeclaration@VariableDeclarator@Binary...
iteracao_indexada,Iteração indexada e controle de loop,502,45,int,i,0.0362,5,127,int@BasicType@VariableDeclaration@ForControl@BinaryOperation@MemberReference@i
iteracao_indexada,Iteração indexada e controle de loop,494,41,int,nums,0.0361,14,51,int@BasicType@FormalParameter@nums
iteracao_indexada,Iteração indexada e controle de loop,502,70,twoTwo,nums,0.0359,11,271,twoTwo@MethodDeclaration@FormalParameter@nums
iteracao_indexada,Iteração indexada e controle de loop,494,107,nums,<,0.0354,9,354,nums@FormalParameter@MethodDeclaration@ForStatement@ForControl@BinaryOperation@<
iteracao_indexada,Iteração indexada e controle de loop,492,128,x,str,0.0349,5,126,<PAD/UNK>
iteracao_indexada,Iteração indexada e controle de loop,502,57,int,n,0.0346,6,54,<PAD/UNK>
iteracao_indexada,Iteração indexada e controle de loop,494,106,int,nums,0.0341,14,228,int@BasicType@FormalParameter@nums
iteracao_indexada,Iteração indexada e controle de loop,502,112,nums,=,0.0341,6,217,nums@MemberReference@Assignment@=
iteracao_indexada,Iteração indexada e controle de loop,502,56,count,0,0.0335,7,173,count@VariableDeclarator@LocalVariableDeclaration@MethodDeclaration@LocalVari...
iteracao_indexada,Iteração indexada e controle de loop,492,36,&&,str,0.0323,5,141,&&@BinaryOperation@MethodInvocation@str
iteracao_indexada,Iteração indexada e controle de loop,502,56,count,0,0.0323,6,173,count@VariableDeclarator@Literal@0
iteracao_indexada,Iteração indexada e controle de loop,494,41,int,+,0.0316,9,51,int@BasicType@FormalParameter@MethodDeclaration@ReturnStatement@BinaryOperati...
iteracao_indexada,Iteração indexada e controle de loop,494,107,<,length,0.0311,15,354,<@BinaryOperation@BinaryOperation@MemberReference@length
iteracao_indexada,Iteração indexada e controle de loop,494,49,nums,=,0.0309,7,120,nums@MemberReference@BinaryOperation@Assignment@=
iteracao_indexada,Iteração indexada e controle de loop,494,106,d,==,0.0303,10,228,<PAD/UNK>
iteracao_indexada,Iteração indexada e controle de loop,502,56,nums,=,0.0298,7,173,nums@MemberReference@Assignment@StatementExpression@BlockStatement@StatementE...
iteracao_indexada,Iteração indexada e controle de loop,494,49,0,=,0.0292,9,120,0@Literal@Assignment@=
iteracao_indexada,Iteração indexada e controle de loop,494,46,int,length,0.0291,5,172,int@BasicType@VariableDeclaration@ForControl@BinaryOperation@BinaryOperation@...
iteracao_indexada,Iteração indexada e controle de loop,502,70,i,i,0.029,5,271,i@VariableDeclarator@VariableDeclaration@ForControl@MemberReference@i
iteracao_indexada,Iteração indexada e controle de loop,494,107,nums,=,0.0288,5,354,nums@FormalParameter@MethodDeclaration@ForStatement@BlockStatement@IfStatemen...
iteracao_indexada,Iteração indexada e controle de loop,502,70,+,2,0.0283,5,271,+@BinaryOperation@ArraySelector@MemberReference@BinaryOperation@Literal@2
iteracao_indexada,Iteração indexada e controle de loop,494,106,int,n,0.0279,17,228,int@BasicType@FormalParameter@MethodDeclaration@FormalParameter@n
iteracao_indexada,Iteração indexada e controle de loop,492,40,String,split,0.0273,8,212,<PAD/UNK>
iteracao_indexada,Iteração indexada e controle de loop,494,49,int,sum,0.0271,7,120,int@BasicType@FormalParameter@MethodDeclaration@LocalVariableDeclaration@Vari...
iteracao_indexada,Iteração indexada e controle de loop,492,33,>,a,0.0259,6,225,>@BinaryOperation@IfStatement@StatementExpression@Assignment@MethodInvocation@a
iteracao_indexada,Iteração indexada e controle de loop,494,106,nums,=,0.0254,7,228,nums@MemberReference@BinaryOperation@IfStatement@BlockStatement@StatementExpr...
iteracao_indexada,Iteração indexada e controle de loop,492,128,bobThere,String,0.0251,21,126,bobThere@MethodDeclaration@FormalParameter@ReferenceType@String
iteracao_indexada,Iteração indexada e controle de loop,494,46,<PAD/UNK>,<,0.025,5,172,<PAD/UNK>
iteracao_indexada,Iteração indexada e controle de loop,494,46,<,length,0.0244,12,172,<@BinaryOperation@MemberReference@length
iteracao_indexada,Iteração indexada e controle de loop,492,36,&&,3,0.024,8,141,&&@BinaryOperation@BinaryOperation@MethodInvocation@BinaryOperation@Literal@3
iteracao_indexada,Iteração indexada e controle de loop,494,107,nums,++,0.024,8,354,nums@MemberReference@BinaryOperation@BinaryOperation@ForControl@MemberReferen...
iteracao_indexada,Iteração indexada e controle de loop,494,49,<,length,0.0235,8,120,<@BinaryOperation@MemberReference@length
iteracao_indexada,Iteração indexada e controle de loop,492,37,int,a,0.023,13,104,int@BasicType@LocalVariableDeclaration@VariableDeclarator@MethodInvocation@a
iteracao_indexada,Iteração indexada e controle de loop,494,106,int,arr,0.0229,5,228,<PAD/UNK>
iteracao_indexada,Iteração indexada e controle de loop,494,49,<,1,0.0225,5,120,<@BinaryOperation@BinaryOperation@Literal@1
iteracao_indexada,Iteração indexada e controle de loop,494,107,i,==,0.0215,6,354,<PAD/UNK>
iteracao_indexada,Iteração indexada e controle de loop,492,128,bobThere,2,0.02,14,126,bobThere@MethodDeclaration@LocalVariableDeclaration@VariableDeclarator@Binary...
iteracao_indexada,Iteração indexada e controle de loop,492,34,zipZap,empty,0.0193,5,309,<PAD/UNK>
iteracao_indexada,Iteração indexada e controle de loop,494,106,end,length,0.0193,30,228,end@VariableDeclarator@BinaryOperation@MemberReference@length
iteracao_indexada,Iteração indexada e controle de loop,494,107,end,length,0.0186,6,354,end@VariableDeclarator@BinaryOperation@MemberReference@length
iteracao_indexada,Iteração indexada e controle de loop,492,128,&&,str,0.0182,9,126,&&@BinaryOperation@BinaryOperation@MethodInvocation@str
iteracao_indexada,Iteração indexada e controle de loop,494,106,int,start,0.0182,24,228,int@BasicType@FormalParameter@MethodDeclaration@LocalVariableDeclaration@Vari...
iteracao_indexada,Iteração indexada e controle de loop,492,37,<=,x,0.0181,13,104,<PAD/UNK>
iteracao_indexada,Iteração indexada e controle de loop,494,107,int,start,0.0177,6,354,int@BasicType@FormalParameter@MethodDeclaration@LocalVariableDeclaration@Vari...
iteracao_indexada,Iteração indexada e controle de loop,502,112,nums,k,0.0168,5,217,<PAD/UNK>
iteracao_indexada,Iteração indexada e controle de loop,492,34,!=,str,0.0161,5,309,!=@BinaryOperation@MethodInvocation@str
iteracao_indexada,Iteração indexada e controle de loop,494,107,nums,=,0.016,29,354,nums@MemberReference@BinaryOperation@IfStatement@BlockStatement@StatementExpr...
iteracao_indexada,Iteração indexada e controle de loop,494,41,sum3,+,0.0159,9,51,sum3@MethodDeclaration@ReturnStatement@BinaryOperation@BinaryOperation@+
iteracao_indexada,Iteração indexada e controle de loop,492,34,String,<,0.0145,6,309,String@ReferenceType@FormalParameter@MethodDeclaration@ForStatement@ForContro...
iteracao_indexada,Iteração indexada e controle de loop,492,36,count,str,0.0128,5,141,count@VariableDeclarator@LocalVariableDeclaration@MethodDeclaration@LocalVari...
iteracao_indexada,Iteração indexada e controle de loop,492,36,countCode,String,0.0116,12,141,countCode@MethodDeclaration@FormalParameter@ReferenceType@String
iteracao_indexada,Iteração indexada e controle de loop,492,36,||,str,0.0115,5,141,||@BinaryOperation@BinaryOperation@BinaryOperation@BinaryOperation@BinaryOper...
iteracao_indexada,Iteração indexada e controle de loop,492,36,charAt,=,0.0114,5,141,charAt@MethodInvocation@Assignment@=
iteracao_indexada,Iteração indexada e controle de loop,492,36,str,str,0.0113,7,141,str@MethodInvocation@BinaryOperation@BinaryOperation@BinaryOperation@MethodIn...
iteracao_indexada,Iteração indexada e controle de loop,492,36,==,-,0.0085,6,141,<PAD/UNK>
iteracao_indexada,Iteração indexada e controle de loop,492,36,str,str,0.0082,6,141,str@FormalParameter@MethodDeclaration@ForStatement@ForControl@BinaryOperation...
iteracao_indexada,Iteração indexada e controle de loop,492,36,==,+,0.0014,6,141,==@BinaryOperation@MethodInvocation@BinaryOperation@+
iteracao_indexada,Iteração indexada e controle de loop,492,36,str,-,0.0009,6,141,str@FormalParameter@MethodDeclaration@ForStatement@ForControl@BinaryOperation...
iteracao_indexada,Iteração indexada e controle de loop,492,36,String,++,0.0006,5,141,String@ReferenceType@FormalParameter@MethodDeclaration@ForStatement@ForContro...
iteracao_indexada,Iteração indexada e controle de loop,492,36,countCode,count,0.0002,5,141,countCode@MethodDeclaration@LocalVariableDeclaration@VariableDeclarator@count
logica_booleana_composta,Expressões booleanas compostas com operadores lógicos,439,235,int,vacation,0.9761,26,180,int@BasicType@FormalParameter@MethodDeclaration@FormalParameter@vacation
logica_booleana_composta,Expressões booleanas compostas com operadores lógicos,439,232,int,vacation,0.9685,155,471,int@BasicType@FormalParameter@MethodDeclaration@FormalParameter@vacation
logica_booleana_composta,Expressões booleanas compostas com operadores lógicos,492,36,countCode,str,0.9269,47,141,countCode@MethodDeclaration@FormalParameter@str
logica_booleana_composta,Expressões booleanas compostas com operadores lógicos,439,3,int,+,0.9215,5,309,int@BasicType@FormalParameter@MethodDeclaration@IfStatement@ReturnStatement@B...
logica_booleana_composta,Expressões booleanas compostas com operadores lógicos,494,49,int,0,0.8773,9,120,int@BasicType@VariableDeclaration@VariableDeclarator@Literal@0
logica_booleana_composta,Expressões booleanas compostas com operadores lógicos,494,44,int,0,0.8587,15,88,int@BasicType@VariableDeclaration@VariableDeclarator@Literal@0
logica_booleana_composta,Expressões booleanas compostas com operadores lógicos,492,128,bobThere,str,0.8516,47,126,bobThere@MethodDeclaration@FormalParameter@str
logica_booleana_composta,Expressões booleanas compostas com operadores lógicos,439,232,caughtSpeeding,speed,0.8433,25,471,caughtSpeeding@MethodDeclaration@FormalParameter@speed
logica_booleana_composta,Expressões booleanas compostas com operadores lógicos,439,1,int,sum,0.8354,7,82,int@BasicType@FieldDeclaration@VariableDeclarator@sum
logica_booleana_composta,Expressões booleanas compostas com operadores lógicos,494,46,int,0,0.8311,18,172,int@BasicType@VariableDeclaration@VariableDeclarator@Literal@0
logica_booleana_composta,Expressões booleanas compostas com operadores lógicos,439,235,int,&&,0.8261,6,180,int@BasicType@FormalParameter@MethodDeclaration@IfStatement@IfStatement@Binar...
logica_booleana_composta,Expressões booleanas compostas com operadores lógicos,439,12,int,&&,0.8258,14,94,int@BasicType@FormalParameter@MethodDeclaration@IfStatement@IfStatement@Binar...
logica_booleana_composta,Expressões booleanas compostas com operadores lógicos,494,67,int,0,0.8154,19,228,int@BasicType@VariableDeclaration@VariableDeclarator@Literal@0
logica_booleana_composta,Expressões booleanas compostas com operadores lógicos,494,108,int,0,0.7148,36,311,int@BasicType@VariableDeclaration@VariableDeclarator@Literal@0
logica_booleana_composta,Expressões booleanas compostas com operadores lógicos,439,236,int,isWeekend,0.6161,18,223,int@BasicType@FormalParameter@MethodDeclaration@IfStatement@MemberReference@i...
logica_booleana_composta,Expressões booleanas compostas com operadores lógicos,439,236,int,&&,0.6158,8,223,int@BasicType@FormalParameter@MethodDeclaration@IfStatement@IfStatement@Binar...
logica_booleana_composta,Expressões booleanas compostas com operadores lógicos,439,3,outsideMode,1,0.6146,5,309,outsideMode@MemberReference@BinaryOperation@BinaryOperation@BinaryOperation@L...
logica_booleana_composta,Expressões booleanas compostas com operadores lógicos,439,234,boolean,isWeekend,0.6089,10,197,boolean@BasicType@FormalParameter@MethodDeclaration@IfStatement@BinaryOperati...
logica_booleana_composta,Expressões booleanas compostas com operadores lógicos,439,234,int,isWeekend,0.5905,31,197,int@BasicType@FormalParameter@MethodDeclaration@IfStatement@MemberReference@i...
logica_booleana_composta,Expressões booleanas compostas com operadores lógicos,494,108,int,1,0.5841,23,311,int@BasicType@VariableDeclaration@ForControl@BinaryOperation@BinaryOperation@...
logica_booleana_composta,Expressões booleanas compostas com operadores lógicos,494,67,int,length,0.5698,20,228,int@BasicType@VariableDeclaration@ForControl@BinaryOperation@MemberReference@...
logica_booleana_composta,Expressões booleanas compostas com operadores lógicos,439,1,b,==,0.5684,13,82,b@FormalParameter@MethodDeclaration@IfStatement@BinaryOperation@BinaryOperati...
logica_booleana_composta,Expressões booleanas compostas com operadores lógicos,439,1,int,sum,0.5619,6,82,int@BasicType@FormalParameter@MethodDeclaration@LocalVariableDeclaration@Vari...
logica_booleana_composta,Expressões booleanas compostas com operadores lógicos,439,3,boolean,num,0.5579,6,309,<PAD/UNK>
logica_booleana_composta,Expressões booleanas compostas com operadores lógicos,439,3,outsideMode,10,0.5506,17,309,outsideMode@FormalParameter@MethodDeclaration@IfStatement@BinaryOperation@Bin...
logica_booleana_composta,Expressões booleanas compostas com operadores lógicos,439,3,outsideMode,true,0.5462,17,309,outsideMode@MemberReference@IfStatement@BlockStatement@IfStatement@ReturnStat...
logica_booleana_composta,Expressões booleanas compostas com operadores lógicos,439,3,outsideMode,n,0.5459,13,309,outsideMode@MemberReference@BinaryOperation@BinaryOperation@MemberReference@n
logica_booleana_composta,Expressões booleanas compostas com operadores lógicos,439,233,int,sum,0.5413,9,250,int@BasicType@FormalParameter@MethodDeclaration@LocalVariableDeclaration@Vari...
logica_booleana_composta,Expressões booleanas compostas com operadores lógicos,494,49,int,1,0.5397,19,120,int@BasicType@VariableDeclaration@ForControl@BinaryOperation@BinaryOperation@...
logica_booleana_composta,Expressões booleanas compostas com operadores lógicos,439,3,outsideMode,>=,0.5293,10,309,outsideMode@MemberReference@IfStatement@IfStatement@BinaryOperation@BinaryOpe...
logica_booleana_composta,Expressões booleanas compostas com operadores lógicos,439,3,outsideMode,==,0.5202,6,309,outsideMode@FormalParameter@MethodDeclaration@IfStatement@BinaryOperation@==
logica_booleana_composta,Expressões booleanas compostas com operadores lógicos,494,49,int,length,0.516,25,120,int@BasicType@VariableDeclaration@ForControl@BinaryOperation@MemberReference@...
logica_booleana_composta,Expressões booleanas compostas com operadores lógicos,439,236,c,==,0.5007,10,223,c@MemberReference@BinaryOperation@BinaryOperation@BinaryOperation@BinaryOpera...
logica_booleana_composta,Expressões booleanas compostas com operadores lógicos,439,3,outsideMode,>=,0.5006,23,309,outsideMode@FormalParameter@MethodDeclaration@IfStatement@IfStatement@BinaryO...
logica_booleana_composta,Expressões booleanas compostas com operadores lógicos,494,108,nums,=,0.4962,82,311,nums@MemberReference@Assignment@=
logica_booleana_composta,Expressões booleanas compostas com operadores lógicos,439,3,int,>=,0.4907,12,309,int@BasicType@LocalVariableDeclaration@MethodDeclaration@IfStatement@BinaryOp...
logica_booleana_composta,Expressões booleanas compostas com operadores lógicos,439,12,int,&&,0.4882,7,94,int@BasicType@FormalParameter@MethodDeclaration@IfStatement@BinaryOperation@B...
logica_booleana_composta,Expressões booleanas compostas com operadores lógicos,492,34,<PAD/UNK>,str,0.4801,14,309,<PAD/UNK>
logica_booleana_composta,Expressões booleanas compostas com operadores lógicos,492,34,==,str,0.4649,6,309,==@BinaryOperation@BinaryOperation@BinaryOperation@MethodInvocation@str
logica_booleana_composta,Expressões booleanas compostas com operadores lógicos,492,34,zipZap,str,0.454,95,309,zipZap@MethodDeclaration@FormalParameter@str
logica_booleana_composta,Expressões booleanas compostas com operadores lógicos,494,67,int,==,0.4528,11,228,int@BasicType@FormalParameter@MethodDeclaration@IfStatement@BinaryOperation@==
logica_booleana_composta,Expressões booleanas compostas com operadores lógicos,439,234,int,isWeekend,0.4517,68,197,int@BasicType@FormalParameter@MethodDeclaration@FormalParameter@isWeekend
logica_booleana_composta,Expressões booleanas compostas com operadores lógicos,439,235,int,&&,0.4511,8,180,int@BasicType@FormalParameter@MethodDeclaration@IfStatement@BinaryOperation@B...
logica_booleana_composta,Expressões booleanas compostas com operadores lógicos,439,3,int,boolean,0.4477,23,309,int@BasicType@FormalParameter@MethodDeclaration@LocalVariableDeclaration@Basi...
logica_booleana_composta,Expressões booleanas compostas com operadores lógicos,439,5,b,==,0.4438,18,250,b@FormalParameter@MethodDeclaration@IfStatement@BinaryOperation@BinaryOperati...
logica_booleana_composta,Expressões booleanas compostas com operadores lógicos,492,128,String,str,0.4423,5,126,String@ReferenceType@FormalParameter@MethodDeclaration@IfStatement@BinaryOper...
logica_booleana_composta,Expressões booleanas compostas com operadores lógicos,494,46,int,length,0.4421,11,172,int@BasicType@VariableDeclaration@ForControl@BinaryOperation@MemberReference@...
logica_booleana_composta,Expressões booleanas compostas com operadores lógicos,492,36,countCode,str,0.4398,14,141,countCode@MethodDeclaration@ForStatement@ForControl@BinaryOperation@MethodInv...
logica_booleana_composta,Expressões booleanas compostas com operadores lógicos,439,236,int,isWeekend,0.4377,32,223,int@BasicType@FormalParameter@MethodDeclaration@FormalParameter@isWeekend
logica_booleana_composta,Expressões booleanas compostas com operadores lógicos,439,232,int,&&,0.4364,6,471,int@BasicType@FormalParameter@MethodDeclaration@IfStatement@BinaryOperation@B...
logica_booleana_composta,Expressões booleanas compostas com operadores lógicos,494,49,int,==,0.4325,10,120,int@BasicType@LocalVariableDeclaration@MethodDeclaration@IfStatement@BinaryOp...
logica_booleana_composta,Expressões booleanas compostas com operadores lógicos,439,233,b,==,0.4297,61,250,b@FormalParameter@MethodDeclaration@IfStatement@BinaryOperation@BinaryOperati...
logica_booleana_composta,Expressões booleanas compostas com operadores lógicos,494,67,nums,==,0.4284,28,228,nums@MemberReference@BinaryOperation@IfStatement@BlockStatement@IfStatement@B...
logica_booleana_composta,Expressões booleanas compostas com operadores lógicos,439,236,b,==,0.419,39,223,b@FormalParameter@MethodDeclaration@IfStatement@BinaryOperation@BinaryOperati...
logica_booleana_composta,Expressões booleanas compostas com operadores lógicos,494,67,<,==,0.4183,9,228,<@BinaryOperation@ForControl@ForStatement@BlockStatement@IfStatement@BinaryOp...
logica_booleana_composta,Expressões booleanas compostas com operadores lógicos,494,46,int,1,0.4104,18,172,int@BasicType@VariableDeclaration@ForControl@BinaryOperation@BinaryOperation@...
logica_booleana_composta,Expressões booleanas compostas com operadores lógicos,439,235,int,>=,0.4022,24,180,int@BasicType@LocalVariableDeclaration@MethodDeclaration@IfStatement@BinaryOp...
logica_booleana_composta,Expressões booleanas compostas com operadores lógicos,439,234,int,&&,0.3934,5,197,int@BasicType@FormalParameter@MethodDeclaration@IfStatement@IfStatement@Binar...
logica_booleana_composta,Expressões booleanas compostas com operadores lógicos,494,67,int,1,0.3933,14,228,int@BasicType@VariableDeclaration@ForControl@BinaryOperation@BinaryOperation@...
logica_booleana_composta,Expressões booleanas compostas com operadores lógicos,494,44,nums,=,0.391,12,88,nums@MemberReference@Assignment@=
logica_booleana_composta,Expressões booleanas compostas com operadores lógicos,494,44,int,length,0.3881,15,88,int@BasicType@VariableDeclaration@ForControl@BinaryOperation@MemberReference@...
logica_booleana_composta,Expressões booleanas compostas com operadores lógicos,439,232,int,&&,0.3817,13,471,int@BasicType@FormalParameter@MethodDeclaration@IfStatement@IfStatement@Binar...
logica_booleana_composta,Expressões booleanas compostas com operadores lógicos,439,236,int,&&,0.381,28,223,int@BasicType@FormalParameter@MethodDeclaration@IfStatement@BinaryOperation@B...
logica_booleana_composta,Expressões booleanas compostas com operadores lógicos,439,3,outsideMode,>=,0.3752,5,309,outsideMode@MemberReference@BinaryOperation@BinaryOperation@BinaryOperation@>=
logica_booleana_composta,Expressões booleanas compostas com operadores lógicos,494,67,int,==,0.3646,6,228,int@BasicType@FormalParameter@MethodDeclaration@IfStatement@BinaryOperation@B...
logica_booleana_composta,Expressões booleanas compostas com operadores lógicos,439,234,int,||,0.3631,36,197,int@BasicType@FormalParameter@MethodDeclaration@IfStatement@BinaryOperation@||
logica_booleana_composta,Expressões booleanas compostas com operadores lógicos,439,5,boolean,answerCell,0.3627,5,250,<PAD/UNK>
logica_booleana_composta,Expressões booleanas compostas com operadores lógicos,492,34,==,str,0.3511,8,309,<PAD/UNK>
logica_booleana_composta,Expressões booleanas compostas com operadores lógicos,439,3,outsideMode,>=,0.3481,12,309,outsideMode@FormalParameter@MethodDeclaration@IfStatement@BinaryOperation@Bin...
logica_booleana_composta,Expressões booleanas compostas com operadores lógicos,494,44,int,==,0.3374,10,88,int@BasicType@LocalVariableDeclaration@MethodDeclaration@IfStatement@BinaryOp...
logica_booleana_composta,Expressões booleanas compostas com operadores lógicos,439,3,int,sum,0.3366,21,309,int@BasicType@FormalParameter@MethodDeclaration@LocalVariableDeclaration@Vari...
logica_booleana_composta,Expressões booleanas compostas com operadores lógicos,439,3,int,&&,0.3335,5,309,int@BasicType@FormalParameter@MethodDeclaration@IfStatement@IfStatement@Binar...
logica_booleana_composta,Expressões booleanas compostas com operadores lógicos,494,46,int,<PAD/UNK>,0.3308,22,172,<PAD/UNK>
logica_booleana_composta,Expressões booleanas compostas com operadores lógicos,439,235,int,you,0.3265,9,180,int@BasicType@FormalParameter@you
logica_booleana_composta,Expressões booleanas compostas com operadores lógicos,439,233,boolean,boolean,0.325,84,250,boolean@BasicType@FormalParameter@MethodDeclaration@FormalParameter@BasicType...
logica_booleana_composta,Expressões booleanas compostas com operadores lógicos,439,232,int,speed,0.3227,20,471,int@BasicType@MethodDeclaration@FormalParameter@speed
logica_booleana_composta,Expressões booleanas compostas com operadores lógicos,439,5,boolean,boolean,0.3224,292,250,boolean@BasicType@FormalParameter@MethodDeclaration@FormalParameter@BasicType...
logica_booleana_composta,Expressões booleanas compostas com operadores lógicos,439,236,b,&&,0.3188,10,223,b@MemberReference@BinaryOperation@BinaryOperation@IfStatement@IfStatement@Bin...
logica_booleana_composta,Expressões booleanas compostas com operadores lógicos,439,233,int,true,0.3164,17,250,int@BasicType@FormalParameter@MethodDeclaration@IfStatement@ReturnStatement@L...
logica_booleana_composta,Expressões booleanas compostas com operadores lógicos,492,36,String,str,0.3161,5,141,String@ReferenceType@FormalParameter@MethodDeclaration@LocalVariableDeclarati...
logica_booleana_composta,Expressões booleanas compostas com operadores lógicos,439,235,int,||,0.3144,48,180,int@BasicType@FormalParameter@MethodDeclaration@IfStatement@BinaryOperation@||
logica_booleana_composta,Expressões booleanas compostas com operadores lógicos,494,108,int,length,0.3103,51,311,int@BasicType@VariableDeclaration@ForControl@BinaryOperation@MemberReference@...
logica_booleana_composta,Expressões booleanas compostas com operadores lógicos,494,108,nums,==,0.3088,6,311,nums@MemberReference@BinaryOperation@IfStatement@BlockStatement@IfStatement@B...
logica_booleana_composta,Expressões booleanas compostas com operadores lógicos,492,34,zipZap,str,0.3085,28,309,<PAD/UNK>
logica_booleana_composta,Expressões booleanas compostas com operadores lógicos,439,233,boolean,<PAD/UNK>,0.308,18,250,<PAD/UNK>
logica_booleana_composta,Expressões booleanas compostas com operadores lógicos,494,67,nums,13,0.2981,12,228,nums@MemberReference@BinaryOperation@Literal@13
logica_booleana_composta,Expressões booleanas compostas com operadores lógicos,494,67,nums,==,0.289,13,228,nums@MemberReference@BinaryOperation@BinaryOperation@BinaryOperation@BinaryOp...
logica_booleana_composta,Expressões booleanas compostas com operadores lógicos,439,236,int,=,0.2868,36,223,int@BasicType@FormalParameter@MethodDeclaration@IfStatement@Assignment@=
logica_booleana_composta,Expressões booleanas compostas com operadores lógicos,439,233,int,=,0.2866,10,250,int@BasicType@FormalParameter@MethodDeclaration@IfStatement@Assignment@=
logica_booleana_composta,Expressões booleanas compostas com operadores lógicos,492,34,'z',str,0.2863,6,309,<PAD/UNK>
logica_booleana_composta,Expressões booleanas compostas com operadores lógicos,439,3,outsideMode,true,0.2849,13,309,outsideMode@FormalParameter@MethodDeclaration@IfStatement@BlockStatement@Retu...
logica_booleana_composta,Expressões booleanas compostas com operadores lógicos,494,46,int,result,0.2831,5,172,int@BasicType@FormalParameter@MethodDeclaration@LocalVariableDeclaration@Vari...
logica_booleana_composta,Expressões booleanas compostas com operadores lógicos,439,12,isSummer,&&,0.2825,15,94,isSummer@MemberReference@IfStatement@BlockStatement@IfStatement@BinaryOperati...
logica_booleana_composta,Expressões booleanas compostas com operadores lógicos,494,46,int,==,0.2785,7,172,int@BasicType@FormalParameter@MethodDeclaration@IfStatement@BinaryOperation@==
logica_booleana_composta,Expressões booleanas compostas com operadores lógicos,439,3,outsideMode,true,0.2688,11,309,outsideMode@MemberReference@BinaryOperation@IfStatement@BlockStatement@Return...
logica_booleana_composta,Expressões booleanas compostas com operadores lógicos,439,3,outsideMode,x,0.2654,8,309,<PAD/UNK>
logica_booleana_composta,Expressões booleanas compostas com operadores lógicos,492,36,str,str,0.2646,16,141,str@FormalParameter@MethodDeclaration@LocalVariableDeclaration@VariableDeclar...
logica_booleana_composta,Expressões booleanas compostas com operadores lógicos,439,3,int,||,0.2635,5,309,int@BasicType@FormalParameter@MethodDeclaration@IfStatement@BinaryOperation@||
logica_booleana_composta,Expressões booleanas compostas com operadores lógicos,492,34,version,str,0.2599,6,309,<PAD/UNK>
logica_booleana_composta,Expressões booleanas compostas com operadores lógicos,492,34,String,version,0.2595,13,309,<PAD/UNK>
logica_booleana_composta,Expressões booleanas compostas com operadores lógicos,439,233,int,6,0.2589,7,250,int@BasicType@FormalParameter@MethodDeclaration@IfStatement@BinaryOperation@L...
logica_booleana_composta,Expressões booleanas compostas com operadores lógicos,439,236,int,=,0.2566,37,223,int@BasicType@FormalParameter@MethodDeclaration@IfStatement@Assignment@Assign...
logica_booleana_composta,Expressões booleanas compostas com operadores lógicos,492,34,+=,str,0.2559,10,309,+=@Assignment@StatementExpression@BlockStatement@StatementExpression@Assignme...
logica_booleana_composta,Expressões booleanas compostas com operadores lógicos,439,236,c,==,0.2536,9,223,c@FormalParameter@MethodDeclaration@IfStatement@IfStatement@BinaryOperation@B...
logica_booleana_composta,Expressões booleanas compostas com operadores lógicos,492,34,String,newString,0.2493,10,309,String@ReferenceType@FormalParameter@MethodDeclaration@LocalVariableDeclarati...
logica_booleana_composta,Expressões booleanas compostas com operadores lógicos,492,34,<,str,0.243,8,309,<@BinaryOperation@BinaryOperation@MethodInvocation@str
logica_booleana_composta,Expressões booleanas compostas com operadores lógicos,494,67,false,==,0.2413,5,228,<PAD/UNK>
logica_booleana_composta,Expressões booleanas compostas com operadores lógicos,439,232,boolean,week,0.2389,5,471,boolean@BasicType@FormalParameter@MethodDeclaration@LocalVariableDeclaration@...
logica_booleana_composta,Expressões booleanas compostas com operadores lógicos,439,233,int,=,0.2388,6,250,int@BasicType@FormalParameter@MethodDeclaration@IfStatement@Assignment@Assign...
logica_booleana_composta,Expressões booleanas compostas com operadores lógicos,492,34,zipZap,output,0.2382,5,309,<PAD/UNK>
logica_booleana_composta,Expressões booleanas compostas com operadores lógicos,439,233,int,-,0.2381,9,250,int@BasicType@LocalVariableDeclaration@MethodDeclaration@LocalVariableDeclara...
logica_booleana_composta,Expressões booleanas compostas com operadores lógicos,494,46,int,everywhere,0.2367,23,172,int@BasicType@FormalParameter@MethodDeclaration@LocalVariableDeclaration@Vari...
logica_booleana_composta,Expressões booleanas compostas com operadores lógicos,439,1,b,=,0.2353,5,82,b@MemberReference@BinaryOperation@Assignment@=
logica_booleana_composta,Expressões booleanas compostas com operadores lógicos,439,232,day,vacation,0.2347,10,471,day@MemberReference@BinaryOperation@BinaryOperation@BinaryOperation@MemberRef...
logica_booleana_composta,Expressões booleanas compostas com operadores lógicos,494,67,int,<,0.2346,51,228,int@BasicType@FormalParameter@MethodDeclaration@ForStatement@ForControl@Binar...
logica_booleana_composta,Expressões booleanas compostas com operadores lógicos,439,3,outsideMode,>=,0.2297,70,309,outsideMode@MemberReference@IfStatement@BlockStatement@IfStatement@BinaryOper...
logica_booleana_composta,Expressões booleanas compostas com operadores lógicos,439,233,b,6,0.2275,7,250,b@MemberReference@BinaryOperation@MethodInvocation@BinaryOperation@Literal@6
logica_booleana_composta,Expressões booleanas compostas com operadores lógicos,494,67,7,==,0.2268,27,228,7@Literal@BinaryOperation@BinaryOperation@BinaryOperation@==
logica_booleana_composta,Expressões booleanas compostas com operadores lógicos,439,3,int,outsideMode,0.2261,35,309,int@BasicType@FormalParameter@MethodDeclaration@IfStatement@MemberReference@o...
logica_booleana_composta,Expressões booleanas compostas com operadores lógicos,439,234,int,||,0.2251,10,197,int@BasicType@FormalParameter@MethodDeclaration@IfStatement@IfStatement@Binar...
logica_booleana_composta,Expressões booleanas compostas com operadores lógicos,439,232,5,vacation,0.225,5,471,5@Literal@BinaryOperation@BinaryOperation@BinaryOperation@MemberReference@vac...
logica_booleana_composta,Expressões booleanas compostas com operadores lógicos,439,236,c,=,0.225,12,223,c@FormalParameter@MethodDeclaration@IfStatement@IfStatement@Assignment@Assign...
logica_booleana_composta,Expressões booleanas compostas com operadores lógicos,439,3,outsideMode,&&,0.221,8,309,outsideMode@MemberReference@IfStatement@BlockStatement@IfStatement@BinaryOper...
logica_booleana_composta,Expressões booleanas compostas com operadores lógicos,439,232,day,4,0.2204,16,471,day@MemberReference@BinaryOperation@Literal@4
logica_booleana_composta,Expressões booleanas compostas com operadores lógicos,494,108,<,==,0.2203,39,311,<@BinaryOperation@ForControl@ForStatement@BlockStatement@IfStatement@BinaryOp...
logica_booleana_composta,Expressões booleanas compostas com operadores lógicos,492,34,<PAD/UNK>,a,0.2187,6,309,<PAD/UNK>
logica_booleana_composta,Expressões booleanas compostas com operadores lógicos,494,49,int,<,0.2187,34,120,int@BasicType@FormalParameter@MethodDeclaration@ForStatement@ForControl@Binar...
logica_booleana_composta,Expressões booleanas compostas com operadores lógicos,439,236,int,c,0.2157,47,223,int@BasicType@FormalParameter@c
logica_booleana_composta,Expressões booleanas compostas com operadores lógicos,492,36,&&,charAt,0.2153,8,141,&&@BinaryOperation@BinaryOperation@MethodInvocation@charAt
logica_booleana_composta,Expressões booleanas compostas com operadores lógicos,439,236,c,10,0.2141,9,223,c@MemberReference@BinaryOperation@IfStatement@BlockStatement@ReturnStatement@...
logica_booleana_composta,Expressões booleanas compostas com operadores lógicos,439,5,boolean,=,0.2135,15,250,boolean@BasicType@FormalParameter@MethodDeclaration@IfStatement@BinaryOperati...
logica_booleana_composta,Expressões booleanas compostas com operadores lógicos,439,3,outsideMode,10,0.2124,6,309,<PAD/UNK>
logica_booleana_composta,Expressões booleanas compostas com operadores lógicos,492,36,String,str,0.2122,28,141,String@ReferenceType@FormalParameter@str
logica_booleana_composta,Expressões booleanas compostas com operadores lógicos,439,234,boolean,isWeekend,0.2113,6,197,boolean@BasicType@LocalVariableDeclaration@MethodDeclaration@IfStatement@Memb...
logica_booleana_composta,Expressões booleanas compostas com operadores lógicos,494,67,nums,7,0.2101,42,228,nums@MemberReference@BinaryOperation@BinaryOperation@BinaryOperation@Literal@7
logica_booleana_composta,Expressões booleanas compostas com operadores lógicos,494,108,5,=,0.2078,25,311,5@Literal@Assignment@=
logica_booleana_composta,Expressões booleanas compostas com operadores lógicos,439,235,int,1,0.2075,13,180,int@BasicType@FormalParameter@MethodDeclaration@LocalVariableDeclaration@Vari...
logica_booleana_composta,Expressões booleanas compostas com operadores lógicos,494,67,nums,==,0.2072,22,228,nums@FormalParameter@MethodDeclaration@IfStatement@BlockStatement@IfStatement...
logica_booleana_composta,Expressões booleanas compostas com operadores lógicos,492,34,<=,str,0.2054,5,309,<PAD/UNK>
logica_booleana_composta,Expressões booleanas compostas com operadores lógicos,439,12,outsideMode,>=,0.2039,10,94,outsideMode@MemberReference@IfStatement@BlockStatement@IfStatement@BinaryOper...
logica_booleana_composta,Expressões booleanas compostas com operadores lógicos,494,49,1,=,0.2032,6,120,1@Literal@BinaryOperation@ArraySelector@MemberReference@Assignment@=
logica_booleana_composta,Expressões booleanas compostas com operadores lógicos,492,34,a,append,0.202,6,309,a@MethodInvocation@MethodInvocation@append
logica_booleana_composta,Expressões booleanas compostas com operadores lógicos,439,3,outsideMode,true,0.2015,9,309,outsideMode@MemberReference@BinaryOperation@Literal@true
logica_booleana_composta,Expressões booleanas compostas com operadores lógicos,492,34,&&,str,0.2008,10,309,&&@BinaryOperation@MethodInvocation@str
logica_booleana_composta,Expressões booleanas compostas com operadores lógicos,494,44,int,3,0.1994,10,88,int@BasicType@FormalParameter@MethodDeclaration@IfStatement@BinaryOperation@L...
logica_booleana_composta,Expressões booleanas compostas com operadores lógicos,494,49,nums,+=,0.1992,8,120,nums@MemberReference@Assignment@+=
logica_booleana_composta,Expressões booleanas compostas com operadores lógicos,439,236,boolean,isWeekend,0.1971,12,223,boolean@BasicType@FormalParameter@isWeekend
logica_booleana_composta,Expressões booleanas compostas com operadores lógicos,439,233,b,6,0.1954,9,250,b@MemberReference@BinaryOperation@BinaryOperation@BinaryOperation@BinaryOpera...
logica_booleana_composta,Expressões booleanas compostas com operadores lógicos,439,234,boolean,isWeekend,0.1952,49,197,boolean@BasicType@FormalParameter@isWeekend
logica_booleana_composta,Expressões booleanas compostas com operadores lógicos,494,49,int,val,0.1935,16,120,int@BasicType@FormalParameter@MethodDeclaration@FormalParameter@val
logica_booleana_composta,Expressões booleanas compostas com operadores lógicos,492,128,<,str,0.1926,7,126,<@BinaryOperation@BinaryOperation@MethodInvocation@str
logica_booleana_composta,Expressões booleanas compostas com operadores lógicos,494,49,int,total,0.1892,7,120,int@BasicType@LocalVariableDeclaration@VariableDeclarator@total
logica_booleana_composta,Expressões booleanas compostas com operadores lógicos,494,46,int,<,0.1876,99,172,int@BasicType@FormalParameter@MethodDeclaration@ForStatement@ForControl@Binar...
logica_booleana_composta,Expressões booleanas compostas com operadores lógicos,439,232,day,vacation,0.1863,5,471,day@FormalParameter@MethodDeclaration@IfStatement@BinaryOperation@BinaryOpera...
logica_booleana_composta,Expressões booleanas compostas com operadores lógicos,439,5,int,c,0.1844,5,250,int@BasicType@FormalParameter@c
logica_booleana_composta,Expressões booleanas compostas com operadores lógicos,439,3,outsideMode,&&,0.1836,7,309,outsideMode@MemberReference@IfStatement@IfStatement@BinaryOperation@&&
logica_booleana_composta,Expressões booleanas compostas com operadores lógicos,439,235,int,7,0.1816,6,180,<PAD/UNK>
logica_booleana_composta,Expressões booleanas compostas com operadores lógicos,439,236,int,||,0.1805,7,223,int@BasicType@FormalParameter@MethodDeclaration@IfStatement@IfStatement@Binar...
logica_booleana_composta,Expressões booleanas compostas com operadores lógicos,439,3,outsideMode,outsideMode,0.1801,47,309,outsideMode@FormalParameter@MethodDeclaration@IfStatement@MemberReference@out...
logica_booleana_composta,Expressões booleanas compostas com operadores lógicos,439,232,int,2,0.1775,18,471,int@BasicType@LocalVariableDeclaration@MethodDeclaration@LocalVariableDeclara...
logica_booleana_composta,Expressões booleanas compostas com operadores lógicos,492,34,a,String,0.1756,7,309,a@FormalParameter@MethodDeclaration@FormalParameter@ReferenceType@String
logica_booleana_composta,Expressões booleanas compostas com operadores lógicos,439,232,int,speed,0.1749,10,471,int@BasicType@FormalParameter@speed
logica_booleana_composta,Expressões booleanas compostas com operadores lógicos,439,3,boolean,==,0.1712,6,309,boolean@BasicType@FormalParameter@MethodDeclaration@IfStatement@BinaryOperati...
logica_booleana_composta,Expressões booleanas compostas com operadores lógicos,439,233,int,||,0.1709,62,250,int@BasicType@FormalParameter@MethodDeclaration@IfStatement@BinaryOperation@||
logica_booleana_composta,Expressões booleanas compostas com operadores lógicos,439,3,outsideMode,10,0.1704,6,309,outsideMode@MemberReference@IfStatement@IfStatement@BinaryOperation@BinaryOpe...
logica_booleana_composta,Expressões booleanas compostas com operadores lógicos,492,36,==,str,0.1685,7,141,==@BinaryOperation@BinaryOperation@BinaryOperation@MethodInvocation@str
logica_booleana_composta,Expressões booleanas compostas com operadores lógicos,494,49,nums,13,0.1676,32,120,nums@MemberReference@BinaryOperation@Literal@13
logica_booleana_composta,Expressões booleanas compostas com operadores lógicos,439,3,outsideMode,&&,0.1657,19,309,outsideMode@FormalParameter@MethodDeclaration@IfStatement@BinaryOperation@&&
logica_booleana_composta,Expressões booleanas compostas com operadores lógicos,439,232,day,!=,0.1652,8,471,day@MemberReference@BinaryOperation@BinaryOperation@BinaryOperation@!=
logica_booleana_composta,Expressões booleanas compostas com operadores lógicos,439,236,int,=,0.1647,18,223,int@BasicType@FormalParameter@MethodDeclaration@IfStatement@BinaryOperation@A...
logica_booleana_composta,Expressões booleanas compostas com operadores lógicos,439,5,boolean,boolean,0.1643,121,250,boolean@BasicType@MethodDeclaration@FormalParameter@BasicType@boolean
logica_booleana_composta,Expressões booleanas compostas com operadores lógicos,494,44,int,==,0.1612,12,88,int@BasicType@FormalParameter@MethodDeclaration@IfStatement@BinaryOperation@==
logica_booleana_composta,Expressões booleanas compostas com operadores lógicos,494,108,int,=,0.1608,6,311,int@BasicType@LocalVariableDeclaration@BlockStatement@StatementExpression@Ass...
logica_booleana_composta,Expressões booleanas compostas com operadores lógicos,439,232,day,vacation,0.1604,29,471,day@FormalParameter@MethodDeclaration@IfStatement@MemberReference@vacation
logica_booleana_composta,Expressões booleanas compostas com operadores lógicos,439,235,int,1,0.1602,9,180,int@BasicType@FormalParameter@MethodDeclaration@ReturnStatement@Literal@1
logica_booleana_composta,Expressões booleanas compostas com operadores lógicos,439,232,boolean,vacation,0.1582,69,471,boolean@BasicType@FormalParameter@MethodDeclaration@IfStatement@MemberReferen...
logica_booleana_composta,Expressões booleanas compostas com operadores lógicos,494,67,nums,+,0.1571,12,228,nums@MemberReference@BinaryOperation@MemberReference@ArraySelector@BinaryOper...
logica_booleana_composta,Expressões booleanas compostas com operadores lógicos,492,36,String,-,0.1565,9,141,String@ReferenceType@FormalParameter@MethodDeclaration@LocalVariableDeclarati...
logica_booleana_composta,Expressões booleanas compostas com operadores lógicos,439,234,int,boolean,0.1552,9,197,int@BasicType@FormalParameter@MethodDeclaration@LocalVariableDeclaration@Basi...
logica_booleana_composta,Expressões booleanas compostas com operadores lógicos,439,235,int,&&,0.1548,10,180,int@BasicType@FormalParameter@MethodDeclaration@IfStatement@BinaryOperation@&&
logica_booleana_composta,Expressões booleanas compostas com operadores lógicos,439,236,c,==,0.1541,22,223,c@FormalParameter@MethodDeclaration@IfStatement@BinaryOperation@BinaryOperati...
logica_booleana_composta,Expressões booleanas compostas com operadores lógicos,492,34,String,String,0.1515,62,309,String@ReferenceType@MethodDeclaration@FormalParameter@ReferenceType@String
logica_booleana_composta,Expressões booleanas compostas com operadores lógicos,439,233,int,||,0.1503,10,250,int@BasicType@FormalParameter@MethodDeclaration@IfStatement@IfStatement@Binar...
logica_booleana_composta,Expressões booleanas compostas com operadores lógicos,494,108,int,0,0.1486,5,311,int@BasicType@LocalVariableDeclaration@MethodDeclaration@LocalVariableDeclara...
logica_booleana_composta,Expressões booleanas compostas com operadores lógicos,439,236,b,==,0.1475,33,223,b@FormalParameter@MethodDeclaration@IfStatement@BinaryOperation@==
logica_booleana_composta,Expressões booleanas compostas com operadores lógicos,439,233,boolean,boolean,0.1472,34,250,boolean@BasicType@MethodDeclaration@FormalParameter@BasicType@boolean
logica_booleana_composta,Expressões booleanas compostas com operadores lógicos,494,49,int,val,0.1472,10,120,int@BasicType@FormalParameter@val
logica_booleana_composta,Expressões booleanas compostas com operadores lógicos,494,49,int,>=,0.146,5,120,<PAD/UNK>
logica_booleana_composta,Expressões booleanas compostas com operadores lógicos,494,108,int,<PAD/UNK>,0.1456,67,311,<PAD/UNK>
logica_booleana_composta,Expressões booleanas compostas com operadores lógicos,439,5,c,10,0.1453,5,250,c@FormalParameter@MethodDeclaration@IfStatement@BlockStatement@ReturnStatemen...
logica_booleana_composta,Expressões booleanas compostas com operadores lógicos,439,12,int,boolean,0.1445,16,94,int@BasicType@FormalParameter@MethodDeclaration@FormalParameter@BasicType@boo...
logica_booleana_composta,Expressões booleanas compostas com operadores lógicos,439,236,b,=,0.1435,15,223,b@MemberReference@Assignment@Assignment@=
logica_booleana_composta,Expressões booleanas compostas com operadores lógicos,439,1,int,||,0.1435,12,82,int@BasicType@FormalParameter@MethodDeclaration@IfStatement@BinaryOperation@||
logica_booleana_composta,Expressões booleanas compostas com operadores lógicos,494,108,1,=,0.1428,51,311,1@Literal@BinaryOperation@ArraySelector@MemberReference@Assignment@=
logica_booleana_composta,Expressões booleanas compostas com operadores lógicos,494,46,int,val,0.1422,73,172,int@BasicType@FormalParameter@MethodDeclaration@FormalParameter@val
logica_booleana_composta,Expressões booleanas compostas com operadores lógicos,439,236,c,10,0.1416,12,223,c@FormalParameter@MethodDeclaration@IfStatement@BlockStatement@ReturnStatemen...
logica_booleana_composta,Expressões booleanas compostas com operadores lógicos,492,128,str,str,0.1408,11,126,str@FormalParameter@MethodDeclaration@LocalVariableDeclaration@VariableDeclar...
logica_booleana_composta,Expressões booleanas compostas com operadores lógicos,439,3,int,&&,0.1403,12,309,int@BasicType@FormalParameter@MethodDeclaration@IfStatement@BinaryOperation@B...
logica_booleana_composta,Expressões booleanas compostas com operadores lógicos,494,67,int,false,0.1403,5,228,int@BasicType@FormalParameter@MethodDeclaration@LocalVariableDeclaration@Vari...
logica_booleana_composta,Expressões booleanas compostas com operadores lógicos,439,3,outsideMode,&&,0.1402,11,309,outsideMode@FormalParameter@MethodDeclaration@IfStatement@IfStatement@BinaryO...
logica_booleana_composta,Expressões booleanas compostas com operadores lógicos,494,44,nums,=,0.1398,7,88,<PAD/UNK>
logica_booleana_composta,Expressões booleanas compostas com operadores lógicos,439,1,private,sum,0.139,7,82,private@Modifier@FieldDeclaration@VariableDeclarator@sum
logica_booleana_composta,Expressões booleanas compostas com operadores lógicos,439,5,c,==,0.1371,23,250,c@FormalParameter@MethodDeclaration@IfStatement@BinaryOperation@BinaryOperati...
logica_booleana_composta,Expressões booleanas compostas com operadores lógicos,439,232,int,week,0.136,5,471,int@BasicType@FormalParameter@MethodDeclaration@LocalVariableDeclaration@Vari...
logica_booleana_composta,Expressões booleanas compostas com operadores lógicos,494,46,int,false,0.1357,19,172,int@BasicType@FormalParameter@MethodDeclaration@LocalVariableDeclaration@Vari...
logica_booleana_composta,Expressões booleanas compostas com operadores lógicos,494,49,++,=,0.1349,13,120,++@MemberReference@ForControl@ForStatement@BlockStatement@StatementExpression...
logica_booleana_composta,Expressões booleanas compostas com operadores lógicos,439,5,true,=,0.1341,23,250,true@Literal@ReturnStatement@BlockStatement@IfStatement@IfStatement@Assignment@=
logica_booleana_composta,Expressões booleanas compostas com operadores lógicos,494,67,nums,7,0.1322,6,228,<PAD/UNK>
logica_booleana_composta,Expressões booleanas compostas com operadores lógicos,439,235,int,||,0.1308,15,180,int@BasicType@FormalParameter@MethodDeclaration@IfStatement@IfStatement@Binar...
logica_booleana_composta,Expressões booleanas compostas com operadores lógicos,492,34,str,str,0.1297,5,309,str@FormalParameter@MethodDeclaration@LocalVariableDeclaration@VariableDeclar...
logica_booleana_composta,Expressões booleanas compostas com operadores lógicos,494,46,val,==,0.1293,14,172,val@MemberReference@BinaryOperation@BinaryOperation@BinaryOperation@==
logica_booleana_composta,Expressões booleanas compostas com operadores lógicos,494,46,int,val,0.1288,41,172,int@BasicType@FormalParameter@val
logica_booleana_composta,Expressões booleanas compostas com operadores lógicos,494,46,int,n,0.1287,6,172,<PAD/UNK>
logica_booleana_composta,Expressões booleanas compostas com operadores lógicos,494,67,+,7,0.1282,27,228,+@BinaryOperation@ArraySelector@MemberReference@BinaryOperation@Literal@7
logica_booleana_composta,Expressões booleanas compostas com operadores lógicos,439,236,c,=,0.1281,10,223,c@MemberReference@Assignment@=
logica_booleana_composta,Expressões booleanas compostas com operadores lógicos,492,36,xyBalance,str,0.127,17,141,xyBalance@MethodDeclaration@FormalParameter@str
logica_booleana_composta,Expressões booleanas compostas com operadores lógicos,492,36,-,2,0.1263,7,141,-@BinaryOperation@Literal@2
logica_booleana_composta,Expressões booleanas compostas com operadores lógicos,439,12,outsideMode,outsideMode,0.1254,6,94,outsideMode@FormalParameter@MethodDeclaration@IfStatement@MemberReference@out...
logica_booleana_composta,Expressões booleanas compostas com operadores lógicos,439,236,c,=,0.1253,10,223,c@FormalParameter@MethodDeclaration@IfStatement@BlockStatement@IfStatement@As...
logica_booleana_composta,Expressões booleanas compostas com operadores lógicos,439,3,int,>=,0.1243,26,309,int@BasicType@FormalParameter@MethodDeclaration@IfStatement@BinaryOperation@B...
logica_booleana_composta,Expressões booleanas compostas com operadores lógicos,492,34,String,str,0.1238,38,309,String@ReferenceType@FormalParameter@str
logica_booleana_composta,Expressões booleanas compostas com operadores lógicos,494,108,int,fives,0.1231,27,311,<PAD/UNK>
logica_booleana_composta,Expressões booleanas compostas com operadores lógicos,494,49,int,length,0.1208,6,120,int@BasicType@LocalVariableDeclaration@VariableDeclarator@MemberReference@length
logica_booleana_composta,Expressões booleanas compostas com operadores lógicos,494,108,int,four,0.1208,14,311,<PAD/UNK>
logica_booleana_composta,Expressões booleanas compostas com operadores lógicos,439,1,int,==,0.1206,5,82,int@BasicType@LocalVariableDeclaration@MethodDeclaration@IfStatement@BinaryOp...
logica_booleana_composta,Expressões booleanas compostas com operadores lógicos,439,233,==,-,0.1199,13,250,==@BinaryOperation@MethodInvocation@BinaryOperation@-
logica_booleana_composta,Expressões booleanas compostas com operadores lógicos,439,232,day,day,0.1198,27,471,day@MemberReference@BinaryOperation@Assignment@Assignment@BinaryOperation@Mem...
logica_booleana_composta,Expressões booleanas compostas com operadores lógicos,439,233,int,==,0.1198,36,250,int@BasicType@LocalVariableDeclaration@MethodDeclaration@IfStatement@BinaryOp...
logica_booleana_composta,Expressões booleanas compostas com operadores lógicos,439,3,outsideMode,1,0.1196,8,309,outsideMode@MemberReference@IfStatement@IfStatement@BinaryOperation@BinaryOpe...
logica_booleana_composta,Expressões booleanas compostas com operadores lógicos,439,233,b,6,0.1192,19,250,b@MemberReference@BinaryOperation@Literal@6
logica_booleana_composta,Expressões booleanas compostas com operadores lógicos,439,233,b,=,0.1189,17,250,b@MemberReference@BinaryOperation@Assignment@=
logica_booleana_composta,Expressões booleanas compostas com operadores lógicos,439,1,b,+,0.1181,6,82,b@MemberReference@BinaryOperation@BinaryOperation@BinaryOperation@BinaryOpera...
logica_booleana_composta,Expressões booleanas compostas com operadores lógicos,439,233,b,6,0.1178,14,250,b@MemberReference@BinaryOperation@Assignment@Literal@6
logica_booleana_composta,Expressões booleanas compostas com operadores lógicos,439,233,int,==,0.1167,88,250,int@BasicType@FormalParameter@MethodDeclaration@IfStatement@BinaryOperation@B...
logica_booleana_composta,Expressões booleanas compostas com operadores lógicos,439,3,outsideMode,n,0.1167,7,309,outsideMode@MemberReference@IfStatement@IfStatement@BinaryOperation@BinaryOpe...
logica_booleana_composta,Expressões booleanas compostas com operadores lógicos,439,3,outsideMode,10,0.1164,11,309,outsideMode@MemberReference@BinaryOperation@BinaryOperation@BinaryOperation@L...
logica_booleana_composta,Expressões booleanas compostas com operadores lógicos,494,67,nums,==,0.1154,23,228,nums@FormalParameter@MethodDeclaration@IfStatement@BinaryOperation@==
logica_booleana_composta,Expressões booleanas compostas com operadores lógicos,492,34,&&,2,0.1152,5,309,&&@BinaryOperation@IfStatement@BlockStatement@StatementExpression@Assignment@...
logica_booleana_composta,Expressões booleanas compostas com operadores lógicos,494,49,int,length,0.115,9,120,int@BasicType@FormalParameter@MethodDeclaration@IfStatement@BinaryOperation@M...
logica_booleana_composta,Expressões booleanas compostas com operadores lógicos,439,232,day,==,0.1148,42,471,day@MemberReference@BinaryOperation@BinaryOperation@BinaryOperation@BinaryOpe...
logica_booleana_composta,Expressões booleanas compostas com operadores lógicos,494,46,int,0,0.1131,5,172,int@BasicType@FormalParameter@MethodDeclaration@IfStatement@BinaryOperation@L...
logica_booleana_composta,Expressões booleanas compostas com operadores lógicos,494,108,int,nums,0.1115,13,311,int@BasicType@FormalParameter@MethodDeclaration@ReturnStatement@MemberReferen...
logica_booleana_composta,Expressões booleanas compostas com operadores lógicos,439,233,int,d,0.111,7,250,int@BasicType@LocalVariableDeclaration@MethodDeclaration@LocalVariableDeclara...
logica_booleana_composta,Expressões booleanas compostas com operadores lógicos,439,235,int,date,0.1106,13,180,int@BasicType@FormalParameter@MethodDeclaration@FormalParameter@date
logica_booleana_composta,Expressões booleanas compostas com operadores lógicos,439,232,day,=,0.1101,32,471,day@MemberReference@Assignment@=
logica_booleana_composta,Expressões booleanas compostas com operadores lógicos,439,235,int,>=,0.1101,55,180,int@BasicType@FormalParameter@MethodDeclaration@IfStatement@BinaryOperation@B...
logica_booleana_composta,Expressões booleanas compostas com operadores lógicos,494,49,nums,val,0.1097,7,120,nums@MemberReference@BinaryOperation@MemberReference@val
logica_booleana_composta,Expressões booleanas compostas com operadores lógicos,439,236,b,=,0.1089,30,223,b@MemberReference@Assignment@=
logica_booleana_composta,Expressões booleanas compostas com operadores lógicos,492,34,&&,str,0.1078,38,309,&&@BinaryOperation@BinaryOperation@MethodInvocation@str
logica_booleana_composta,Expressões booleanas compostas com operadores lógicos,492,34,&&,charAt,0.1077,19,309,&&@BinaryOperation@BinaryOperation@MethodInvocation@charAt
logica_booleana_composta,Expressões booleanas compostas com operadores lógicos,439,233,int,=,0.1076,12,250,int@BasicType@FormalParameter@MethodDeclaration@IfStatement@IfStatement@Assig...
logica_booleana_composta,Expressões booleanas compostas com operadores lógicos,439,3,outsideMode,outsideMode,0.1067,14,309,outsideMode@FormalParameter@MethodDeclaration@IfStatement@BinaryOperation@Mem...
logica_booleana_composta,Expressões booleanas compostas com operadores lógicos,439,1,int,>=,0.1058,13,82,int@BasicType@FormalParameter@MethodDeclaration@IfStatement@BinaryOperation@B...
logica_booleana_composta,Expressões booleanas compostas com operadores lógicos,439,233,public,boolean,0.1052,19,250,<PAD/UNK>
logica_booleana_composta,Expressões booleanas compostas com operadores lógicos,439,12,100,60,0.1047,8,94,100@Literal@BinaryOperation@BinaryOperation@BinaryOperation@Literal@60
logica_booleana_composta,Expressões booleanas compostas com operadores lógicos,492,36,countCode,String,0.1047,10,141,<PAD/UNK>
logica_booleana_composta,Expressões booleanas compostas com operadores lógicos,439,235,>=,&&,0.1038,20,180,>=@BinaryOperation@BinaryOperation@IfStatement@MethodDeclaration@IfStatement@...
logica_booleana_composta,Expressões booleanas compostas com operadores lógicos,439,3,b,sum,0.1036,5,309,b@FormalParameter@MethodDeclaration@LocalVariableDeclaration@VariableDeclarat...
logica_booleana_composta,Expressões booleanas compostas com operadores lógicos,439,233,int,-,0.1032,7,250,int@BasicType@FormalParameter@MethodDeclaration@LocalVariableDeclaration@Vari...
logica_booleana_composta,Expressões booleanas compostas com operadores lógicos,492,34,==,2,0.1019,14,309,==@BinaryOperation@MethodInvocation@BinaryOperation@Literal@2
logica_booleana_composta,Expressões booleanas compostas com operadores lógicos,492,34,String,String,0.1014,14,309,String@ReferenceType@FormalParameter@MethodDeclaration@LocalVariableDeclarati...
logica_booleana_composta,Expressões booleanas compostas com operadores lógicos,494,44,int,nums,0.1007,6,88,<PAD/UNK>
logica_booleana_composta,Expressões booleanas compostas com operadores lógicos,439,1,int,==,0.1005,6,82,int@BasicType@FormalParameter@MethodDeclaration@IfStatement@BinaryOperation@B...
logica_booleana_composta,Expressões booleanas compostas com operadores lógicos,439,236,c,=,0.0997,9,223,c@MemberReference@BinaryOperation@Assignment@Assignment@Assignment@=
logica_booleana_composta,Expressões booleanas compostas com operadores lógicos,492,34,==,str,0.0997,6,309,==@BinaryOperation@IfStatement@BlockStatement@IfStatement@BinaryOperation@Met...
logica_booleana_composta,Expressões booleanas compostas com operadores lógicos,494,46,nums,val,0.0997,40,172,nums@MemberReference@BinaryOperation@MemberReference@val
logica_booleana_composta,Expressões booleanas compostas com operadores lógicos,439,232,int,6,0.0996,11,471,<PAD/UNK>
logica_booleana_composta,Expressões booleanas compostas com operadores lógicos,494,46,int,length,0.099,5,172,int@BasicType@FormalParameter@MethodDeclaration@IfStatement@BinaryOperation@M...
logica_booleana_composta,Expressões booleanas compostas com operadores lógicos,439,232,int,vacation,0.098,32,471,int@BasicType@FormalParameter@MethodDeclaration@IfStatement@MemberReference@v...
logica_booleana_composta,Expressões booleanas compostas com operadores lógicos,439,232,boolean,speed,0.0979,7,471,boolean@BasicType@FormalParameter@MethodDeclaration@IfStatement@BinaryOperati...
logica_booleana_composta,Expressões booleanas compostas com operadores lógicos,494,49,nums,!=,0.0961,6,120,nums@FormalParameter@MethodDeclaration@ForStatement@BlockStatement@IfStatemen...
logica_booleana_composta,Expressões booleanas compostas com operadores lógicos,439,5,boolean,&&,0.0959,10,250,boolean@BasicType@FormalParameter@MethodDeclaration@IfStatement@IfStatement@B...
logica_booleana_composta,Expressões booleanas compostas com operadores lógicos,439,5,public,boolean,0.0951,5,250,<PAD/UNK>
logica_booleana_composta,Expressões booleanas compostas com operadores lógicos,439,232,day,boolean,0.0943,108,471,day@FormalParameter@MethodDeclaration@FormalParameter@BasicType@boolean
logica_booleana_composta,Expressões booleanas compostas com operadores lógicos,439,232,int,||,0.0942,5,471,int@BasicType@FormalParameter@MethodDeclaration@IfStatement@BinaryOperation@||
logica_booleana_composta,Expressões booleanas compostas com operadores lógicos,494,108,++,=,0.0932,9,311,++@MemberReference@ForControl@ForStatement@BlockStatement@StatementExpression...
logica_booleana_composta,Expressões booleanas compostas com operadores lógicos,439,5,int,||,0.0931,6,250,int@BasicType@FormalParameter@MethodDeclaration@IfStatement@BinaryOperation@||
logica_booleana_composta,Expressões booleanas compostas com operadores lógicos,439,235,int,you,0.0915,20,180,int@BasicType@FormalParameter@MethodDeclaration@IfStatement@BinaryOperation@M...
logica_booleana_composta,Expressões booleanas compostas com operadores lógicos,494,44,int,<,0.0912,24,88,int@BasicType@FormalParameter@MethodDeclaration@ForStatement@ForControl@Binar...
logica_booleana_composta,Expressões booleanas compostas com operadores lógicos,492,34,&&,chr,0.0899,6,309,<PAD/UNK>
logica_booleana_composta,Expressões booleanas compostas com operadores lógicos,492,34,zipZap,version,0.0898,20,309,<PAD/UNK>
logica_booleana_composta,Expressões booleanas compostas com operadores lógicos,494,67,nums,7,0.0896,52,228,nums@MemberReference@BinaryOperation@Literal@7
logica_booleana_composta,Expressões booleanas compostas com operadores lógicos,439,232,boolean,vacation,0.0884,5,471,boolean@BasicType@FormalParameter@MethodDeclaration@IfStatement@BinaryOperati...
logica_booleana_composta,Expressões booleanas compostas com operadores lógicos,494,67,nums,==,0.0881,24,228,nums@FormalParameter@MethodDeclaration@ForStatement@BlockStatement@IfStatemen...
logica_booleana_composta,Expressões booleanas compostas com operadores lógicos,439,232,day,vacation,0.0877,14,471,day@FormalParameter@MethodDeclaration@FormalParameter@vacation
logica_booleana_composta,Expressões booleanas compostas com operadores lógicos,439,5,boolean,==,0.0877,15,250,boolean@BasicType@FormalParameter@MethodDeclaration@IfStatement@BinaryOperati...
logica_booleana_composta,Expressões booleanas compostas com operadores lógicos,439,5,boolean,&&,0.0876,36,250,boolean@BasicType@FormalParameter@MethodDeclaration@IfStatement@BinaryOperati...
logica_booleana_composta,Expressões booleanas compostas com operadores lógicos,494,108,int,<,0.0863,30,311,int@BasicType@FormalParameter@MethodDeclaration@ForStatement@ForControl@Binar...
logica_booleana_composta,Expressões booleanas compostas com operadores lógicos,439,232,int,"""7:00""",0.0853,9,471,int@BasicType@LocalVariableDeclaration@MethodDeclaration@LocalVariableDeclara...
logica_booleana_composta,Expressões booleanas compostas com operadores lógicos,439,3,outsideMode,true,0.0852,13,309,outsideMode@FormalParameter@MethodDeclaration@LocalVariableDeclaration@Variab...
logica_booleana_composta,Expressões booleanas compostas com operadores lógicos,439,234,cigarParty,isWeekend,0.0845,9,197,cigarParty@MethodDeclaration@FormalParameter@isWeekend
logica_booleana_composta,Expressões booleanas compostas com operadores lógicos,494,67,int,7,0.0844,23,228,int@BasicType@FormalParameter@MethodDeclaration@IfStatement@BinaryOperation@L...
logica_booleana_composta,Expressões booleanas compostas com operadores lógicos,492,34,str,str,0.0838,9,309,<PAD/UNK>
logica_booleana_composta,Expressões booleanas compostas com operadores lógicos,494,108,int,5,0.083,6,311,int@BasicType@LocalVariableDeclaration@BlockStatement@StatementExpression@Ass...
logica_booleana_composta,Expressões booleanas compostas com operadores lógicos,439,235,day,==,0.0829,5,180,day@MemberReference@BinaryOperation@BinaryOperation@BinaryOperation@BinaryOpe...
logica_booleana_composta,Expressões booleanas compostas com operadores lógicos,494,46,nums,==,0.0822,14,172,nums@FormalParameter@MethodDeclaration@ForStatement@BlockStatement@IfStatemen...
logica_booleana_composta,Expressões booleanas compostas com operadores lógicos,494,44,=,=,0.0821,5,88,=@Assignment@StatementExpression@BlockStatement@StatementExpression@Assignment@=
logica_booleana_composta,Expressões booleanas compostas com operadores lógicos,492,36,&&,str,0.082,10,141,&&@BinaryOperation@BinaryOperation@MethodInvocation@str
logica_booleana_composta,Expressões booleanas compostas com operadores lógicos,492,34,&&,str,0.0794,18,309,&&@BinaryOperation@BinaryOperation@BinaryOperation@MethodInvocation@str
logica_booleana_composta,Expressões booleanas compostas com operadores lógicos,494,108,int,fourCount,0.0794,8,311,<PAD/UNK>
logica_booleana_composta,Expressões booleanas compostas com operadores lógicos,494,49,nums,==,0.0793,5,120,nums@FormalParameter@MethodDeclaration@IfStatement@BinaryOperation@==
logica_booleana_composta,Expressões booleanas compostas com operadores lógicos,494,67,has77,==,0.0791,5,228,<PAD/UNK>
logica_booleana_composta,Expressões booleanas compostas com operadores lógicos,439,5,int,==,0.0782,43,250,int@BasicType@FormalParameter@MethodDeclaration@IfStatement@BinaryOperation@B...
logica_booleana_composta,Expressões booleanas compostas com operadores lógicos,439,236,int,==,0.0778,79,223,int@BasicType@FormalParameter@MethodDeclaration@IfStatement@BinaryOperation@B...
logica_booleana_composta,Expressões booleanas compostas com operadores lógicos,439,233,b,=,0.0778,8,250,b@FormalParameter@MethodDeclaration@IfStatement@IfStatement@Assignment@=
logica_booleana_composta,Expressões booleanas compostas com operadores lógicos,494,44,nums,=,0.0776,14,88,nums@FormalParameter@MethodDeclaration@IfStatement@BlockStatement@StatementEx...
logica_booleana_composta,Expressões booleanas compostas com operadores lógicos,492,34,==,str,0.0775,25,309,==@BinaryOperation@MethodInvocation@str
logica_booleana_composta,Expressões booleanas compostas com operadores lógicos,439,236,int,=,0.0768,17,223,int@BasicType@FormalParameter@MethodDeclaration@IfStatement@IfStatement@Assig...
logica_booleana_composta,Expressões booleanas compostas com operadores lógicos,494,49,int,nums,0.0762,8,120,int@BasicType@FormalParameter@nums
logica_booleana_composta,Expressões booleanas compostas com operadores lógicos,494,46,int,2,0.0761,7,172,int@BasicType@VariableDeclaration@ForControl@BinaryOperation@BinaryOperation@...
logica_booleana_composta,Expressões booleanas compostas com operadores lógicos,439,235,int,2,0.0757,7,180,int@BasicType@LocalVariableDeclaration@MethodDeclaration@LocalVariableDeclara...
logica_booleana_composta,Expressões booleanas compostas com operadores lógicos,439,234,boolean,&&,0.0754,10,197,boolean@BasicType@FormalParameter@MethodDeclaration@IfStatement@BinaryOperati...
logica_booleana_composta,Expressões booleanas compostas com operadores lógicos,439,12,isSummer,&&,0.0749,21,94,isSummer@FormalParameter@MethodDeclaration@IfStatement@BlockStatement@IfState...
logica_booleana_composta,Expressões booleanas compostas com operadores lógicos,494,108,=,=,0.0748,27,311,=@Assignment@StatementExpression@BlockStatement@StatementExpression@Assignment@=
logica_booleana_composta,Expressões booleanas compostas com operadores lógicos,439,232,>,speed,0.0741,6,471,>@BinaryOperation@MemberReference@speed
logica_booleana_composta,Expressões booleanas compostas com operadores lógicos,439,3,int,+,0.0741,26,309,int@BasicType@FormalParameter@MethodDeclaration@LocalVariableDeclaration@Vari...
logica_booleana_composta,Expressões booleanas compostas com operadores lógicos,439,235,int,no,0.0739,10,180,int@BasicType@LocalVariableDeclaration@VariableDeclarator@no
logica_booleana_composta,Expressões booleanas compostas com operadores lógicos,494,67,int,nums,0.0739,18,228,int@BasicType@FormalParameter@nums
logica_booleana_composta,Expressões booleanas compostas com operadores lógicos,439,234,int,you,0.0737,18,197,int@BasicType@MethodDeclaration@FormalParameter@you
logica_booleana_composta,Expressões booleanas compostas com operadores lógicos,492,128,String,str,0.0737,31,126,String@ReferenceType@FormalParameter@str
logica_booleana_composta,Expressões booleanas compostas com operadores lógicos,494,46,int,countEvens,0.0733,9,172,int@BasicType@MethodDeclaration@countEvens
logica_booleana_composta,Expressões booleanas compostas com operadores lógicos,439,3,outsideMode,boolean,0.073,13,309,outsideMode@FormalParameter@MethodDeclaration@LocalVariableDeclaration@BasicT...
logica_booleana_composta,Expressões booleanas compostas com operadores lógicos,492,36,==,str,0.073,9,141,==@BinaryOperation@BinaryOperation@BinaryOperation@BinaryOperation@MethodInvo...
logica_booleana_composta,Expressões booleanas compostas com operadores lógicos,439,3,int,sortaSum,0.0728,8,309,int@BasicType@MethodDeclaration@sortaSum
logica_booleana_composta,Expressões booleanas compostas com operadores lógicos,494,49,int,0,0.0726,11,120,int@BasicType@FormalParameter@MethodDeclaration@IfStatement@BinaryOperation@L...
logica_booleana_composta,Expressões booleanas compostas com operadores lógicos,494,44,nums,=,0.0725,5,88,nums@FormalParameter@MethodDeclaration@ForStatement@BlockStatement@IfStatemen...
logica_booleana_composta,Expressões booleanas compostas com operadores lógicos,494,46,int,boolean,0.0719,15,172,int@BasicType@FormalParameter@MethodDeclaration@LocalVariableDeclaration@Basi...
logica_booleana_composta,Expressões booleanas compostas com operadores lógicos,494,44,countEvens,==,0.0708,10,88,<PAD/UNK>
logica_booleana_composta,Expressões booleanas compostas com operadores lógicos,494,67,int,nums,0.0698,14,228,int@BasicType@VariableDeclaration@ForControl@BinaryOperation@BinaryOperation@...
logica_booleana_composta,Expressões booleanas compostas com operadores lógicos,494,67,nums,!=,0.0696,5,228,nums@FormalParameter@MethodDeclaration@ForStatement@BlockStatement@IfStatemen...
logica_booleana_composta,Expressões booleanas compostas com operadores lógicos,492,36,&&,str,0.0678,5,141,&&@BinaryOperation@BinaryOperation@BinaryOperation@MethodInvocation@str
logica_booleana_composta,Expressões booleanas compostas com operadores lógicos,492,36,countCode,char,0.0677,18,141,<PAD/UNK>
logica_booleana_composta,Expressões booleanas compostas com operadores lógicos,494,67,nums,2,0.0676,9,228,nums@MemberReference@BinaryOperation@Literal@2
logica_booleana_composta,Expressões booleanas compostas com operadores lógicos,492,36,str,str,0.067,12,141,<PAD/UNK>
logica_booleana_composta,Expressões booleanas compostas com operadores lógicos,439,236,b,==,0.0664,12,223,b@FormalParameter@MethodDeclaration@IfStatement@IfStatement@BinaryOperation@B...
logica_booleana_composta,Expressões booleanas compostas com operadores lógicos,439,5,boolean,==,0.0663,5,250,boolean@BasicType@FormalParameter@MethodDeclaration@IfStatement@IfStatement@B...
logica_booleana_composta,Expressões booleanas compostas com operadores lógicos,439,236,b,=,0.0651,18,223,b@FormalParameter@MethodDeclaration@IfStatement@IfStatement@Assignment@=
logica_booleana_composta,Expressões booleanas compostas com operadores lógicos,494,67,has77,==,0.0643,10,228,has77@MethodDeclaration@ForStatement@BlockStatement@IfStatement@BinaryOperati...
logica_booleana_composta,Expressões booleanas compostas com operadores lógicos,439,3,int,c,0.0636,9,309,int@BasicType@FormalParameter@MethodDeclaration@LocalVariableDeclaration@Vari...
logica_booleana_composta,Expressões booleanas compostas com operadores lógicos,439,235,int,you,0.0633,23,180,int@BasicType@MethodDeclaration@FormalParameter@you
logica_booleana_composta,Expressões booleanas compostas com operadores lógicos,439,3,b,10,0.0631,8,309,b@MemberReference@BinaryOperation@BinaryOperation@Literal@10
logica_booleana_composta,Expressões booleanas compostas com operadores lógicos,439,233,int,love6,0.0627,5,250,int@BasicType@FormalParameter@MethodDeclaration@LocalVariableDeclaration@Vari...
logica_booleana_composta,Expressões booleanas compostas com operadores lógicos,439,236,b,=,0.062,6,223,b@MemberReference@BinaryOperation@Assignment@=
logica_booleana_composta,Expressões booleanas compostas com operadores lógicos,439,236,int,==,0.0614,9,223,int@BasicType@FormalParameter@MethodDeclaration@IfStatement@BinaryOperation@==
logica_booleana_composta,Expressões booleanas compostas com operadores lógicos,494,49,nums,==,0.0607,13,120,nums@FormalParameter@MethodDeclaration@ForStatement@BlockStatement@IfStatemen...
logica_booleana_composta,Expressões booleanas compostas com operadores lógicos,494,46,val,==,0.0604,5,172,val@FormalParameter@MethodDeclaration@ForStatement@BlockStatement@IfStatement...
logica_booleana_composta,Expressões booleanas compostas com operadores lógicos,439,232,int,<PAD/UNK>,0.0594,11,471,<PAD/UNK>
logica_booleana_composta,Expressões booleanas compostas com operadores lógicos,492,34,<PAD/UNK>,charAt,0.0594,5,309,<PAD/UNK>
logica_booleana_composta,Expressões booleanas compostas com operadores lógicos,439,236,int,!=,0.0592,21,223,int@BasicType@FormalParameter@MethodDeclaration@IfStatement@BinaryOperation@B...
logica_booleana_composta,Expressões booleanas compostas com operadores lógicos,439,3,outsideMode,n,0.0591,12,309,outsideMode@FormalParameter@MethodDeclaration@IfStatement@BinaryOperation@Bin...
logica_booleana_composta,Expressões booleanas compostas com operadores lógicos,494,49,int,length,0.0591,6,120,int@BasicType@LocalVariableDeclaration@MethodDeclaration@IfStatement@BinaryOp...
logica_booleana_composta,Expressões booleanas compostas com operadores lógicos,439,235,int,no,0.059,14,180,int@BasicType@FormalParameter@MethodDeclaration@LocalVariableDeclaration@Vari...
logica_booleana_composta,Expressões booleanas compostas com operadores lógicos,439,3,outsideMode,outsideMode,0.0587,5,309,outsideMode@MemberReference@IfStatement@MethodDeclaration@IfStatement@MemberR...
logica_booleana_composta,Expressões booleanas compostas com operadores lógicos,439,234,int,>=,0.0585,11,197,int@BasicType@FormalParameter@MethodDeclaration@IfStatement@BinaryOperation@B...
logica_booleana_composta,Expressões booleanas compostas com operadores lógicos,492,128,&&,str,0.0581,8,126,&&@BinaryOperation@MethodInvocation@str
logica_booleana_composta,Expressões booleanas compostas com operadores lógicos,439,12,isSummer,&&,0.0574,7,94,isSummer@FormalParameter@MethodDeclaration@IfStatement@BinaryOperation@&&
logica_booleana_composta,Expressões booleanas compostas com operadores lógicos,494,49,nums,=,0.0562,8,120,nums@FormalParameter@MethodDeclaration@ForStatement@BlockStatement@StatementE...
logica_booleana_composta,Expressões booleanas compostas com operadores lógicos,439,236,b,=,0.056,9,223,b@MemberReference@BinaryOperation@Assignment@Assignment@=
logica_booleana_composta,Expressões booleanas compostas com operadores lógicos,439,3,outsideMode,<PAD/UNK>,0.0558,8,309,<PAD/UNK>
logica_booleana_composta,Expressões booleanas compostas com operadores lógicos,439,236,b,&&,0.0556,7,223,b@FormalParameter@MethodDeclaration@IfStatement@BinaryOperation@&&
logica_booleana_composta,Expressões booleanas compostas com operadores lógicos,492,34,String,<PAD/UNK>,0.0555,11,309,<PAD/UNK>
logica_booleana_composta,Expressões booleanas compostas com operadores lógicos,439,3,int,x,0.0552,13,309,<PAD/UNK>
logica_booleana_composta,Expressões booleanas compostas com operadores lógicos,439,3,outsideMode,>=,0.054,6,309,outsideMode@MemberReference@BinaryOperation@IfStatement@IfStatement@BinaryOpe...
logica_booleana_composta,Expressões booleanas compostas com operadores lógicos,494,44,nums,==,0.0539,10,88,nums@FormalParameter@MethodDeclaration@IfStatement@BinaryOperation@==
logica_booleana_composta,Expressões booleanas compostas com operadores lógicos,492,34,<,-,0.0534,9,309,<@BinaryOperation@BinaryOperation@-
logica_booleana_composta,Expressões booleanas compostas com operadores lógicos,439,5,boolean,=,0.0532,16,250,boolean@BasicType@FormalParameter@MethodDeclaration@IfStatement@Assignment@As...
logica_booleana_composta,Expressões booleanas compostas com operadores lógicos,439,236,int,c,0.053,21,223,int@BasicType@FormalParameter@MethodDeclaration@IfStatement@BinaryOperation@M...
logica_booleana_composta,Expressões booleanas compostas com operadores lógicos,439,12,temp,&&,0.0529,17,94,temp@FormalParameter@MethodDeclaration@IfStatement@BlockStatement@IfStatement...
logica_booleana_composta,Expressões booleanas compostas com operadores lógicos,494,44,nums,==,0.0525,6,88,nums@FormalParameter@MethodDeclaration@ForStatement@BlockStatement@IfStatemen...
logica_booleana_composta,Expressões booleanas compostas com operadores lógicos,494,67,nums,==,0.0525,15,228,nums@MemberReference@BinaryOperation@BinaryOperation@BinaryOperation@==
logica_booleana_composta,Expressões booleanas compostas com operadores lógicos,492,34,str,str,0.0524,5,309,str@FormalParameter@MethodDeclaration@ForStatement@ForControl@BinaryOperation...
logica_booleana_composta,Expressões booleanas compostas com operadores lógicos,492,128,String,-,0.0523,5,126,<PAD/UNK>
logica_booleana_composta,Expressões booleanas compostas com operadores lógicos,494,67,nums,7,0.0521,23,228,nums@FormalParameter@MethodDeclaration@IfStatement@BinaryOperation@Literal@7
logica_booleana_composta,Expressões booleanas compostas com operadores lógicos,439,235,||,&&,0.0517,5,180,||@BinaryOperation@IfStatement@MethodDeclaration@IfStatement@BinaryOperation@...
logica_booleana_composta,Expressões booleanas compostas com operadores lógicos,439,236,int,c,0.0514,60,223,int@BasicType@FormalParameter@MethodDeclaration@FormalParameter@c
logica_booleana_composta,Expressões booleanas compostas com operadores lógicos,439,233,a,==,0.0514,5,250,a@MemberReference@BinaryOperation@BinaryOperation@BinaryOperation@==
logica_booleana_composta,Expressões booleanas compostas com operadores lógicos,494,67,++,==,0.0514,7,228,++@MemberReference@ForControl@ForStatement@BlockStatement@IfStatement@BinaryO...
logica_booleana_composta,Expressões booleanas compostas com operadores lógicos,494,67,nums,=,0.0514,5,228,nums@MemberReference@BinaryOperation@IfStatement@BlockStatement@StatementExpr...
logica_booleana_composta,Expressões booleanas compostas com operadores lógicos,439,3,outsideMode,&&,0.0512,5,309,outsideMode@MemberReference@BinaryOperation@BinaryOperation@IfStatement@IfSta...
logica_booleana_composta,Expressões booleanas compostas com operadores lógicos,494,49,int,nums,0.0509,7,120,int@BasicType@VariableDeclaration@ForControl@BinaryOperation@BinaryOperation@...
logica_booleana_composta,Expressões booleanas compostas com operadores lógicos,439,233,b,6,0.0508,5,250,b@MemberReference@BinaryOperation@BinaryOperation@Literal@6
logica_booleana_composta,Expressões booleanas compostas com operadores lógicos,439,3,int,outsideMode,0.0506,7,309,int@BasicType@FormalParameter@MethodDeclaration@IfStatement@BinaryOperation@M...
logica_booleana_composta,Expressões booleanas compostas com operadores lógicos,494,67,int,false,0.0502,15,228,int@BasicType@FormalParameter@MethodDeclaration@ReturnStatement@Literal@false
logica_booleana_composta,Expressões booleanas compostas com operadores lógicos,494,67,int,<PAD/UNK>,0.0494,7,228,<PAD/UNK>
logica_booleana_composta,Expressões booleanas compostas com operadores lógicos,439,232,alarmClock,vacation,0.0493,20,471,alarmClock@MethodDeclaration@FormalParameter@vacation
logica_booleana_composta,Expressões booleanas compostas com operadores lógicos,439,3,outsideMode,&&,0.0492,6,309,outsideMode@FormalParameter@MethodDeclaration@IfStatement@BinaryOperation@Bin...
logica_booleana_composta,Expressões booleanas compostas com operadores lógicos,494,49,int,length,0.0488,5,120,int@BasicType@VariableDeclaration@ForControl@BinaryOperation@BinaryOperation@...
logica_booleana_composta,Expressões booleanas compostas com operadores lógicos,439,3,int,true,0.0485,9,309,int@BasicType@FormalParameter@MethodDeclaration@LocalVariableDeclaration@Vari...
logica_booleana_composta,Expressões booleanas compostas com operadores lógicos,494,44,int,countEvens,0.0477,8,88,int@BasicType@MethodDeclaration@countEvens
logica_booleana_composta,Expressões booleanas compostas com operadores lógicos,439,236,c,c,0.0476,6,223,c@MemberReference@BinaryOperation@BinaryOperation@BinaryOperation@BinaryOpera...
logica_booleana_composta,Expressões booleanas compostas com operadores lógicos,439,12,int,isSummer,0.0475,33,94,int@BasicType@FormalParameter@MethodDeclaration@FormalParameter@isSummer
logica_booleana_composta,Expressões booleanas compostas com operadores lógicos,492,36,==,str,0.0469,12,141,==@BinaryOperation@MethodInvocation@str
logica_booleana_composta,Expressões booleanas compostas com operadores lógicos,492,34,<,str,0.0469,5,309,<@BinaryOperation@MethodInvocation@str
logica_booleana_composta,Expressões booleanas compostas com operadores lógicos,492,34,String,"""z""",0.0467,6,309,<PAD/UNK>
logica_booleana_composta,Expressões booleanas compostas com operadores lógicos,492,34,<,2,0.046,8,309,<@BinaryOperation@BinaryOperation@Literal@2
logica_booleana_composta,Expressões booleanas compostas com operadores lógicos,492,36,<PAD/UNK>,+,0.0455,9,141,<PAD/UNK>
logica_booleana_composta,Expressões booleanas compostas com operadores lógicos,494,67,<,length,0.0449,5,228,<@BinaryOperation@BinaryOperation@MemberReference@length
logica_booleana_composta,Expressões booleanas compostas com operadores lógicos,439,233,b,6,0.0442,8,250,b@FormalParameter@MethodDeclaration@IfStatement@BinaryOperation@BinaryOperati...
logica_booleana_composta,Expressões booleanas compostas com operadores lógicos,439,234,date,2,0.0441,5,197,date@MemberReference@BinaryOperation@Literal@2
logica_booleana_composta,Expressões booleanas compostas com operadores lógicos,439,236,b,&&,0.0441,10,223,b@MemberReference@BinaryOperation@BinaryOperation@BinaryOperation@BinaryOpera...
logica_booleana_composta,Expressões booleanas compostas com operadores lógicos,494,108,int,j,0.0441,11,311,int@BasicType@FormalParameter@MethodDeclaration@LocalVariableDeclaration@Vari...
logica_booleana_composta,Expressões booleanas compostas com operadores lógicos,439,236,cigarParty,isWeekend,0.044,8,223,cigarParty@MethodDeclaration@FormalParameter@isWeekend
logica_booleana_composta,Expressões booleanas compostas com operadores lógicos,492,34,'z',2,0.0428,6,309,<PAD/UNK>
logica_booleana_composta,Expressões booleanas compostas com operadores lógicos,439,236,boolean,isWeekend,0.0422,15,223,boolean@BasicType@FormalParameter@MethodDeclaration@IfStatement@MemberReferen...
logica_booleana_composta,Expressões booleanas compostas com operadores lógicos,494,46,+,==,0.0421,5,172,+@BinaryOperation@BinaryOperation@BinaryOperation@BinaryOperation@==
logica_booleana_composta,Expressões booleanas compostas com operadores lógicos,494,46,nums,0,0.0417,7,172,nums@MemberReference@BinaryOperation@BinaryOperation@Literal@0
logica_booleana_composta,Expressões booleanas compostas com operadores lógicos,439,232,vacation,vacation,0.0415,50,471,vacation@FormalParameter@MethodDeclaration@IfStatement@MemberReference@vacation
logica_booleana_composta,Expressões booleanas compostas com operadores lógicos,439,3,int,&&,0.0415,17,309,int@BasicType@FormalParameter@MethodDeclaration@IfStatement@BinaryOperation@&&
logica_booleana_composta,Expressões booleanas compostas com operadores lógicos,439,234,int,==,0.0414,6,197,int@BasicType@FormalParameter@MethodDeclaration@IfStatement@BinaryOperation@B...
logica_booleana_composta,Expressões booleanas compostas com operadores lógicos,439,234,boolean,isWeekend,0.0404,23,197,boolean@BasicType@FormalParameter@MethodDeclaration@IfStatement@MemberReferen...
logica_booleana_composta,Expressões booleanas compostas com operadores lógicos,439,232,boolean,vacation,0.0398,96,471,boolean@BasicType@FormalParameter@vacation
logica_booleana_composta,Expressões booleanas compostas com operadores lógicos,494,46,&&,==,0.0396,5,172,&&@BinaryOperation@BinaryOperation@==
logica_booleana_composta,Expressões booleanas compostas com operadores lógicos,492,36,String,"""e""",0.0391,7,141,<PAD/UNK>
logica_booleana_composta,Expressões booleanas compostas com operadores lógicos,439,5,boolean,&&,0.0388,15,250,boolean@BasicType@FormalParameter@MethodDeclaration@IfStatement@BinaryOperati...
logica_booleana_composta,Expressões booleanas compostas com operadores lógicos,439,3,boolean,>=,0.0387,10,309,boolean@BasicType@LocalVariableDeclaration@MethodDeclaration@IfStatement@Bina...
logica_booleana_composta,Expressões booleanas compostas com operadores lógicos,439,3,outsideMode,1,0.0386,20,309,outsideMode@FormalParameter@MethodDeclaration@IfStatement@BinaryOperation@Bin...
logica_booleana_composta,Expressões booleanas compostas com operadores lógicos,494,108,nums,5,0.0384,15,311,nums@MemberReference@Assignment@Literal@5
logica_booleana_composta,Expressões booleanas compostas com operadores lógicos,494,67,<,length,0.0384,8,228,<@BinaryOperation@MemberReference@length
logica_booleana_composta,Expressões booleanas compostas com operadores lógicos,439,236,b,!=,0.0366,8,223,b@MemberReference@BinaryOperation@BinaryOperation@BinaryOperation@BinaryOpera...
logica_booleana_composta,Expressões booleanas compostas com operadores lógicos,492,128,bobThere,str,0.0365,9,126,bobThere@MethodDeclaration@LocalVariableDeclaration@VariableDeclarator@Binary...
logica_booleana_composta,Expressões booleanas compostas com operadores lógicos,494,108,int,nums,0.0363,27,311,int@BasicType@FormalParameter@nums
logica_booleana_composta,Expressões booleanas compostas com operadores lógicos,439,233,a,==,0.0353,7,250,a@FormalParameter@MethodDeclaration@IfStatement@BinaryOperation@BinaryOperati...
logica_booleana_composta,Expressões booleanas compostas com operadores lógicos,439,232,int,String,0.0351,13,471,int@BasicType@FormalParameter@MethodDeclaration@LocalVariableDeclaration@Refe...
logica_booleana_composta,Expressões booleanas compostas com operadores lógicos,439,234,||,2,0.0351,9,197,||@BinaryOperation@BinaryOperation@Literal@2
logica_booleana_composta,Expressões booleanas compostas com operadores lógicos,492,128,x,str,0.0349,5,126,<PAD/UNK>
logica_booleana_composta,Expressões booleanas compostas com operadores lógicos,439,232,day,"""7:00""",0.0348,9,471,day@FormalParameter@MethodDeclaration@IfStatement@BlockStatement@ReturnStatem...
logica_booleana_composta,Expressões booleanas compostas com operadores lógicos,439,233,int,|,0.0347,12,250,<PAD/UNK>
logica_booleana_composta,Expressões booleanas compostas com operadores lógicos,439,3,outsideMode,false,0.0346,23,309,outsideMode@MemberReference@IfStatement@BlockStatement@ReturnStatement@Litera...
logica_booleana_composta,Expressões booleanas compostas com operadores lógicos,439,234,int,date,0.0345,12,197,int@BasicType@FormalParameter@MethodDeclaration@FormalParameter@date
logica_booleana_composta,Expressões booleanas compostas com operadores lógicos,439,233,true,==,0.0334,5,250,true@Literal@ReturnStatement@IfStatement@IfStatement@BinaryOperation@BinaryOp...
logica_booleana_composta,Expressões booleanas compostas com operadores lógicos,439,3,boolean,&&,0.0333,33,309,boolean@BasicType@FormalParameter@MethodDeclaration@IfStatement@BinaryOperati...
logica_booleana_composta,Expressões booleanas compostas com operadores lógicos,494,108,int,out,0.0326,12,311,<PAD/UNK>
logica_booleana_composta,Expressões booleanas compostas com operadores lógicos,492,36,&&,str,0.0323,5,141,&&@BinaryOperation@MethodInvocation@str
logica_booleana_composta,Expressões booleanas compostas com operadores lógicos,494,108,int,nums,0.0319,23,311,int@BasicType@VariableDeclaration@ForControl@BinaryOperation@BinaryOperation@...
logica_booleana_composta,Expressões booleanas compostas com operadores lógicos,494,49,nums,=,0.0309,7,120,nums@MemberReference@BinaryOperation@Assignment@=
logica_booleana_composta,Expressões booleanas compostas com operadores lógicos,439,5,answerCell,boolean,0.0307,56,250,answerCell@MethodDeclaration@FormalParameter@BasicType@boolean
logica_booleana_composta,Expressões booleanas compostas com operadores lógicos,439,235,day,boolean,0.0305,19,180,day@FormalParameter@MethodDeclaration@FormalParameter@BasicType@boolean
logica_booleana_composta,Expressões booleanas compostas com operadores lógicos,439,5,isMorning,true,0.0303,12,250,isMorning@MemberReference@BinaryOperation@BinaryOperation@BinaryOperation@Lit...
logica_booleana_composta,Expressões booleanas compostas com operadores lógicos,439,5,boolean,isMorning,0.0303,14,250,boolean@BasicType@FormalParameter@MethodDeclaration@IfStatement@MemberReferen...
logica_booleana_composta,Expressões booleanas compostas com operadores lógicos,494,67,int,sum,0.0297,8,228,int@BasicType@FormalParameter@MethodDeclaration@LocalVariableDeclaration@Vari...
logica_booleana_composta,Expressões booleanas compostas com operadores lógicos,494,108,int,size,0.0295,7,311,int@BasicType@LocalVariableDeclaration@VariableDeclarator@size
logica_booleana_composta,Expressões booleanas compostas com operadores lógicos,439,3,int,boolean,0.0293,9,309,int@BasicType@FormalParameter@MethodDeclaration@FormalParameter@BasicType@boo...
logica_booleana_composta,Expressões booleanas compostas com operadores lógicos,494,49,0,=,0.0292,9,120,0@Literal@Assignment@=
logica_booleana_composta,Expressões booleanas compostas com operadores lógicos,494,46,int,length,0.0291,5,172,int@BasicType@VariableDeclaration@ForControl@BinaryOperation@BinaryOperation@...
logica_booleana_composta,Expressões booleanas compostas com operadores lógicos,439,235,boolean,vacation,0.0278,6,180,boolean@BasicType@FormalParameter@MethodDeclaration@IfStatement@MemberReferen...
logica_booleana_composta,Expressões booleanas compostas com operadores lógicos,439,3,outsideMode,true,0.0273,9,309,outsideMode@FormalParameter@MethodDeclaration@IfStatement@StatementExpression...
logica_booleana_composta,Expressões booleanas compostas com operadores lógicos,494,49,int,sum,0.0271,7,120,int@BasicType@FormalParameter@MethodDeclaration@LocalVariableDeclaration@Vari...
logica_booleana_composta,Expressões booleanas compostas com operadores lógicos,439,233,b,==,0.0259,7,250,b@MemberReference@BinaryOperation@BinaryOperation@BinaryOperation@BinaryOpera...
logica_booleana_composta,Expressões booleanas compostas com operadores lógicos,494,108,nums,<PAD/UNK>,0.0254,5,311,<PAD/UNK>
logica_booleana_composta,Expressões booleanas compostas com operadores lógicos,439,3,private,num,0.0252,6,309,<PAD/UNK>
logica_booleana_composta,Expressões booleanas compostas com operadores lógicos,492,128,bobThere,String,0.0251,21,126,bobThere@MethodDeclaration@FormalParameter@ReferenceType@String
logica_booleana_composta,Expressões booleanas compostas com operadores lógicos,494,46,<PAD/UNK>,<,0.025,5,172,<PAD/UNK>
logica_booleana_composta,Expressões booleanas compostas com operadores lógicos,494,44,nums,2,0.0245,12,88,nums@MemberReference@BinaryOperation@Literal@2
logica_booleana_composta,Expressões booleanas compostas com operadores lógicos,494,46,<,length,0.0244,12,172,<@BinaryOperation@MemberReference@length
logica_booleana_composta,Expressões booleanas compostas com operadores lógicos,492,36,&&,3,0.024,8,141,&&@BinaryOperation@BinaryOperation@MethodInvocation@BinaryOperation@Literal@3
logica_booleana_composta,Expressões booleanas compostas com operadores lógicos,439,232,day,||,0.0237,8,471,day@MemberReference@Assignment@Assignment@BinaryOperation@||
logica_booleana_composta,Expressões booleanas compostas com operadores lógicos,494,44,int,nums,0.0235,16,88,int@BasicType@FormalParameter@nums
logica_booleana_composta,Expressões booleanas compostas com operadores lógicos,494,49,<,length,0.0235,8,120,<@BinaryOperation@MemberReference@length
logica_booleana_composta,Expressões booleanas compostas com operadores lógicos,494,108,int,++,0.023,16,311,int@BasicType@VariableDeclaration@ForControl@MemberReference@++
logica_booleana_composta,Expressões booleanas compostas com operadores lógicos,494,108,1,5,0.0229,10,311,1@Literal@BinaryOperation@ArraySelector@MemberReference@Assignment@Literal@5
logica_booleana_composta,Expressões booleanas compostas com operadores lógicos,439,233,int,||,0.0226,8,250,int@BasicType@FormalParameter@MethodDeclaration@IfStatement@BinaryOperation@B...
logica_booleana_composta,Expressões booleanas compostas com operadores lógicos,494,49,<,1,0.0225,5,120,<@BinaryOperation@BinaryOperation@Literal@1
logica_booleana_composta,Expressões booleanas compostas com operadores lógicos,439,234,cigars,isWeekend,0.021,46,197,cigars@FormalParameter@MethodDeclaration@FormalParameter@isWeekend
logica_booleana_composta,Expressões booleanas compostas com operadores lógicos,439,236,int,isWeekend,0.0201,6,223,int@BasicType@FormalParameter@MethodDeclaration@IfStatement@BinaryOperation@M...
logica_booleana_composta,Expressões booleanas compostas com operadores lógicos,492,128,bobThere,2,0.02,14,126,bobThere@MethodDeclaration@LocalVariableDeclaration@VariableDeclarator@Binary...
logica_booleana_composta,Expressões booleanas compostas com operadores lógicos,494,108,int,nums,0.0198,8,311,int@BasicType@MethodDeclaration@FormalParameter@nums
logica_booleana_composta,Expressões booleanas compostas com operadores lógicos,439,3,boolean,>=,0.0196,18,309,boolean@BasicType@FormalParameter@MethodDeclaration@IfStatement@BinaryOperati...
logica_booleana_composta,Expressões booleanas compostas com operadores lógicos,492,34,zipZap,empty,0.0193,5,309,<PAD/UNK>
logica_booleana_composta,Expressões booleanas compostas com operadores lógicos,494,108,int,fix45,0.0193,5,311,int@BasicType@MethodDeclaration@fix45
logica_booleana_composta,Expressões booleanas compostas com operadores lógicos,494,67,int,++,0.0193,7,228,int@BasicType@VariableDeclaration@ForControl@MemberReference@++
logica_booleana_composta,Expressões booleanas compostas com operadores lógicos,439,236,cigars,isWeekend,0.0192,18,223,cigars@FormalParameter@MethodDeclaration@FormalParameter@isWeekend
logica_booleana_composta,Expressões booleanas compostas com operadores lógicos,439,236,cigars,isWeekend,0.0192,11,223,cigars@FormalParameter@MethodDeclaration@IfStatement@MemberReference@isWeekend
logica_booleana_composta,Expressões booleanas compostas com operadores lógicos,494,44,int,1,0.0184,7,88,int@BasicType@LocalVariableDeclaration@VariableDeclarator@BinaryOperation@Lit...
logica_booleana_composta,Expressões booleanas compostas com operadores lógicos,492,128,&&,str,0.0182,9,126,&&@BinaryOperation@BinaryOperation@MethodInvocation@str
logica_booleana_composta,Expressões booleanas compostas com operadores lógicos,494,67,nums,1,0.0181,6,228,nums@FormalParameter@MethodDeclaration@IfStatement@BinaryOperation@BinaryOper...
logica_booleana_composta,Expressões booleanas compostas com operadores lógicos,494,108,<,==,0.018,7,311,<@BinaryOperation@IfStatement@BlockStatement@IfStatement@BinaryOperation@==
logica_booleana_composta,Expressões booleanas compostas com operadores lógicos,439,234,cigars,isWeekend,0.0179,20,197,cigars@FormalParameter@MethodDeclaration@IfStatement@MemberReference@isWeekend
logica_booleana_composta,Expressões booleanas compostas com operadores lógicos,439,232,day,==,0.0176,10,471,day@MemberReference@BinaryOperation@BinaryOperation@BinaryOperation@==
logica_booleana_composta,Expressões booleanas compostas com operadores lógicos,439,5,==,true,0.0176,29,250,==@BinaryOperation@Literal@true
logica_booleana_composta,Expressões booleanas compostas com operadores lógicos,439,232,day,=,0.017,5,471,day@MemberReference@BinaryOperation@BinaryOperation@IfStatement@IfStatement@A...
logica_booleana_composta,Expressões booleanas compostas com operadores lógicos,439,235,day,==,0.017,5,180,day@MemberReference@BinaryOperation@BinaryOperation@BinaryOperation@==
logica_booleana_composta,Expressões booleanas compostas com operadores lógicos,494,108,<,1,0.0169,6,311,<@BinaryOperation@BinaryOperation@Literal@1
logica_booleana_composta,Expressões booleanas compostas com operadores lógicos,439,232,boolean,&&,0.0168,9,471,boolean@BasicType@FormalParameter@MethodDeclaration@IfStatement@BinaryOperati...
logica_booleana_composta,Expressões booleanas compostas com operadores lógicos,439,234,int,isWeekend,0.0164,9,197,int@BasicType@FormalParameter@MethodDeclaration@IfStatement@BinaryOperation@M...
logica_booleana_composta,Expressões booleanas compostas com operadores lógicos,439,1,int,&&,0.0161,6,82,int@BasicType@FormalParameter@MethodDeclaration@IfStatement@BinaryOperation@&&
logica_booleana_composta,Expressões booleanas compostas com operadores lógicos,492,34,!=,str,0.0161,5,309,!=@BinaryOperation@MethodInvocation@str
logica_booleana_composta,Expressões booleanas compostas com operadores lógicos,439,234,>=,1,0.0154,6,197,>=@BinaryOperation@BinaryOperation@IfStatement@BlockStatement@ReturnStatement...
logica_booleana_composta,Expressões booleanas compostas com operadores lógicos,439,235,vacation,vacation,0.015,9,180,vacation@FormalParameter@MethodDeclaration@IfStatement@MemberReference@vacation
logica_booleana_composta,Expressões booleanas compostas com operadores lógicos,439,3,outsideMode,||,0.0148,24,309,outsideMode@FormalParameter@MethodDeclaration@IfStatement@BlockStatement@IfSt...
logica_booleana_composta,Expressões booleanas compostas com operadores lógicos,492,34,String,<,0.0145,6,309,String@ReferenceType@FormalParameter@MethodDeclaration@ForStatement@ForContro...
logica_booleana_composta,Expressões booleanas compostas com operadores lógicos,439,3,private,boolean,0.0138,6,309,private@Modifier@FieldDeclaration@BasicType@boolean
logica_booleana_composta,Expressões booleanas compostas com operadores lógicos,439,5,isMorning,==,0.0136,6,250,isMorning@MemberReference@BinaryOperation@BinaryOperation@BinaryOperation@==
logica_booleana_composta,Expressões booleanas compostas com operadores lógicos,494,67,1,7,0.0132,5,228,1@Literal@BinaryOperation@ArraySelector@MemberReference@BinaryOperation@Liter...
logica_booleana_composta,Expressões booleanas compostas com operadores lógicos,439,232,!,vacation,0.0131,10,471,!@MemberReference@vacation
logica_booleana_composta,Expressões booleanas compostas com operadores lógicos,439,5,public,answerCell,0.0131,5,250,<PAD/UNK>
logica_booleana_composta,Expressões booleanas compostas com operadores lógicos,439,232,60,speed,0.0128,5,471,60@Literal@BinaryOperation@IfStatement@IfStatement@BinaryOperation@MemberRefe...
logica_booleana_composta,Expressões booleanas compostas com operadores lógicos,492,36,count,str,0.0128,5,141,count@VariableDeclarator@LocalVariableDeclaration@MethodDeclaration@LocalVari...
logica_booleana_composta,Expressões booleanas compostas com operadores lógicos,494,44,countEvens,==,0.0128,8,88,countEvens@MethodDeclaration@ForStatement@BlockStatement@IfStatement@BinaryOp...
logica_booleana_composta,Expressões booleanas compostas com operadores lógicos,439,233,answerCell,boolean,0.0125,14,250,answerCell@MethodDeclaration@FormalParameter@BasicType@boolean
logica_booleana_composta,Expressões booleanas compostas com operadores lógicos,439,235,boolean,==,0.0124,5,180,boolean@BasicType@FormalParameter@MethodDeclaration@IfStatement@BinaryOperati...
logica_booleana_composta,Expressões booleanas compostas com operadores lógicos,494,108,int,-,0.0124,6,311,int@BasicType@VariableDeclaration@ForControl@BinaryOperation@BinaryOperation@-
logica_booleana_composta,Expressões booleanas compostas com operadores lógicos,494,108,<,length,0.0124,7,311,<@BinaryOperation@BinaryOperation@MemberReference@length
logica_booleana_composta,Expressões booleanas compostas com operadores lógicos,494,108,nums,=,0.0121,11,311,nums@MemberReference@BinaryOperation@IfStatement@BlockStatement@StatementExpr...
logica_booleana_composta,Expressões booleanas compostas com operadores lógicos,439,233,==,true,0.0116,6,250,==@BinaryOperation@Literal@true
logica_booleana_composta,Expressões booleanas compostas com operadores lógicos,492,36,countCode,String,0.0116,12,141,countCode@MethodDeclaration@FormalParameter@ReferenceType@String
logica_booleana_composta,Expressões booleanas compostas com operadores lógicos,439,232,61,speed,0.0115,6,471,61@Literal@BinaryOperation@BinaryOperation@BinaryOperation@MemberReference@speed
logica_booleana_composta,Expressões booleanas compostas com operadores lógicos,492,36,||,str,0.0115,5,141,||@BinaryOperation@BinaryOperation@BinaryOperation@BinaryOperation@BinaryOper...
logica_booleana_composta,Expressões booleanas compostas com operadores lógicos,492,36,charAt,=,0.0114,5,141,charAt@MethodInvocation@Assignment@=
logica_booleana_composta,Expressões booleanas compostas com operadores lógicos,492,36,str,str,0.0113,7,141,str@MethodInvocation@BinaryOperation@BinaryOperation@BinaryOperation@MethodIn...
logica_booleana_composta,Expressões booleanas compostas com operadores lógicos,439,234,isWeekend,isWeekend,0.0108,6,197,isWeekend@FormalParameter@MethodDeclaration@IfStatement@BinaryOperation@Membe...
logica_booleana_composta,Expressões booleanas compostas com operadores lógicos,494,108,j,==,0.0098,5,311,j@VariableDeclarator@VariableDeclaration@ForControl@BinaryOperation@BinaryOpe...
logica_booleana_composta,Expressões booleanas compostas com operadores lógicos,439,5,isMorning,boolean,0.0097,7,250,isMorning@FormalParameter@MethodDeclaration@FormalParameter@BasicType@boolean
logica_booleana_composta,Expressões booleanas compostas com operadores lógicos,439,232,int,=,0.0095,6,471,int@BasicType@FormalParameter@MethodDeclaration@IfStatement@Assignment@=
logica_booleana_composta,Expressões booleanas compostas com operadores lógicos,439,232,>=,speed,0.0089,6,471,>=@BinaryOperation@MemberReference@speed
logica_booleana_composta,Expressões booleanas compostas com operadores lógicos,492,36,==,-,0.0085,6,141,<PAD/UNK>
logica_booleana_composta,Expressões booleanas compostas com operadores lógicos,439,235,boolean,vacation,0.0083,9,180,boolean@BasicType@FormalParameter@vacation
logica_booleana_composta,Expressões booleanas compostas com operadores lógicos,492,36,str,str,0.0082,6,141,str@FormalParameter@MethodDeclaration@ForStatement@ForControl@BinaryOperation...
logica_booleana_composta,Expressões booleanas compostas com operadores lógicos,439,232,<=,speed,0.008,24,471,<=@BinaryOperation@MemberReference@speed
logica_booleana_composta,Expressões booleanas compostas com operadores lógicos,439,233,boolean,false,0.0077,10,250,boolean@BasicType@FormalParameter@MethodDeclaration@IfStatement@ReturnStateme...
logica_booleana_composta,Expressões booleanas compostas com operadores lógicos,439,234,!,isWeekend,0.0071,11,197,!@MemberReference@isWeekend
logica_booleana_composta,Expressões booleanas compostas com operadores lógicos,439,232,int,"""""",0.0064,15,471,int@BasicType@FormalParameter@MethodDeclaration@LocalVariableDeclaration@Vari...
logica_booleana_composta,Expressões booleanas compostas com operadores lógicos,439,232,vacation,day,0.0062,5,471,vacation@MemberReference@IfStatement@IfStatement@BinaryOperation@BinaryOperat...
logica_booleana_composta,Expressões booleanas compostas com operadores lógicos,439,5,boolean,false,0.0061,16,250,boolean@BasicType@FormalParameter@MethodDeclaration@IfStatement@ReturnStateme...
logica_booleana_composta,Expressões booleanas compostas com operadores lógicos,439,5,false,&&,0.0059,5,250,false@Literal@Assignment@BinaryOperation@IfStatement@IfStatement@BinaryOperat...
logica_booleana_composta,Expressões booleanas compostas com operadores lógicos,439,232,day,vacation,0.0037,10,471,day@MemberReference@Assignment@BinaryOperation@MemberReference@vacation
logica_booleana_composta,Expressões booleanas compostas com operadores lógicos,439,232,int,day,0.0035,92,471,int@BasicType@FormalParameter@day
logica_booleana_composta,Expressões booleanas compostas com operadores lógicos,439,232,int,=,0.0035,9,471,int@BasicType@FormalParameter@MethodDeclaration@IfStatement@BinaryOperation@A...
logica_booleana_composta,Expressões booleanas compostas com operadores lógicos,439,234,int,boolean,0.0034,7,197,int@BasicType@FormalParameter@MethodDeclaration@FormalParameter@BasicType@boo...
logica_booleana_composta,Expressões booleanas compostas com operadores lógicos,439,234,cigars,>=,0.0032,5,197,cigars@FormalParameter@MethodDeclaration@IfStatement@BlockStatement@IfStateme...
logica_booleana_composta,Expressões booleanas compostas com operadores lógicos,439,12,isSummer,>=,0.0032,8,94,isSummer@FormalParameter@MethodDeclaration@IfStatement@IfStatement@BinaryOper...
logica_booleana_composta,Expressões booleanas compostas com operadores lógicos,439,232,int,boolean,0.0031,66,471,int@BasicType@FormalParameter@MethodDeclaration@FormalParameter@BasicType@boo...
logica_booleana_composta,Expressões booleanas compostas com operadores lógicos,439,236,int,boolean,0.0027,7,223,int@BasicType@FormalParameter@MethodDeclaration@FormalParameter@BasicType@boo...
logica_booleana_composta,Expressões booleanas compostas com operadores lógicos,439,232,boolean,==,0.0026,10,471,boolean@BasicType@FormalParameter@MethodDeclaration@IfStatement@BinaryOperati...
logica_booleana_composta,Expressões booleanas compostas com operadores lógicos,439,232,int,=,0.0023,15,471,int@BasicType@FormalParameter@MethodDeclaration@IfStatement@StatementExpressi...
logica_booleana_composta,Expressões booleanas compostas com operadores lógicos,439,235,int,day,0.0017,12,180,int@BasicType@FormalParameter@day
logica_booleana_composta,Expressões booleanas compostas com operadores lógicos,439,232,boolean,>=,0.0016,5,471,boolean@BasicType@FormalParameter@MethodDeclaration@IfStatement@BinaryOperati...
logica_booleana_composta,Expressões booleanas compostas com operadores lógicos,439,232,boolean,=,0.0015,6,471,boolean@BasicType@FormalParameter@MethodDeclaration@IfStatement@BinaryOperati...
logica_booleana_composta,Expressões booleanas compostas com operadores lógicos,492,36,==,+,0.0014,6,141,==@BinaryOperation@MethodInvocation@BinaryOperation@+
logica_booleana_composta,Expressões booleanas compostas com operadores lógicos,439,235,int,boolean,0.0013,11,180,int@BasicType@FormalParameter@MethodDeclaration@FormalParameter@BasicType@boo...
logica_booleana_composta,Expressões booleanas compostas com operadores lógicos,439,235,>=,>=,0.0013,5,180,>=@BinaryOperation@BinaryOperation@BinaryOperation@>=
logica_booleana_composta,Expressões booleanas compostas com operadores lógicos,439,232,caughtSpeeding,boolean,0.0012,5,471,caughtSpeeding@MethodDeclaration@FormalParameter@BasicType@boolean
logica_booleana_composta,Expressões booleanas compostas com operadores lógicos,439,232,day,&&,0.0011,6,471,day@FormalParameter@MethodDeclaration@IfStatement@IfStatement@BinaryOperation@&&
logica_booleana_composta,Expressões booleanas compostas com operadores lógicos,492,36,str,-,0.0009,6,141,str@FormalParameter@MethodDeclaration@ForStatement@ForControl@BinaryOperation...
logica_booleana_composta,Expressões booleanas compostas com operadores lógicos,439,232,day,6,0.0008,6,471,day@MemberReference@BinaryOperation@Assignment@Literal@6
logica_booleana_composta,Expressões booleanas compostas com operadores lógicos,439,232,day,"""7:00""",0.0007,9,471,day@MemberReference@Assignment@IfStatement@BlockStatement@ReturnStatement@Lit...
logica_booleana_composta,Expressões booleanas compostas com operadores lógicos,439,232,day,&&,0.0006,6,471,day@MemberReference@BinaryOperation@BinaryOperation@IfStatement@IfStatement@B...
logica_booleana_composta,Expressões booleanas compostas com operadores lógicos,492,36,String,++,0.0006,5,141,String@ReferenceType@FormalParameter@MethodDeclaration@ForStatement@ForContro...
logica_booleana_composta,Expressões booleanas compostas com operadores lógicos,439,235,<,8,0.0004,5,180,<@BinaryOperation@Literal@8
logica_booleana_composta,Expressões booleanas compostas com operadores lógicos,439,235,8,8,0.0004,5,180,8@Literal@BinaryOperation@BinaryOperation@BinaryOperation@Literal@8
logica_booleana_composta,Expressões booleanas compostas com operadores lógicos,492,36,countCode,count,0.0002,5,141,countCode@MethodDeclaration@LocalVariableDeclaration@VariableDeclarator@count
manipulacao_array,Manipulação de arrays,494,49,int,0,0.8773,9,120,int@BasicType@VariableDeclaration@VariableDeclarator@Literal@0
manipulacao_array,Manipulação de arrays,494,44,int,0,0.8587,15,88,int@BasicType@VariableDeclaration@VariableDeclarator@Literal@0
manipulacao_array,Manipulação de arrays,494,41,int,+,0.8466,10,51,int@BasicType@FormalParameter@MethodDeclaration@ReturnStatement@BinaryOperati...
manipulacao_array,Manipulação de arrays,494,107,int,0,0.8454,28,354,int@BasicType@VariableDeclaration@VariableDeclarator@Literal@0
manipulacao_array,Manipulação de arrays,494,46,int,0,0.8311,18,172,int@BasicType@VariableDeclaration@VariableDeclarator@Literal@0
manipulacao_array,Manipulação de arrays,494,43,int,+,0.8226,12,259,int@BasicType@FormalParameter@MethodDeclaration@ReturnStatement@BinaryOperati...
manipulacao_array,Manipulação de arrays,494,67,int,0,0.8154,19,228,int@BasicType@VariableDeclaration@VariableDeclarator@Literal@0
manipulacao_array,Manipulação de arrays,494,43,int,==,0.7911,7,259,int@BasicType@LocalVariableDeclaration@BlockStatement@IfStatement@IfStatement...
manipulacao_array,Manipulação de arrays,494,106,int,0,0.7714,36,228,int@BasicType@VariableDeclaration@VariableDeclarator@Literal@0
manipulacao_array,Manipulação de arrays,494,104,int,0,0.765,26,207,int@BasicType@VariableDeclaration@VariableDeclarator@Literal@0
manipulacao_array,Manipulação de arrays,494,104,>,==,0.7353,5,207,<PAD/UNK>
manipulacao_array,Manipulação de arrays,494,108,int,0,0.7148,36,311,int@BasicType@VariableDeclaration@VariableDeclarator@Literal@0
manipulacao_array,Manipulação de arrays,494,43,int,==,0.6701,6,259,int@BasicType@FormalParameter@MethodDeclaration@IfStatement@IfStatement@Binar...
manipulacao_array,Manipulação de arrays,494,107,nums,=,0.6192,18,354,nums@MemberReference@Assignment@=
manipulacao_array,Manipulação de arrays,502,70,int,&&,0.6161,8,271,int@BasicType@FormalParameter@MethodDeclaration@IfStatement@BinaryOperation@&&
manipulacao_array,Manipulação de arrays,494,108,int,1,0.5841,23,311,int@BasicType@VariableDeclaration@ForControl@BinaryOperation@BinaryOperation@...
manipulacao_array,Manipulação de arrays,502,112,int,2,0.5753,30,217,int@BasicType@LocalVariableDeclaration@VariableDeclarator@ArrayCreator@Binary...
manipulacao_array,Manipulação de arrays,494,67,int,length,0.5698,20,228,int@BasicType@VariableDeclaration@ForControl@BinaryOperation@MemberReference@...
manipulacao_array,Manipulação de arrays,502,70,int,1,0.5539,7,271,int@BasicType@FormalParameter@MethodDeclaration@IfStatement@BinaryOperation@L...
manipulacao_array,Manipulação de arrays,494,49,int,1,0.5397,19,120,int@BasicType@VariableDeclaration@ForControl@BinaryOperation@BinaryOperation@...
manipulacao_array,Manipulação de arrays,494,107,<,==,0.5391,52,354,<@BinaryOperation@ForControl@ForStatement@BlockStatement@IfStatement@BinaryOp...
manipulacao_array,Manipulação de arrays,494,106,int,result,0.536,7,228,int@BasicType@FormalParameter@MethodDeclaration@LocalVariableDeclaration@Vari...
manipulacao_array,Manipulação de arrays,494,49,int,length,0.516,25,120,int@BasicType@VariableDeclaration@ForControl@BinaryOperation@MemberReference@...
manipulacao_array,Manipulação de arrays,494,41,int,<=,0.5096,7,51,int@BasicType@LocalVariableDeclaration@MethodDeclaration@ForStatement@ForCont...
manipulacao_array,Manipulação de arrays,502,112,int,=,0.5041,9,217,int@BasicType@LocalVariableDeclaration@BlockStatement@StatementExpression@Ass...
manipulacao_array,Manipulação de arrays,494,108,nums,=,0.4962,82,311,nums@MemberReference@Assignment@=
manipulacao_array,Manipulação de arrays,494,104,nums,=,0.4913,40,207,nums@MemberReference@Assignment@=
manipulacao_array,Manipulação de arrays,502,48,nums,i,0.4913,18,170,nums@FormalParameter@MethodDeclaration@ForStatement@ForControl@BinaryOperatio...
manipulacao_array,Manipulação de arrays,494,107,int,1,0.4702,43,354,int@BasicType@VariableDeclaration@ForControl@BinaryOperation@BinaryOperation@...
manipulacao_array,Manipulação de arrays,502,112,nums,i,0.459,5,217,nums@FormalParameter@MethodDeclaration@ForStatement@ForControl@BinaryOperatio...
manipulacao_array,Manipulação de arrays,494,107,int,==,0.4532,8,354,int@BasicType@LocalVariableDeclaration@MethodDeclaration@IfStatement@BinaryOp...
manipulacao_array,Manipulação de arrays,494,67,int,==,0.4528,11,228,int@BasicType@FormalParameter@MethodDeclaration@IfStatement@BinaryOperation@==
manipulacao_array,Manipulação de arrays,494,106,>,==,0.4473,13,228,>@BinaryOperation@BinaryOperation@BinaryOperation@==
manipulacao_array,Manipulação de arrays,502,70,int,len,0.4432,6,271,int@BasicType@LocalVariableDeclaration@VariableDeclarator@len
manipulacao_array,Manipulação de arrays,494,46,int,length,0.4421,11,172,int@BasicType@VariableDeclaration@ForControl@BinaryOperation@MemberReference@...
manipulacao_array,Manipulação de arrays,494,106,nums,=,0.4401,25,228,nums@MemberReference@Assignment@=
manipulacao_array,Manipulação de arrays,494,49,int,==,0.4325,10,120,int@BasicType@LocalVariableDeclaration@MethodDeclaration@IfStatement@BinaryOp...
manipulacao_array,Manipulação de arrays,502,64,a,=,0.4323,5,234,a@MemberReference@ArraySelector@MemberReference@Assignment@=
manipulacao_array,Manipulação de arrays,494,107,int,end,0.4297,10,354,int@BasicType@LocalVariableDeclaration@VariableDeclarator@end
manipulacao_array,Manipulação de arrays,494,67,nums,==,0.4284,28,228,nums@MemberReference@BinaryOperation@IfStatement@BlockStatement@IfStatement@B...
manipulacao_array,Manipulação de arrays,502,112,1,=,0.4263,5,217,1@Literal@BinaryOperation@Assignment@=
manipulacao_array,Manipulação de arrays,494,67,<,==,0.4183,9,228,<@BinaryOperation@ForControl@ForStatement@BlockStatement@IfStatement@BinaryOp...
manipulacao_array,Manipulação de arrays,494,106,int,end,0.4141,44,228,int@BasicType@LocalVariableDeclaration@VariableDeclarator@end
manipulacao_array,Manipulação de arrays,494,107,int,length,0.4134,33,354,int@BasicType@VariableDeclaration@ForControl@BinaryOperation@MemberReference@...
manipulacao_array,Manipulação de arrays,494,46,int,1,0.4104,18,172,int@BasicType@VariableDeclaration@ForControl@BinaryOperation@BinaryOperation@...
manipulacao_array,Manipulação de arrays,494,43,nums,=,0.4074,51,259,nums@MemberReference@Assignment@=
manipulacao_array,Manipulação de arrays,502,118,int,=,0.405,34,146,int@BasicType@LocalVariableDeclaration@MethodDeclaration@StatementExpression@...
manipulacao_array,Manipulação de arrays,494,43,int,<=,0.404,6,259,int@BasicType@FormalParameter@MethodDeclaration@IfStatement@BinaryOperation@<=
manipulacao_array,Manipulação de arrays,502,70,nums,i,0.397,63,271,nums@FormalParameter@MethodDeclaration@ForStatement@ForControl@BinaryOperatio...
manipulacao_array,Manipulação de arrays,494,67,int,1,0.3933,14,228,int@BasicType@VariableDeclaration@ForControl@BinaryOperation@BinaryOperation@...
manipulacao_array,Manipulação de arrays,494,44,nums,=,0.391,12,88,nums@MemberReference@Assignment@=
manipulacao_array,Manipulação de arrays,494,107,nums,==,0.3891,11,354,nums@MemberReference@BinaryOperation@IfStatement@BlockStatement@IfStatement@B...
manipulacao_array,Manipulação de arrays,494,44,int,length,0.3881,15,88,int@BasicType@VariableDeclaration@ForControl@BinaryOperation@MemberReference@...
manipulacao_array,Manipulação de arrays,494,107,int,cur,0.3804,8,354,<PAD/UNK>
manipulacao_array,Manipulação de arrays,494,67,int,==,0.3646,6,228,int@BasicType@FormalParameter@MethodDeclaration@IfStatement@BinaryOperation@B...
manipulacao_array,Manipulação de arrays,494,107,int,<PAD/UNK>,0.358,17,354,<PAD/UNK>
manipulacao_array,Manipulação de arrays,502,64,%,i,0.3573,38,234,%@BinaryOperation@MemberReference@i
manipulacao_array,Manipulação de arrays,494,104,int,<PAD/UNK>,0.3549,22,207,<PAD/UNK>
manipulacao_array,Manipulação de arrays,502,70,i,1,0.3509,47,271,i@MemberReference@BinaryOperation@Literal@1
manipulacao_array,Manipulação de arrays,502,70,int,0,0.3412,7,271,int@BasicType@LocalVariableDeclaration@VariableDeclarator@Literal@0
manipulacao_array,Manipulação de arrays,494,44,int,==,0.3374,10,88,int@BasicType@LocalVariableDeclaration@MethodDeclaration@IfStatement@BinaryOp...
manipulacao_array,Manipulação de arrays,494,46,int,<PAD/UNK>,0.3308,22,172,<PAD/UNK>
manipulacao_array,Manipulação de arrays,494,104,int,length,0.3304,43,207,int@BasicType@VariableDeclaration@ForControl@BinaryOperation@MemberReference@...
manipulacao_array,Manipulação de arrays,494,107,int,end,0.3292,9,354,int@BasicType@FormalParameter@MethodDeclaration@LocalVariableDeclaration@Vari...
manipulacao_array,Manipulação de arrays,502,70,==,=,0.3248,18,271,==@BinaryOperation@IfStatement@IfStatement@BlockStatement@StatementExpression...
manipulacao_array,Manipulação de arrays,502,112,int,0,0.3244,13,217,int@BasicType@LocalVariableDeclaration@MethodDeclaration@LocalVariableDeclara...
manipulacao_array,Manipulação de arrays,494,106,int,length,0.3236,9,228,int@BasicType@VariableDeclaration@ForControl@BinaryOperation@MemberReference@...
manipulacao_array,Manipulação de arrays,502,118,int,=,0.3213,6,146,int@BasicType@VariableDeclaration@ForControl@ForStatement@StatementExpression...
manipulacao_array,Manipulação de arrays,494,106,int,end,0.3192,46,228,int@BasicType@FormalParameter@MethodDeclaration@LocalVariableDeclaration@Vari...
manipulacao_array,Manipulação de arrays,494,104,int,1,0.3175,9,207,int@BasicType@VariableDeclaration@ForControl@BinaryOperation@BinaryOperation@...
manipulacao_array,Manipulação de arrays,502,118,int,result,0.3162,9,146,int@BasicType@LocalVariableDeclaration@VariableDeclarator@result
manipulacao_array,Manipulação de arrays,494,104,<,==,0.311,30,207,<@BinaryOperation@ForControl@ForStatement@BlockStatement@IfStatement@BinaryOp...
manipulacao_array,Manipulação de arrays,494,108,int,length,0.3103,51,311,int@BasicType@VariableDeclaration@ForControl@BinaryOperation@MemberReference@...
manipulacao_array,Manipulação de arrays,494,108,nums,==,0.3088,6,311,nums@MemberReference@BinaryOperation@IfStatement@BlockStatement@IfStatement@B...
manipulacao_array,Manipulação de arrays,502,70,count,=,0.3065,16,271,count@MemberReference@Assignment@=
manipulacao_array,Manipulação de arrays,494,67,nums,13,0.2981,12,228,nums@MemberReference@BinaryOperation@Literal@13
manipulacao_array,Manipulação de arrays,502,64,%,%,0.2905,13,234,%@BinaryOperation@BinaryOperation@BinaryOperation@BinaryOperation@BinaryOpera...
manipulacao_array,Manipulação de arrays,494,67,nums,==,0.289,13,228,nums@MemberReference@BinaryOperation@BinaryOperation@BinaryOperation@BinaryOp...
manipulacao_array,Manipulação de arrays,502,70,<PAD/UNK>,=,0.2865,27,271,<PAD/UNK>
manipulacao_array,Manipulação de arrays,494,43,int,2,0.2852,7,259,int@BasicType@FormalParameter@MethodDeclaration@IfStatement@BinaryOperation@L...
manipulacao_array,Manipulação de arrays,494,46,int,result,0.2831,5,172,int@BasicType@FormalParameter@MethodDeclaration@LocalVariableDeclaration@Vari...
manipulacao_array,Manipulação de arrays,494,106,int,==,0.2829,7,228,int@BasicType@FormalParameter@MethodDeclaration@IfStatement@BinaryOperation@B...
manipulacao_array,Manipulação de arrays,494,46,int,==,0.2785,7,172,int@BasicType@FormalParameter@MethodDeclaration@IfStatement@BinaryOperation@==
manipulacao_array,Manipulação de arrays,502,51,nums,i,0.2726,11,115,nums@FormalParameter@MethodDeclaration@ForStatement@ForControl@BinaryOperatio...
manipulacao_array,Manipulação de arrays,502,64,==,=,0.2666,21,234,==@BinaryOperation@IfStatement@IfStatement@BlockStatement@StatementExpression...
manipulacao_array,Manipulação de arrays,494,107,<,==,0.2657,7,354,<@BinaryOperation@BinaryOperation@BinaryOperation@==
manipulacao_array,Manipulação de arrays,502,70,int,1,0.2618,6,271,int@BasicType@VariableDeclaration@VariableDeclarator@Literal@1
manipulacao_array,Manipulação de arrays,502,118,nums,i,0.2566,18,146,nums@FormalParameter@MethodDeclaration@ForStatement@ForControl@BinaryOperatio...
manipulacao_array,Manipulação de arrays,502,48,i,1,0.2565,5,170,i@MemberReference@BinaryOperation@Literal@1
manipulacao_array,Manipulação de arrays,502,51,<PAD/UNK>,=,0.2554,10,115,<PAD/UNK>
manipulacao_array,Manipulação de arrays,502,112,int,2,0.2513,57,217,int@BasicType@ArrayCreator@BinaryOperation@Literal@2
manipulacao_array,Manipulação de arrays,502,51,nums,%,0.2494,6,115,<PAD/UNK>
manipulacao_array,Manipulação de arrays,502,112,i,1,0.2471,12,217,i@MemberReference@BinaryOperation@Literal@1
manipulacao_array,Manipulação de arrays,502,48,nums,=,0.2449,5,170,nums@MemberReference@VariableDeclarator@LocalVariableDeclaration@BlockStateme...
manipulacao_array,Manipulação de arrays,502,112,int,0,0.2431,53,217,int@BasicType@LocalVariableDeclaration@VariableDeclarator@Literal@0
manipulacao_array,Manipulação de arrays,494,67,false,==,0.2413,5,228,<PAD/UNK>
manipulacao_array,Manipulação de arrays,494,43,int,<,0.238,9,259,int@BasicType@FormalParameter@MethodDeclaration@ForStatement@ForControl@Binar...
manipulacao_array,Manipulação de arrays,494,46,int,everywhere,0.2367,23,172,int@BasicType@FormalParameter@MethodDeclaration@LocalVariableDeclaration@Vari...
manipulacao_array,Manipulação de arrays,494,107,int,2,0.2357,5,354,int@BasicType@VariableDeclaration@ForControl@BinaryOperation@BinaryOperation@...
manipulacao_array,Manipulação de arrays,494,43,int,==,0.235,12,259,int@BasicType@LocalVariableDeclaration@MethodDeclaration@IfStatement@BinaryOp...
manipulacao_array,Manipulação de arrays,494,67,int,<,0.2346,51,228,int@BasicType@FormalParameter@MethodDeclaration@ForStatement@ForControl@Binar...
manipulacao_array,Manipulação de arrays,494,104,int,<,0.2321,21,207,int@BasicType@FormalParameter@MethodDeclaration@ForStatement@ForControl@Binar...
manipulacao_array,Manipulação de arrays,502,64,%,+=,0.2304,14,234,<PAD/UNK>
manipulacao_array,Manipulação de arrays,502,112,count,=,0.2301,5,217,count@MemberReference@ArraySelector@MemberReference@Assignment@=
manipulacao_array,Manipulação de arrays,502,118,int,2,0.2301,17,146,int@BasicType@ArrayCreator@BinaryOperation@Literal@2
manipulacao_array,Manipulação de arrays,494,43,nums,==,0.2296,12,259,<PAD/UNK>
manipulacao_array,Manipulação de arrays,494,67,7,==,0.2268,27,228,7@Literal@BinaryOperation@BinaryOperation@BinaryOperation@==
manipulacao_array,Manipulação de arrays,502,51,tenRun,=,0.2237,5,115,<PAD/UNK>
manipulacao_array,Manipulação de arrays,494,107,int,1,0.2214,11,354,int@BasicType@VariableDeclaration@VariableDeclarator@Literal@1
manipulacao_array,Manipulação de arrays,494,108,<,==,0.2203,39,311,<@BinaryOperation@ForControl@ForStatement@BlockStatement@IfStatement@BinaryOp...
manipulacao_array,Manipulação de arrays,494,49,int,<,0.2187,34,120,int@BasicType@FormalParameter@MethodDeclaration@ForStatement@ForControl@Binar...
manipulacao_array,Manipulação de arrays,494,43,len,==,0.2144,5,259,<PAD/UNK>
manipulacao_array,Manipulação de arrays,502,48,int,0,0.2128,14,170,int@BasicType@LocalVariableDeclaration@VariableDeclarator@Literal@0
manipulacao_array,Manipulação de arrays,502,118,i,=,0.2127,9,146,i@MemberReference@ArraySelector@MemberReference@Assignment@=
manipulacao_array,Manipulação de arrays,502,118,<PAD/UNK>,=,0.2108,16,146,<PAD/UNK>
manipulacao_array,Manipulação de arrays,494,67,nums,7,0.2101,42,228,nums@MemberReference@BinaryOperation@BinaryOperation@BinaryOperation@Literal@7
manipulacao_array,Manipulação de arrays,502,48,<PAD/UNK>,=,0.2101,8,170,<PAD/UNK>
manipulacao_array,Manipulação de arrays,502,64,<PAD/UNK>,=,0.2098,39,234,<PAD/UNK>
manipulacao_array,Manipulação de arrays,502,112,int,1,0.2085,6,217,int@BasicType@LocalVariableDeclaration@MethodDeclaration@IfStatement@BinaryOp...
manipulacao_array,Manipulação de arrays,502,112,n,=,0.2082,10,217,<PAD/UNK>
manipulacao_array,Manipulação de arrays,494,108,5,=,0.2078,25,311,5@Literal@Assignment@=
manipulacao_array,Manipulação de arrays,494,104,index,==,0.2073,6,207,<PAD/UNK>
manipulacao_array,Manipulação de arrays,494,67,nums,==,0.2072,22,228,nums@FormalParameter@MethodDeclaration@IfStatement@BlockStatement@IfStatement...
manipulacao_array,Manipulação de arrays,494,107,nums,==,0.2055,5,354,nums@FormalParameter@MethodDeclaration@ForStatement@IfStatement@BinaryOperati...
manipulacao_array,Manipulação de arrays,494,49,1,=,0.2032,6,120,1@Literal@BinaryOperation@ArraySelector@MemberReference@Assignment@=
manipulacao_array,Manipulação de arrays,502,70,==,=,0.2032,10,271,==@BinaryOperation@IfStatement@StatementExpression@Assignment@=
manipulacao_array,Manipulação de arrays,502,64,"""Fizz""",=,0.2013,8,234,<PAD/UNK>
manipulacao_array,Manipulação de arrays,502,51,%,i,0.2013,8,115,%@BinaryOperation@MemberReference@ArraySelector@MemberReference@i
manipulacao_array,Manipulação de arrays,494,106,int,<,0.2012,33,228,int@BasicType@FormalParameter@MethodDeclaration@ForStatement@ForControl@Binar...
manipulacao_array,Manipulação de arrays,502,118,i,1,0.2008,28,146,i@MemberReference@BinaryOperation@Literal@1
manipulacao_array,Manipulação de arrays,494,104,int,result,0.2006,5,207,int@BasicType@FormalParameter@MethodDeclaration@LocalVariableDeclaration@Vari...
manipulacao_array,Manipulação de arrays,502,64,count,=,0.2006,7,234,count@MemberReference@ArraySelector@MemberReference@Assignment@=
manipulacao_array,Manipulação de arrays,494,107,nums,val,0.1995,5,354,nums@MemberReference@BinaryOperation@MemberReference@val
manipulacao_array,Manipulação de arrays,494,44,int,3,0.1994,10,88,int@BasicType@FormalParameter@MethodDeclaration@IfStatement@BinaryOperation@L...
manipulacao_array,Manipulação de arrays,494,49,nums,+=,0.1992,8,120,nums@MemberReference@Assignment@+=
manipulacao_array,Manipulação de arrays,494,107,int,<,0.1987,54,354,int@BasicType@FormalParameter@MethodDeclaration@ForStatement@ForControl@Binar...
manipulacao_array,Manipulação de arrays,502,64,int,a,0.1962,10,234,<PAD/UNK>
manipulacao_array,Manipulação de arrays,494,104,=,=,0.1954,12,207,=@Assignment@StatementExpression@BlockStatement@StatementExpression@Assignment@=
manipulacao_array,Manipulação de arrays,494,49,int,val,0.1935,16,120,int@BasicType@FormalParameter@MethodDeclaration@FormalParameter@val
manipulacao_array,Manipulação de arrays,502,51,int,<PAD/UNK>,0.1928,15,115,<PAD/UNK>
manipulacao_array,Manipulação de arrays,502,70,int,count,0.1927,19,271,int@BasicType@LocalVariableDeclaration@VariableDeclarator@count
manipulacao_array,Manipulação de arrays,502,64,i,=,0.1923,42,234,i@MemberReference@ArraySelector@MemberReference@Assignment@=
manipulacao_array,Manipulação de arrays,494,43,int,newNums,0.1898,18,259,<PAD/UNK>
manipulacao_array,Manipulação de arrays,494,49,int,total,0.1892,7,120,int@BasicType@LocalVariableDeclaration@VariableDeclarator@total
manipulacao_array,Manipulação de arrays,502,57,i,=,0.1889,5,54,i@MemberReference@ForControl@ForStatement@BlockStatement@StatementExpression@...
manipulacao_array,Manipulação de arrays,494,46,int,<,0.1876,99,172,int@BasicType@FormalParameter@MethodDeclaration@ForStatement@ForControl@Binar...
manipulacao_array,Manipulação de arrays,502,64,i,=,0.1871,27,234,i@MemberReference@ForControl@ForStatement@BlockStatement@StatementExpression@...
manipulacao_array,Manipulação de arrays,502,112,h,=,0.1845,12,217,<PAD/UNK>
manipulacao_array,Manipulação de arrays,502,64,%,i,0.184,12,234,%@BinaryOperation@MemberReference@ArraySelector@MemberReference@i
manipulacao_array,Manipulação de arrays,502,48,int,sum,0.1812,8,170,int@BasicType@LocalVariableDeclaration@VariableDeclarator@sum
manipulacao_array,Manipulação de arrays,502,70,i,=,0.1802,5,271,i@MemberReference@ArraySelector@MemberReference@Assignment@=
manipulacao_array,Manipulação de arrays,494,43,nums,+,0.1792,6,259,nums@MemberReference@BinaryOperation@MemberReference@ArraySelector@BinaryOper...
manipulacao_array,Manipulação de arrays,494,104,nums,7,0.1769,14,207,nums@MemberReference@BinaryOperation@Literal@7
manipulacao_array,Manipulação de arrays,502,51,%,0,0.1757,11,115,%@BinaryOperation@BinaryOperation@Literal@0
manipulacao_array,Manipulação de arrays,502,51,ten,=,0.1745,17,115,<PAD/UNK>
manipulacao_array,Manipulação de arrays,494,107,1,=,0.1732,30,354,1@Literal@BinaryOperation@Assignment@=
manipulacao_array,Manipulação de arrays,502,112,i,=,0.1724,11,217,i@MemberReference@ArraySelector@MemberReference@Assignment@=
manipulacao_array,Manipulação de arrays,494,107,nums,+,0.1715,78,354,nums@MemberReference@BinaryOperation@MemberReference@ArraySelector@BinaryOper...
manipulacao_array,Manipulação de arrays,502,70,%,0,0.1714,9,271,%@BinaryOperation@BinaryOperation@Literal@0
manipulacao_array,Manipulação de arrays,502,112,int,1,0.1703,5,217,int@BasicType@LocalVariableDeclaration@MethodDeclaration@LocalVariableDeclara...
manipulacao_array,Manipulação de arrays,494,104,nums,=,0.1696,6,207,nums@MemberReference@MethodInvocation@Assignment@=
manipulacao_array,Manipulação de arrays,502,70,int,<PAD/UNK>,0.168,32,271,<PAD/UNK>
manipulacao_array,Manipulação de arrays,494,49,nums,13,0.1676,32,120,nums@MemberReference@BinaryOperation@Literal@13
manipulacao_array,Manipulação de arrays,502,48,int,newNum,0.1665,8,170,int@BasicType@FormalParameter@MethodDeclaration@LocalVariableDeclaration@Vari...
manipulacao_array,Manipulação de arrays,502,112,1,=,0.1659,5,217,1@Literal@BinaryOperation@ArraySelector@MemberReference@Assignment@=
manipulacao_array,Manipulação de arrays,494,107,<,=,0.1634,8,354,<@BinaryOperation@ForControl@ForStatement@BlockStatement@StatementExpression@...
manipulacao_array,Manipulação de arrays,502,57,i,=,0.1634,5,54,i@MemberReference@ArraySelector@MemberReference@Assignment@=
manipulacao_array,Manipulação de arrays,502,64,i,=,0.1629,14,234,<PAD/UNK>
manipulacao_array,Manipulação de arrays,502,112,<PAD/UNK>,=,0.162,10,217,<PAD/UNK>
manipulacao_array,Manipulação de arrays,494,44,int,==,0.1612,12,88,int@BasicType@FormalParameter@MethodDeclaration@IfStatement@BinaryOperation@==
manipulacao_array,Manipulação de arrays,494,108,int,=,0.1608,6,311,int@BasicType@LocalVariableDeclaration@BlockStatement@StatementExpression@Ass...
manipulacao_array,Manipulação de arrays,494,106,int,ends,0.1592,9,228,<PAD/UNK>
manipulacao_array,Manipulação de arrays,502,70,nums,=,0.1592,6,271,<PAD/UNK>
manipulacao_array,Manipulação de arrays,502,48,i,=,0.1586,15,170,i@MemberReference@ArraySelector@MemberReference@Assignment@=
manipulacao_array,Manipulação de arrays,502,70,int,i,0.1576,30,271,int@BasicType@VariableDeclaration@ForControl@MemberReference@i
manipulacao_array,Manipulação de arrays,494,43,int,==,0.1575,14,259,int@BasicType@FormalParameter@MethodDeclaration@IfStatement@BinaryOperation@==
manipulacao_array,Manipulação de arrays,494,67,nums,+,0.1571,12,228,nums@MemberReference@BinaryOperation@MemberReference@ArraySelector@BinaryOper...
manipulacao_array,Manipulação de arrays,494,106,int,-,0.1564,8,228,int@BasicType@VariableDeclaration@VariableDeclarator@BinaryOperation@-
manipulacao_array,Manipulação de arrays,502,51,i,=,0.1564,32,115,i@MemberReference@ArraySelector@MemberReference@Assignment@=
manipulacao_array,Manipulação de arrays,502,112,i,=,0.1537,12,217,i@MemberReference@ForControl@ForStatement@BlockStatement@StatementExpression@...
manipulacao_array,Manipulação de arrays,502,64,%,0,0.1525,87,234,%@BinaryOperation@BinaryOperation@Literal@0
manipulacao_array,Manipulação de arrays,494,104,int,+,0.152,7,207,int@BasicType@VariableDeclaration@VariableDeclarator@BinaryOperation@+
manipulacao_array,Manipulação de arrays,502,118,int,shifted,0.152,5,146,<PAD/UNK>
manipulacao_array,Manipulação de arrays,494,43,int,2,0.1518,15,259,int@BasicType@ArrayCreator@Literal@2
manipulacao_array,Manipulação de arrays,502,70,nums,2,0.1515,5,271,nums@MemberReference@BinaryOperation@ArraySelector@MemberReference@BinaryOper...
manipulacao_array,Manipulação de arrays,494,104,+,7,0.1506,5,207,+@BinaryOperation@ArraySelector@MemberReference@BinaryOperation@Literal@7
manipulacao_array,Manipulação de arrays,494,107,int,clump,0.1504,19,354,int@BasicType@FormalParameter@MethodDeclaration@LocalVariableDeclaration@Vari...
manipulacao_array,Manipulação de arrays,494,104,int,>=,0.1501,9,207,int@BasicType@LocalVariableDeclaration@MethodDeclaration@ForStatement@ForCont...
manipulacao_array,Manipulação de arrays,494,43,int,front,0.1494,14,259,int@BasicType@LocalVariableDeclaration@VariableDeclarator@front
manipulacao_array,Manipulação de arrays,502,70,==,2,0.1493,5,271,==@BinaryOperation@IfStatement@BlockStatement@IfStatement@BinaryOperation@Lit...
manipulacao_array,Manipulação de arrays,502,70,i,=,0.1489,15,271,i@MemberReference@BinaryOperation@ArraySelector@MemberReference@Assignment@=
manipulacao_array,Manipulação de arrays,494,108,int,0,0.1486,5,311,int@BasicType@LocalVariableDeclaration@MethodDeclaration@LocalVariableDeclara...
manipulacao_array,Manipulação de arrays,502,112,i,=,0.1473,7,217,i@MemberReference@BinaryOperation@ArraySelector@MemberReference@Assignment@=
manipulacao_array,Manipulação de arrays,494,49,int,val,0.1472,10,120,int@BasicType@FormalParameter@val
manipulacao_array,Manipulação de arrays,494,106,int,begin,0.1469,5,228,<PAD/UNK>
manipulacao_array,Manipulação de arrays,494,49,int,>=,0.146,5,120,<PAD/UNK>
manipulacao_array,Manipulação de arrays,494,108,int,<PAD/UNK>,0.1456,67,311,<PAD/UNK>
manipulacao_array,Manipulação de arrays,494,43,int,2,0.1447,5,259,int@BasicType@VariableDeclaration@ForControl@BinaryOperation@Literal@2
manipulacao_array,Manipulação de arrays,494,108,1,=,0.1428,51,311,1@Literal@BinaryOperation@ArraySelector@MemberReference@Assignment@=
manipulacao_array,Manipulação de arrays,502,118,i,=,0.1424,16,146,i@MemberReference@ForControl@ForStatement@BlockStatement@StatementExpression@...
manipulacao_array,Manipulação de arrays,494,46,int,val,0.1422,73,172,int@BasicType@FormalParameter@MethodDeclaration@FormalParameter@val
manipulacao_array,Manipulação de arrays,494,106,int,len,0.1419,7,228,int@BasicType@VariableDeclaration@ForControl@BinaryOperation@MemberReference@len
manipulacao_array,Manipulação de arrays,502,48,nums,add,0.1417,7,170,nums@MemberReference@StatementExpression@BlockStatement@StatementExpression@M...
manipulacao_array,Manipulação de arrays,502,48,int,0,0.1411,10,170,int@BasicType@FormalParameter@MethodDeclaration@LocalVariableDeclaration@Vari...
manipulacao_array,Manipulação de arrays,502,48,int,nums,0.1411,6,170,int@BasicType@LocalVariableDeclaration@VariableDeclarator@MemberReference@nums
manipulacao_array,Manipulação de arrays,494,67,int,false,0.1403,5,228,int@BasicType@FormalParameter@MethodDeclaration@LocalVariableDeclaration@Vari...
manipulacao_array,Manipulação de arrays,502,48,nums,1,0.1402,5,170,<PAD/UNK>
manipulacao_array,Manipulação de arrays,494,44,nums,=,0.1398,7,88,<PAD/UNK>
manipulacao_array,Manipulação de arrays,494,106,int,+,0.138,14,228,int@BasicType@VariableDeclaration@VariableDeclarator@BinaryOperation@+
manipulacao_array,Manipulação de arrays,502,48,nums,=,0.138,10,170,nums@MemberReference@BinaryOperation@IfStatement@BlockStatement@StatementExpr...
manipulacao_array,Manipulação de arrays,494,43,int,=,0.1366,5,259,int@BasicType@FormalParameter@MethodDeclaration@ForStatement@StatementExpress...
manipulacao_array,Manipulação de arrays,502,64,%,5,0.1366,19,234,%@BinaryOperation@Literal@5
manipulacao_array,Manipulação de arrays,502,57,int,nums,0.1366,7,54,int@BasicType@LocalVariableDeclaration@VariableDeclarator@MemberReference@nums
manipulacao_array,Manipulação de arrays,494,46,int,false,0.1357,19,172,int@BasicType@FormalParameter@MethodDeclaration@LocalVariableDeclaration@Vari...
manipulacao_array,Manipulação de arrays,502,70,nums,=,0.135,15,271,nums@FormalParameter@MethodDeclaration@ForStatement@BlockStatement@IfStatemen...
manipulacao_array,Manipulação de arrays,494,49,++,=,0.1349,13,120,++@MemberReference@ForControl@ForStatement@BlockStatement@StatementExpression...
manipulacao_array,Manipulação de arrays,502,118,1,=,0.1346,58,146,1@Literal@BinaryOperation@ArraySelector@MemberReference@Assignment@=
manipulacao_array,Manipulação de arrays,502,64,array,=,0.1344,7,234,<PAD/UNK>
manipulacao_array,Manipulação de arrays,502,51,nums,0,0.1343,6,115,<PAD/UNK>
manipulacao_array,Manipulação de arrays,494,67,nums,7,0.1322,6,228,<PAD/UNK>
manipulacao_array,Manipulação de arrays,494,106,int,-,0.1319,13,228,int@BasicType@LocalVariableDeclaration@MethodDeclaration@LocalVariableDeclara...
manipulacao_array,Manipulação de arrays,494,107,int,cur,0.1307,10,354,int@BasicType@LocalVariableDeclaration@VariableDeclarator@cur
manipulacao_array,Manipulação de arrays,502,70,i,1,0.1305,25,271,i@MemberReference@BinaryOperation@BinaryOperation@Literal@1
manipulacao_array,Manipulação de arrays,494,106,int,1,0.1293,14,228,int@BasicType@LocalVariableDeclaration@VariableDeclarator@BinaryOperation@Lit...
manipulacao_array,Manipulação de arrays,494,46,val,==,0.1293,14,172,val@MemberReference@BinaryOperation@BinaryOperation@BinaryOperation@==
manipulacao_array,Manipulação de arrays,494,46,int,val,0.1288,41,172,int@BasicType@FormalParameter@val
manipulacao_array,Manipulação de arrays,494,46,int,n,0.1287,6,172,<PAD/UNK>
manipulacao_array,Manipulação de arrays,502,48,int,<PAD/UNK>,0.1283,13,170,<PAD/UNK>
manipulacao_array,Manipulação de arrays,494,67,+,7,0.1282,27,228,+@BinaryOperation@ArraySelector@MemberReference@BinaryOperation@Literal@7
manipulacao_array,Manipulação de arrays,502,118,i,=,0.1282,10,146,i@MemberReference@BinaryOperation@ArraySelector@MemberReference@Assignment@=
manipulacao_array,Manipulação de arrays,502,64,int,<PAD/UNK>,0.1281,85,234,<PAD/UNK>
manipulacao_array,Manipulação de arrays,502,64,int,ar,0.1281,34,234,<PAD/UNK>
manipulacao_array,Manipulação de arrays,502,51,!=,0,0.1276,6,115,!=@BinaryOperation@Literal@0
manipulacao_array,Manipulação de arrays,502,64,==,"""Buzz""",0.1263,10,234,<PAD/UNK>
manipulacao_array,Manipulação de arrays,502,70,||,=,0.1261,6,271,||@BinaryOperation@IfStatement@BlockStatement@StatementExpression@Assignment@=
manipulacao_array,Manipulação de arrays,502,57,int,<PAD/UNK>,0.126,8,54,<PAD/UNK>
manipulacao_array,Manipulação de arrays,494,43,int,<PAD/UNK>,0.1258,60,259,<PAD/UNK>
manipulacao_array,Manipulação de arrays,502,48,i,1,0.1248,6,170,i@MemberReference@BinaryOperation@BinaryOperation@Literal@1
manipulacao_array,Manipulação de arrays,502,118,int,<PAD/UNK>,0.1247,13,146,<PAD/UNK>
manipulacao_array,Manipulação de arrays,494,106,int,a,0.1242,6,228,int@BasicType@FormalParameter@MethodDeclaration@LocalVariableDeclaration@Vari...
manipulacao_array,Manipulação de arrays,494,43,int,front,0.1232,11,259,<PAD/UNK>
manipulacao_array,Manipulação de arrays,494,108,int,fives,0.1231,27,311,<PAD/UNK>
manipulacao_array,Manipulação de arrays,502,48,int,adding,0.1226,16,170,<PAD/UNK>
manipulacao_array,Manipulação de arrays,502,70,nums,=,0.1215,6,271,nums@MemberReference@BinaryOperation@Assignment@=
manipulacao_array,Manipulação de arrays,494,49,int,length,0.1208,6,120,int@BasicType@LocalVariableDeclaration@VariableDeclarator@MemberReference@length
manipulacao_array,Manipulação de arrays,494,108,int,four,0.1208,14,311,<PAD/UNK>
manipulacao_array,Manipulação de arrays,494,107,nums,a,0.1208,7,354,<PAD/UNK>
manipulacao_array,Manipulação de arrays,502,64,i,=,0.1208,13,234,i@MemberReference@BinaryOperation@ArraySelector@MemberReference@Assignment@=
manipulacao_array,Manipulação de arrays,502,112,int,1,0.1194,12,217,int@BasicType@VariableDeclaration@VariableDeclarator@Literal@1
manipulacao_array,Manipulação de arrays,494,107,int,a,0.1186,5,354,int@BasicType@VariableDeclaration@ForControl@BinaryOperation@MemberReference@a
manipulacao_array,Manipulação de arrays,502,112,int,<PAD/UNK>,0.1172,25,217,<PAD/UNK>
manipulacao_array,Manipulação de arrays,494,107,int,isClump,0.1158,7,354,int@BasicType@LocalVariableDeclaration@MethodDeclaration@LocalVariableDeclara...
manipulacao_array,Manipulação de arrays,494,67,nums,==,0.1154,23,228,nums@FormalParameter@MethodDeclaration@IfStatement@BinaryOperation@==
manipulacao_array,Manipulação de arrays,494,106,int,<PAD/UNK>,0.1153,76,228,<PAD/UNK>
manipulacao_array,Manipulação de arrays,502,48,nums,add,0.1152,9,170,<PAD/UNK>
manipulacao_array,Manipulação de arrays,494,43,int,=,0.1151,16,259,int@BasicType@ArrayCreator@Assignment@=
manipulacao_array,Manipulação de arrays,502,48,int,i,0.1151,28,170,int@BasicType@VariableDeclaration@ForControl@MemberReference@i
manipulacao_array,Manipulação de arrays,494,49,int,length,0.115,9,120,int@BasicType@FormalParameter@MethodDeclaration@IfStatement@BinaryOperation@M...
manipulacao_array,Manipulação de arrays,502,112,j,=,0.1147,13,217,j@MemberReference@BinaryOperation@ArraySelector@MemberReference@Assignment@=
manipulacao_array,Manipulação de arrays,494,43,int,nums,0.1142,5,259,<PAD/UNK>
manipulacao_array,Manipulação de arrays,502,64,%,<PAD/UNK>,0.1139,10,234,<PAD/UNK>
manipulacao_array,Manipulação de arrays,502,51,int,i,0.1136,13,115,int@BasicType@VariableDeclaration@ForControl@MemberReference@i
manipulacao_array,Manipulação de arrays,494,46,int,0,0.1131,5,172,int@BasicType@FormalParameter@MethodDeclaration@IfStatement@BinaryOperation@L...
manipulacao_array,Manipulação de arrays,494,107,int,clumps,0.113,23,354,int@BasicType@FormalParameter@MethodDeclaration@LocalVariableDeclaration@Vari...
manipulacao_array,Manipulação de arrays,502,64,i,=,0.1129,6,234,i@MemberReference@MethodInvocation@Assignment@=
manipulacao_array,Manipulação de arrays,502,51,nums,=,0.1127,10,115,nums@MemberReference@Assignment@=
manipulacao_array,Manipulação de arrays,494,43,int,=,0.1119,14,259,int@BasicType@LocalVariableDeclaration@BlockStatement@StatementExpression@Ass...
manipulacao_array,Manipulação de arrays,494,108,int,nums,0.1115,13,311,int@BasicType@FormalParameter@MethodDeclaration@ReturnStatement@MemberReferen...
manipulacao_array,Manipulação de arrays,494,43,nums,=,0.1114,12,259,nums@FormalParameter@MethodDeclaration@IfStatement@BlockStatement@StatementEx...
manipulacao_array,Manipulação de arrays,494,107,nums,==,0.1105,7,354,nums@MemberReference@BinaryOperation@BinaryOperation@BinaryOperation@==
manipulacao_array,Manipulação de arrays,494,106,++,=,0.11,11,228,++@MemberReference@ForControl@ForStatement@BlockStatement@StatementExpression...
manipulacao_array,Manipulação de arrays,494,49,nums,val,0.1097,7,120,nums@MemberReference@BinaryOperation@MemberReference@val
manipulacao_array,Manipulação de arrays,502,112,int,i,0.1092,39,217,int@BasicType@VariableDeclaration@ForControl@MemberReference@i
manipulacao_array,Manipulação de arrays,502,118,left,=,0.1091,15,146,left@MemberReference@Assignment@=
manipulacao_array,Manipulação de arrays,502,70,<PAD/UNK>,!=,0.109,5,271,<PAD/UNK>
manipulacao_array,Manipulação de arrays,502,51,==,=,0.1079,11,115,==@BinaryOperation@IfStatement@IfStatement@BlockStatement@StatementExpression...
manipulacao_array,Manipulação de arrays,502,70,nums,2,0.1071,5,271,nums@MemberReference@BinaryOperation@BinaryOperation@BinaryOperation@BinaryOp...
manipulacao_array,Manipulação de arrays,502,118,nums,=,0.1064,5,146,nums@MemberReference@VariableDeclarator@LocalVariableDeclaration@BlockStateme...
manipulacao_array,Manipulação de arrays,502,48,10,=,0.1063,12,170,10@Literal@BinaryOperation@IfStatement@BlockStatement@StatementExpression@Ass...
manipulacao_array,Manipulação de arrays,502,70,nums,!=,0.106,5,271,nums@MemberReference@BinaryOperation@BinaryOperation@BinaryOperation@!=
manipulacao_array,Manipulação de arrays,502,57,i,=,0.1053,6,54,i@MemberReference@Assignment@=
manipulacao_array,Manipulação de arrays,494,106,int,two,0.1049,5,228,int@BasicType@FormalParameter@MethodDeclaration@LocalVariableDeclaration@Vari...
manipulacao_array,Manipulação de arrays,502,70,2,=,0.1048,24,271,<PAD/UNK>
manipulacao_array,Manipulação de arrays,502,70,i,=,0.1047,7,271,<PAD/UNK>
manipulacao_array,Manipulação de arrays,502,48,+,1,0.104,5,170,+@BinaryOperation@Literal@1
manipulacao_array,Manipulação de arrays,494,43,int,0,0.1036,6,259,int@BasicType@LocalVariableDeclaration@MethodDeclaration@IfStatement@BinaryOp...
manipulacao_array,Manipulação de arrays,502,64,int,i,0.1032,9,234,int@BasicType@VariableDeclaration@ForControl@MemberReference@i
manipulacao_array,Manipulação de arrays,502,118,==,left,0.1032,12,146,<PAD/UNK>
manipulacao_array,Manipulação de arrays,502,64,%,array,0.101,18,234,<PAD/UNK>
manipulacao_array,Manipulação de arrays,494,44,int,nums,0.1007,6,88,<PAD/UNK>
manipulacao_array,Manipulação de arrays,494,46,nums,val,0.0997,40,172,nums@MemberReference@BinaryOperation@MemberReference@val
manipulacao_array,Manipulação de arrays,494,104,int,max,0.0995,5,207,int@BasicType@LocalVariableDeclaration@VariableDeclarator@max
manipulacao_array,Manipulação de arrays,494,46,int,length,0.099,5,172,int@BasicType@FormalParameter@MethodDeclaration@IfStatement@BinaryOperation@M...
manipulacao_array,Manipulação de arrays,502,70,int,0,0.0988,17,271,int@BasicType@VariableDeclaration@VariableDeclarator@Literal@0
manipulacao_array,Manipulação de arrays,502,64,valueOf,=,0.0988,5,234,<PAD/UNK>
manipulacao_array,Manipulação de arrays,502,51,==,=,0.0976,6,115,==@BinaryOperation@IfStatement@BlockStatement@StatementExpression@Assignment@=
manipulacao_array,Manipulação de arrays,502,112,a,result,0.0969,7,217,<PAD/UNK>
manipulacao_array,Manipulação de arrays,502,70,int,0,0.0966,21,271,int@BasicType@FormalParameter@MethodDeclaration@LocalVariableDeclaration@Vari...
manipulacao_array,Manipulação de arrays,502,112,int,count,0.0966,22,217,int@BasicType@LocalVariableDeclaration@VariableDeclarator@count
manipulacao_array,Manipulação de arrays,502,48,nums,i,0.0965,18,170,nums@FormalParameter@MethodDeclaration@ForStatement@ForControl@MemberReference@i
manipulacao_array,Manipulação de arrays,494,49,nums,!=,0.0961,6,120,nums@FormalParameter@MethodDeclaration@ForStatement@BlockStatement@IfStatemen...
manipulacao_array,Manipulação de arrays,494,107,int,value,0.0961,8,354,<PAD/UNK>
manipulacao_array,Manipulação de arrays,502,112,i,1,0.0941,6,217,i@MemberReference@BinaryOperation@BinaryOperation@Literal@1
manipulacao_array,Manipulação de arrays,502,118,int,i,0.0939,26,146,int@BasicType@VariableDeclaration@ForControl@MemberReference@i
manipulacao_array,Manipulação de arrays,502,118,nums,=,0.0938,7,146,nums@FormalParameter@MethodDeclaration@ForStatement@BlockStatement@StatementE...
manipulacao_array,Manipulação de arrays,502,57,int,j,0.0934,6,54,<PAD/UNK>
manipulacao_array,Manipulação de arrays,494,108,++,=,0.0932,9,311,++@MemberReference@ForControl@ForStatement@BlockStatement@StatementExpression...
manipulacao_array,Manipulação de arrays,502,118,i,1,0.0931,9,146,i@MemberReference@BinaryOperation@BinaryOperation@Literal@1
manipulacao_array,Manipulação de arrays,502,48,nums,!=,0.0931,8,170,nums@FormalParameter@MethodDeclaration@ForStatement@BlockStatement@IfStatemen...
manipulacao_array,Manipulação de arrays,494,43,int,length,0.0927,14,259,int@BasicType@FormalParameter@MethodDeclaration@IfStatement@BinaryOperation@M...
manipulacao_array,Manipulação de arrays,502,64,int,0,0.0921,16,234,int@BasicType@VariableDeclaration@VariableDeclarator@Literal@0
manipulacao_array,Manipulação de arrays,494,44,int,<,0.0912,24,88,int@BasicType@FormalParameter@MethodDeclaration@ForStatement@ForControl@Binar...
manipulacao_array,Manipulação de arrays,502,64,i,=,0.0911,16,234,i@MemberReference@Assignment@=
manipulacao_array,Manipulação de arrays,494,41,int,x,0.0907,5,51,int@BasicType@VariableDeclaration@VariableDeclarator@x
manipulacao_array,Manipulação de arrays,494,67,nums,7,0.0896,52,228,nums@MemberReference@BinaryOperation@Literal@7
manipulacao_array,Manipulação de arrays,494,107,int,nums,0.0884,46,354,int@BasicType@FormalParameter@nums
manipulacao_array,Manipulação de arrays,494,67,nums,==,0.0881,24,228,nums@FormalParameter@MethodDeclaration@ForStatement@BlockStatement@IfStatemen...
manipulacao_array,Manipulação de arrays,502,51,int,0,0.0875,6,115,int@BasicType@VariableDeclaration@VariableDeclarator@Literal@0
manipulacao_array,Manipulação de arrays,502,51,int,i,0.0872,6,115,int@BasicType@LocalVariableDeclaration@MethodDeclaration@ForStatement@ForCont...
manipulacao_array,Manipulação de arrays,502,64,==,%,0.0871,8,234,==@BinaryOperation@BinaryOperation@BinaryOperation@BinaryOperation@%
manipulacao_array,Manipulação de arrays,494,43,nums,=,0.0868,9,259,nums@FormalParameter@MethodDeclaration@ForStatement@StatementExpression@Assig...
manipulacao_array,Manipulação de arrays,502,64,end,=,0.0864,7,234,end@FormalParameter@MethodDeclaration@ForStatement@BlockStatement@StatementEx...
manipulacao_array,Manipulação de arrays,494,108,int,<,0.0863,30,311,int@BasicType@FormalParameter@MethodDeclaration@ForStatement@ForControl@Binar...
manipulacao_array,Manipulação de arrays,502,112,seriesUp,2,0.085,13,217,seriesUp@MethodDeclaration@LocalVariableDeclaration@VariableDeclarator@ArrayC...
manipulacao_array,Manipulação de arrays,502,70,+,1,0.0849,42,271,+@BinaryOperation@Literal@1
manipulacao_array,Manipulação de arrays,494,67,int,7,0.0844,23,228,int@BasicType@FormalParameter@MethodDeclaration@IfStatement@BinaryOperation@L...
manipulacao_array,Manipulação de arrays,502,70,nums,i,0.084,23,271,nums@FormalParameter@MethodDeclaration@ForStatement@ForControl@VariableDeclar...
manipulacao_array,Manipulação de arrays,502,70,%,=,0.0836,25,271,%@BinaryOperation@BinaryOperation@IfStatement@BlockStatement@StatementExpress...
manipulacao_array,Manipulação de arrays,494,43,1,==,0.0831,6,259,1@Literal@BinaryOperation@IfStatement@MethodDeclaration@IfStatement@BinaryOpe...
manipulacao_array,Manipulação de arrays,494,108,int,5,0.083,6,311,int@BasicType@LocalVariableDeclaration@BlockStatement@StatementExpression@Ass...
manipulacao_array,Manipulação de arrays,502,118,int,nums,0.083,14,146,int@BasicType@LocalVariableDeclaration@VariableDeclarator@MemberReference@nums
manipulacao_array,Manipulação de arrays,502,112,int,1,0.0828,44,217,int@BasicType@ArrayCreator@BinaryOperation@BinaryOperation@BinaryOperation@Li...
manipulacao_array,Manipulação de arrays,494,46,nums,==,0.0822,14,172,nums@FormalParameter@MethodDeclaration@ForStatement@BlockStatement@IfStatemen...
manipulacao_array,Manipulação de arrays,502,64,valueOf,=,0.0822,5,234,valueOf@MethodInvocation@Assignment@=
manipulacao_array,Manipulação de arrays,494,44,=,=,0.0821,5,88,=@Assignment@StatementExpression@BlockStatement@StatementExpression@Assignment@=
manipulacao_array,Manipulação de arrays,502,64,nums,=,0.0815,5,234,nums@MemberReference@Assignment@=
manipulacao_array,Manipulação de arrays,494,107,int,n,0.081,11,354,int@BasicType@LocalVariableDeclaration@VariableDeclarator@BinaryOperation@Mem...
manipulacao_array,Manipulação de arrays,494,106,int,-,0.0806,6,228,int@BasicType@FormalParameter@MethodDeclaration@LocalVariableDeclaration@Vari...
manipulacao_array,Manipulação de arrays,502,118,nums,i,0.0803,9,146,nums@FormalParameter@MethodDeclaration@ForStatement@ForControl@MemberReference@i
manipulacao_array,Manipulação de arrays,502,48,int,0,0.0798,24,170,int@BasicType@VariableDeclaration@VariableDeclarator@Literal@0
manipulacao_array,Manipulação de arrays,502,118,int,end,0.0796,6,146,<PAD/UNK>
manipulacao_array,Manipulação de arrays,494,108,int,fourCount,0.0794,8,311,<PAD/UNK>
manipulacao_array,Manipulação de arrays,494,49,nums,==,0.0793,5,120,nums@FormalParameter@MethodDeclaration@IfStatement@BinaryOperation@==
manipulacao_array,Manipulação de arrays,502,64,<PAD/UNK>,"""Buzz""",0.0792,9,234,<PAD/UNK>
manipulacao_array,Manipulação de arrays,494,67,has77,==,0.0791,5,228,<PAD/UNK>
manipulacao_array,Manipulação de arrays,502,70,nums,1,0.0786,15,271,nums@MemberReference@BinaryOperation@Literal@1
manipulacao_array,Manipulação de arrays,502,112,int,sum,0.0778,6,217,int@BasicType@LocalVariableDeclaration@VariableDeclarator@sum
manipulacao_array,Manipulação de arrays,502,64,%,=,0.0777,15,234,%@BinaryOperation@BinaryOperation@IfStatement@BlockStatement@StatementExpress...
manipulacao_array,Manipulação de arrays,494,44,nums,=,0.0776,14,88,nums@FormalParameter@MethodDeclaration@IfStatement@BlockStatement@StatementEx...
manipulacao_array,Manipulação de arrays,502,112,int,0,0.0767,11,217,int@BasicType@VariableDeclaration@VariableDeclarator@Literal@0
manipulacao_array,Manipulação de arrays,502,118,int,1,0.0765,8,146,int@BasicType@VariableDeclaration@VariableDeclarator@Literal@1
manipulacao_array,Manipulação de arrays,502,112,==,result,0.0763,8,217,<PAD/UNK>
manipulacao_array,Manipulação de arrays,494,49,int,nums,0.0762,8,120,int@BasicType@FormalParameter@nums
manipulacao_array,Manipulação de arrays,494,46,int,2,0.0761,7,172,int@BasicType@VariableDeclaration@ForControl@BinaryOperation@BinaryOperation@...
manipulacao_array,Manipulação de arrays,494,43,int,add,0.0758,7,259,<PAD/UNK>
manipulacao_array,Manipulação de arrays,502,118,int,1,0.0758,13,146,int@BasicType@ArrayCreator@BinaryOperation@BinaryOperation@BinaryOperation@Li...
manipulacao_array,Manipulação de arrays,494,104,int,c,0.0756,6,207,<PAD/UNK>
manipulacao_array,Manipulação de arrays,494,104,zeroMax,<PAD/UNK>,0.075,13,207,<PAD/UNK>
manipulacao_array,Manipulação de arrays,494,108,=,=,0.0748,27,311,=@Assignment@StatementExpression@BlockStatement@StatementExpression@Assignment@=
manipulacao_array,Manipulação de arrays,494,104,int,newArray,0.0746,6,207,int@BasicType@LocalVariableDeclaration@VariableDeclarator@newArray
manipulacao_array,Manipulação de arrays,494,43,=,=,0.0744,13,259,=@Assignment@StatementExpression@BlockStatement@StatementExpression@Assignment@=
manipulacao_array,Manipulação de arrays,494,67,int,nums,0.0739,18,228,int@BasicType@FormalParameter@nums
manipulacao_array,Manipulação de arrays,494,43,int,length,0.0735,9,259,int@BasicType@LocalVariableDeclaration@MethodDeclaration@IfStatement@BinaryOp...
manipulacao_array,Manipulação de arrays,494,46,int,countEvens,0.0733,9,172,int@BasicType@MethodDeclaration@countEvens
manipulacao_array,Manipulação de arrays,494,49,int,0,0.0726,11,120,int@BasicType@FormalParameter@MethodDeclaration@IfStatement@BinaryOperation@L...
manipulacao_array,Manipulação de arrays,494,44,nums,=,0.0725,5,88,nums@FormalParameter@MethodDeclaration@ForStatement@BlockStatement@IfStatemen...
manipulacao_array,Manipulação de arrays,502,112,len,i,0.0721,9,217,<PAD/UNK>
manipulacao_array,Manipulação de arrays,494,46,int,boolean,0.0719,15,172,int@BasicType@FormalParameter@MethodDeclaration@LocalVariableDeclaration@Basi...
manipulacao_array,Manipulação de arrays,502,112,+,1,0.0719,12,217,+@BinaryOperation@Literal@1
manipulacao_array,Manipulação de arrays,502,64,%,0,0.0715,6,234,%@BinaryOperation@BinaryOperation@IfStatement@IfStatement@BinaryOperation@Lit...
manipulacao_array,Manipulação de arrays,502,70,nums,i,0.0712,36,271,nums@FormalParameter@MethodDeclaration@ForStatement@ForControl@MemberReference@i
manipulacao_array,Manipulação de arrays,494,107,<,1,0.0711,12,354,<@BinaryOperation@BinaryOperation@Literal@1
manipulacao_array,Manipulação de arrays,502,51,%,=,0.0711,10,115,%@BinaryOperation@BinaryOperation@IfStatement@BlockStatement@StatementExpress...
manipulacao_array,Manipulação de arrays,494,44,countEvens,==,0.0708,10,88,<PAD/UNK>
manipulacao_array,Manipulação de arrays,502,48,nums,i,0.0708,14,170,nums@FormalParameter@MethodDeclaration@ForStatement@ForControl@VariableDeclar...
manipulacao_array,Manipulação de arrays,494,67,int,nums,0.0698,14,228,int@BasicType@VariableDeclaration@ForControl@BinaryOperation@BinaryOperation@...
manipulacao_array,Manipulação de arrays,494,67,nums,!=,0.0696,5,228,nums@FormalParameter@MethodDeclaration@ForStatement@BlockStatement@IfStatemen...
manipulacao_array,Manipulação de arrays,494,106,int,boolean,0.0693,15,228,int@BasicType@FormalParameter@MethodDeclaration@LocalVariableDeclaration@Basi...
manipulacao_array,Manipulação de arrays,502,70,arr,=,0.0692,6,271,arr@MemberReference@Assignment@=
manipulacao_array,Manipulação de arrays,494,107,1,length,0.069,11,354,1@Literal@VariableDeclarator@VariableDeclaration@ForControl@BinaryOperation@M...
manipulacao_array,Manipulação de arrays,494,107,nums,==,0.0687,46,354,nums@FormalParameter@MethodDeclaration@ForStatement@BlockStatement@IfStatemen...
manipulacao_array,Manipulação de arrays,494,107,nums,2,0.0684,5,354,nums@MemberReference@BinaryOperation@BinaryOperation@ForControl@Assignment@Li...
manipulacao_array,Manipulação de arrays,494,67,nums,2,0.0676,9,228,nums@MemberReference@BinaryOperation@Literal@2
manipulacao_array,Manipulação de arrays,502,70,nums,=,0.0669,10,271,nums@MemberReference@BinaryOperation@IfStatement@BlockStatement@StatementExpr...
manipulacao_array,Manipulação de arrays,502,64,==,result,0.0664,15,234,<PAD/UNK>
manipulacao_array,Manipulação de arrays,502,112,i,=,0.0653,8,217,i@MemberReference@Assignment@=
manipulacao_array,Manipulação de arrays,494,67,has77,==,0.0643,10,228,has77@MethodDeclaration@ForStatement@BlockStatement@IfStatement@BinaryOperati...
manipulacao_array,Manipulação de arrays,502,48,!=,10,0.0642,5,170,!=@BinaryOperation@Literal@10
manipulacao_array,Manipulação de arrays,494,106,int,length,0.0639,11,228,int@BasicType@LocalVariableDeclaration@VariableDeclarator@BinaryOperation@Mem...
manipulacao_array,Manipulação de arrays,494,104,int,maximum,0.0638,5,207,<PAD/UNK>
manipulacao_array,Manipulação de arrays,494,43,nums,==,0.0631,6,259,nums@FormalParameter@MethodDeclaration@IfStatement@BinaryOperation@==
manipulacao_array,Manipulação de arrays,502,112,int,*,0.063,7,217,int@BasicType@ArrayCreator@BinaryOperation@BinaryOperation@*
manipulacao_array,Manipulação de arrays,494,106,<,=,0.0616,10,228,<@BinaryOperation@ForControl@ForStatement@BlockStatement@StatementExpression@...
manipulacao_array,Manipulação de arrays,494,104,int,nums,0.0611,11,207,int@BasicType@VariableDeclaration@ForControl@BinaryOperation@BinaryOperation@...
manipulacao_array,Manipulação de arrays,502,48,j,=,0.0611,5,170,j@MemberReference@ArraySelector@MemberReference@Assignment@=
manipulacao_array,Manipulação de arrays,502,64,int,i,0.0608,5,234,int@BasicType@VariableDeclaration@ForControl@BinaryOperation@MemberReference@i
manipulacao_array,Manipulação de arrays,494,49,nums,==,0.0607,13,120,nums@FormalParameter@MethodDeclaration@ForStatement@BlockStatement@IfStatemen...
manipulacao_array,Manipulação de arrays,502,64,%,3,0.0606,6,234,%@BinaryOperation@Literal@3
manipulacao_array,Manipulação de arrays,494,46,val,==,0.0604,5,172,val@FormalParameter@MethodDeclaration@ForStatement@BlockStatement@IfStatement...
manipulacao_array,Manipulação de arrays,502,118,+,1,0.0603,9,146,+@BinaryOperation@Literal@1
manipulacao_array,Manipulação de arrays,494,41,nums,2,0.0601,16,51,nums@MemberReference@BinaryOperation@BinaryOperation@MemberReference@ArraySel...
manipulacao_array,Manipulação de arrays,494,49,int,length,0.0591,6,120,int@BasicType@LocalVariableDeclaration@MethodDeclaration@IfStatement@BinaryOp...
manipulacao_array,Manipulação de arrays,494,43,>=,==,0.0586,5,259,<PAD/UNK>
manipulacao_array,Manipulação de arrays,494,106,nums,==,0.058,21,228,nums@FormalParameter@MethodDeclaration@ForStatement@BlockStatement@IfStatemen...
manipulacao_array,Manipulação de arrays,494,104,nums,==,0.0578,34,207,nums@FormalParameter@MethodDeclaration@ForStatement@BlockStatement@IfStatemen...
manipulacao_array,Manipulação de arrays,494,107,int,n,0.0578,5,354,int@BasicType@FormalParameter@n
manipulacao_array,Manipulação de arrays,502,57,int,i,0.0575,5,54,int@BasicType@LocalVariableDeclaration@MethodDeclaration@ForStatement@ForCont...
manipulacao_array,Manipulação de arrays,494,106,int,n,0.0574,9,228,int@BasicType@LocalVariableDeclaration@VariableDeclarator@BinaryOperation@Mem...
manipulacao_array,Manipulação de arrays,502,70,nums,2,0.0571,26,271,nums@MemberReference@BinaryOperation@BinaryOperation@BinaryOperation@Literal@2
manipulacao_array,Manipulação de arrays,494,107,++,==,0.057,14,354,++@MemberReference@ForControl@ForStatement@BlockStatement@IfStatement@BinaryO...
manipulacao_array,Manipulação de arrays,502,112,int,h,0.0563,14,217,<PAD/UNK>
manipulacao_array,Manipulação de arrays,494,49,nums,=,0.0562,8,120,nums@FormalParameter@MethodDeclaration@ForStatement@BlockStatement@StatementE...
manipulacao_array,Manipulação de arrays,494,104,>,=,0.0561,12,207,>@BinaryOperation@BinaryOperation@IfStatement@BlockStatement@StatementExpress...
manipulacao_array,Manipulação de arrays,494,104,nums,==,0.0557,5,207,nums@MemberReference@BinaryOperation@IfStatement@BlockStatement@StatementExpr...
manipulacao_array,Manipulação de arrays,494,43,int,newNums,0.0555,9,259,int@BasicType@LocalVariableDeclaration@VariableDeclarator@newNums
manipulacao_array,Manipulação de arrays,494,43,nums,2,0.0552,22,259,nums@MemberReference@BinaryOperation@BinaryOperation@MemberReference@ArraySel...
manipulacao_array,Manipulação de arrays,502,118,nums,=,0.0549,10,146,nums@MemberReference@BinaryOperation@ArraySelector@MemberReference@Assignment@=
manipulacao_array,Manipulação de arrays,502,70,int,i,0.0543,39,271,int@BasicType@VariableDeclaration@ForControl@BinaryOperation@MemberReference@i
manipulacao_array,Manipulação de arrays,494,104,nums,2,0.0542,10,207,nums@MemberReference@BinaryOperation@Literal@2
manipulacao_array,Manipulação de arrays,494,44,nums,==,0.0539,10,88,nums@FormalParameter@MethodDeclaration@IfStatement@BinaryOperation@==
manipulacao_array,Manipulação de arrays,494,104,maximum,=,0.0539,14,207,<PAD/UNK>
manipulacao_array,Manipulação de arrays,502,64,a,start,0.0539,7,234,<PAD/UNK>
manipulacao_array,Manipulação de arrays,494,43,int,=,0.0538,9,259,int@BasicType@LocalVariableDeclaration@MethodDeclaration@StatementExpression@...
manipulacao_array,Manipulação de arrays,494,107,int,n,0.0536,6,354,int@BasicType@FormalParameter@MethodDeclaration@FormalParameter@n
manipulacao_array,Manipulação de arrays,494,104,int,nums,0.053,26,207,int@BasicType@FormalParameter@nums
manipulacao_array,Manipulação de arrays,494,44,nums,==,0.0525,6,88,nums@FormalParameter@MethodDeclaration@ForStatement@BlockStatement@IfStatemen...
manipulacao_array,Manipulação de arrays,494,67,nums,==,0.0525,15,228,nums@MemberReference@BinaryOperation@BinaryOperation@BinaryOperation@==
manipulacao_array,Manipulação de arrays,494,106,int,x,0.0523,6,228,int@BasicType@FormalParameter@MethodDeclaration@ForStatement@ForControl@Membe...
manipulacao_array,Manipulação de arrays,494,106,int,len,0.0523,11,228,int@BasicType@LocalVariableDeclaration@MethodDeclaration@LocalVariableDeclara...
manipulacao_array,Manipulação de arrays,494,107,int,length,0.0523,15,354,int@BasicType@VariableDeclaration@ForControl@BinaryOperation@BinaryOperation@...
manipulacao_array,Manipulação de arrays,494,106,int,++,0.0522,9,228,int@BasicType@VariableDeclaration@ForControl@MemberReference@++
manipulacao_array,Manipulação de arrays,494,104,int,zeroMax,0.0522,10,207,int@BasicType@MethodDeclaration@zeroMax
manipulacao_array,Manipulação de arrays,494,67,nums,7,0.0521,23,228,nums@FormalParameter@MethodDeclaration@IfStatement@BinaryOperation@Literal@7
manipulacao_array,Manipulação de arrays,494,107,<,length,0.0516,6,354,<@BinaryOperation@MemberReference@length
manipulacao_array,Manipulação de arrays,494,67,++,==,0.0514,7,228,++@MemberReference@ForControl@ForStatement@BlockStatement@IfStatement@BinaryO...
manipulacao_array,Manipulação de arrays,494,67,nums,=,0.0514,5,228,nums@MemberReference@BinaryOperation@IfStatement@BlockStatement@StatementExpr...
manipulacao_array,Manipulação de arrays,502,64,n,=,0.0512,11,234,n@FormalParameter@MethodDeclaration@ForStatement@BlockStatement@StatementExpr...
manipulacao_array,Manipulação de arrays,502,64,i,%,0.0511,6,234,i@MemberReference@BinaryOperation@BinaryOperation@BinaryOperation@BinaryOpera...
manipulacao_array,Manipulação de arrays,494,49,int,nums,0.0509,7,120,int@BasicType@VariableDeclaration@ForControl@BinaryOperation@BinaryOperation@...
manipulacao_array,Manipulação de arrays,494,104,nums,<PAD/UNK>,0.0503,10,207,<PAD/UNK>
manipulacao_array,Manipulação de arrays,494,67,int,false,0.0502,15,228,int@BasicType@FormalParameter@MethodDeclaration@ReturnStatement@Literal@false
manipulacao_array,Manipulação de arrays,502,64,++,=,0.0498,8,234,++@MemberReference@ForControl@ForStatement@BlockStatement@StatementExpression...
manipulacao_array,Manipulação de arrays,494,41,int,sum3,0.0497,5,51,<PAD/UNK>
manipulacao_array,Manipulação de arrays,494,106,int,front,0.0494,8,228,int@BasicType@FormalParameter@MethodDeclaration@LocalVariableDeclaration@Vari...
manipulacao_array,Manipulação de arrays,494,67,int,<PAD/UNK>,0.0494,7,228,<PAD/UNK>
manipulacao_array,Manipulação de arrays,494,104,int,1,0.0492,5,207,int@BasicType@VariableDeclaration@VariableDeclarator@BinaryOperation@Literal@1
manipulacao_array,Manipulação de arrays,502,64,==,<PAD/UNK>,0.0492,6,234,<PAD/UNK>
manipulacao_array,Manipulação de arrays,494,49,int,length,0.0488,5,120,int@BasicType@VariableDeclaration@ForControl@BinaryOperation@BinaryOperation@...
manipulacao_array,Manipulação de arrays,502,70,==,=,0.0483,6,271,==@BinaryOperation@IfStatement@BlockStatement@StatementExpression@Assignment@=
manipulacao_array,Manipulação de arrays,494,107,int,0,0.0482,7,354,int@BasicType@FormalParameter@MethodDeclaration@LocalVariableDeclaration@Vari...
manipulacao_array,Manipulação de arrays,494,43,nums,2,0.0481,5,259,nums@MemberReference@BinaryOperation@Literal@2
manipulacao_array,Manipulação de arrays,494,43,nums,<PAD/UNK>,0.0479,7,259,<PAD/UNK>
manipulacao_array,Manipulação de arrays,494,106,int,len,0.0478,30,228,int@BasicType@LocalVariableDeclaration@MethodDeclaration@ForStatement@ForCont...
manipulacao_array,Manipulação de arrays,502,112,int,j,0.0478,13,217,int@BasicType@VariableDeclaration@ForControl@MemberReference@j
manipulacao_array,Manipulação de arrays,502,118,int,i,0.0478,7,146,int@BasicType@VariableDeclaration@ForControl@BinaryOperation@MemberReference@i
manipulacao_array,Manipulação de arrays,494,44,int,countEvens,0.0477,8,88,int@BasicType@MethodDeclaration@countEvens
manipulacao_array,Manipulação de arrays,502,112,a,2,0.047,5,217,<PAD/UNK>
manipulacao_array,Manipulação de arrays,502,70,==,i,0.0467,14,271,==@BinaryOperation@MemberReference@ArraySelector@BinaryOperation@MemberRefere...
manipulacao_array,Manipulação de arrays,494,104,int,j,0.0466,8,207,int@BasicType@VariableDeclaration@VariableDeclarator@j
manipulacao_array,Manipulação de arrays,502,70,int,i,0.0464,20,271,int@BasicType@VariableDeclaration@VariableDeclarator@i
manipulacao_array,Manipulação de arrays,502,112,+,=,0.0461,17,217,+@BinaryOperation@Assignment@=
manipulacao_array,Manipulação de arrays,502,51,%,10,0.046,5,115,%@BinaryOperation@Literal@10
manipulacao_array,Manipulação de arrays,494,107,int,<,0.0458,5,354,int@BasicType@LocalVariableDeclaration@MethodDeclaration@ForStatement@ForCont...
manipulacao_array,Manipulação de arrays,502,70,==,<PAD/UNK>,0.0455,13,271,<PAD/UNK>
manipulacao_array,Manipulação de arrays,494,67,<,length,0.0449,5,228,<@BinaryOperation@BinaryOperation@MemberReference@length
manipulacao_array,Manipulação de arrays,502,118,nums,=,0.0448,5,146,nums@MemberReference@Assignment@=
manipulacao_array,Manipulação de arrays,502,70,<PAD/UNK>,i,0.0446,16,271,<PAD/UNK>
manipulacao_array,Manipulação de arrays,502,112,<=,=,0.0444,6,217,<=@BinaryOperation@ForControl@ForStatement@BlockStatement@StatementExpression...
manipulacao_array,Manipulação de arrays,494,41,nums,=,0.0442,7,51,nums@FormalParameter@MethodDeclaration@ForStatement@BlockStatement@StatementE...
manipulacao_array,Manipulação de arrays,494,108,int,j,0.0441,11,311,int@BasicType@FormalParameter@MethodDeclaration@LocalVariableDeclaration@Vari...
manipulacao_array,Manipulação de arrays,494,107,int,nums,0.0436,39,354,int@BasicType@VariableDeclaration@ForControl@BinaryOperation@BinaryOperation@...
manipulacao_array,Manipulação de arrays,494,43,int,nums,0.0434,20,259,int@BasicType@FormalParameter@nums
manipulacao_array,Manipulação de arrays,494,107,int,boolean,0.0434,5,354,int@BasicType@FormalParameter@MethodDeclaration@LocalVariableDeclaration@Basi...
manipulacao_array,Manipulação de arrays,494,104,++,=,0.0424,10,207,++@MemberReference@ForControl@ForStatement@BlockStatement@StatementExpression...
manipulacao_array,Manipulação de arrays,494,46,+,==,0.0421,5,172,+@BinaryOperation@BinaryOperation@BinaryOperation@BinaryOperation@==
manipulacao_array,Manipulação de arrays,494,46,nums,0,0.0417,7,172,nums@MemberReference@BinaryOperation@BinaryOperation@Literal@0
manipulacao_array,Manipulação de arrays,502,70,==,1,0.0417,8,271,==@BinaryOperation@MemberReference@ArraySelector@BinaryOperation@Literal@1
manipulacao_array,Manipulação de arrays,502,112,int,i,0.0417,20,217,int@BasicType@VariableDeclaration@ForControl@BinaryOperation@MemberReference@i
manipulacao_array,Manipulação de arrays,494,106,nums,0,0.0413,5,228,nums@MemberReference@BinaryOperation@Literal@0
manipulacao_array,Manipulação de arrays,494,43,front,==,0.041,5,259,<PAD/UNK>
manipulacao_array,Manipulação de arrays,494,106,int,n,0.0407,10,228,int@BasicType@FormalParameter@n
manipulacao_array,Manipulação de arrays,494,106,nums,==,0.0405,11,228,nums@MemberReference@BinaryOperation@BinaryOperation@BinaryOperation@==
manipulacao_array,Manipulação de arrays,494,107,int,j,0.04,16,354,int@BasicType@VariableDeclaration@VariableDeclarator@j
manipulacao_array,Manipulação de arrays,494,46,&&,==,0.0396,5,172,&&@BinaryOperation@BinaryOperation@==
manipulacao_array,Manipulação de arrays,494,107,int,nums,0.0391,5,354,int@BasicType@MethodDeclaration@FormalParameter@nums
manipulacao_array,Manipulação de arrays,494,107,int,++,0.0388,30,354,int@BasicType@VariableDeclaration@ForControl@MemberReference@++
manipulacao_array,Manipulação de arrays,494,108,nums,5,0.0384,15,311,nums@MemberReference@Assignment@Literal@5
manipulacao_array,Manipulação de arrays,494,67,<,length,0.0384,8,228,<@BinaryOperation@MemberReference@length
manipulacao_array,Manipulação de arrays,494,107,clump,=,0.0383,18,354,clump@MemberReference@Assignment@=
manipulacao_array,Manipulação de arrays,494,107,int,j,0.0383,12,354,int@BasicType@VariableDeclaration@ForControl@MemberReference@j
manipulacao_array,Manipulação de arrays,494,104,<PAD/UNK>,=,0.0379,12,207,<PAD/UNK>
manipulacao_array,Manipulação de arrays,494,43,arr,=,0.0378,6,259,<PAD/UNK>
manipulacao_array,Manipulação de arrays,494,104,int,++,0.0375,6,207,int@BasicType@VariableDeclaration@ForControl@MemberReference@++
manipulacao_array,Manipulação de arrays,502,112,int,a,0.0374,5,217,int@BasicType@VariableDeclaration@ForControl@MemberReference@a
manipulacao_array,Manipulação de arrays,502,51,int,i,0.0371,7,115,int@BasicType@VariableDeclaration@ForControl@BinaryOperation@MemberReference@i
manipulacao_array,Manipulação de arrays,494,107,clump,+,0.0366,5,354,clump@MemberReference@Assignment@BinaryOperation@+
manipulacao_array,Manipulação de arrays,494,43,<PAD/UNK>,==,0.0363,5,259,<PAD/UNK>
manipulacao_array,Manipulação de arrays,494,108,int,nums,0.0363,27,311,int@BasicType@FormalParameter@nums
manipulacao_array,Manipulação de arrays,494,41,int,nums,0.0361,14,51,int@BasicType@FormalParameter@nums
manipulacao_array,Manipulação de arrays,502,70,twoTwo,nums,0.0359,11,271,twoTwo@MethodDeclaration@FormalParameter@nums
manipulacao_array,Manipulação de arrays,494,107,nums,<,0.0354,9,354,nums@FormalParameter@MethodDeclaration@ForStatement@ForControl@BinaryOperation@<
manipulacao_array,Manipulação de arrays,502,57,int,n,0.0346,6,54,<PAD/UNK>
manipulacao_array,Manipulação de arrays,494,43,length,==,0.0344,8,259,<PAD/UNK>
manipulacao_array,Manipulação de arrays,494,106,int,nums,0.0341,14,228,int@BasicType@FormalParameter@nums
manipulacao_array,Manipulação de arrays,502,112,nums,=,0.0341,6,217,nums@MemberReference@Assignment@=
manipulacao_array,Manipulação de arrays,494,104,<,length,0.0338,7,207,<@BinaryOperation@BinaryOperation@MemberReference@length
manipulacao_array,Manipulação de arrays,494,104,int,length,0.0337,9,207,int@BasicType@VariableDeclaration@ForControl@BinaryOperation@BinaryOperation@...
manipulacao_array,Manipulação de arrays,494,104,nums,0,0.0334,7,207,nums@MemberReference@BinaryOperation@Literal@0
manipulacao_array,Manipulação de arrays,494,108,int,out,0.0326,12,311,<PAD/UNK>
manipulacao_array,Manipulação de arrays,494,108,int,nums,0.0319,23,311,int@BasicType@VariableDeclaration@ForControl@BinaryOperation@BinaryOperation@...
manipulacao_array,Manipulação de arrays,494,41,int,+,0.0316,9,51,int@BasicType@FormalParameter@MethodDeclaration@ReturnStatement@BinaryOperati...
manipulacao_array,Manipulação de arrays,494,107,<,length,0.0311,15,354,<@BinaryOperation@BinaryOperation@MemberReference@length
manipulacao_array,Manipulação de arrays,494,43,int,length,0.031,10,259,int@BasicType@LocalVariableDeclaration@VariableDeclarator@length
manipulacao_array,Manipulação de arrays,494,49,nums,=,0.0309,7,120,nums@MemberReference@BinaryOperation@Assignment@=
manipulacao_array,Manipulação de arrays,494,43,int,+,0.0305,10,259,int@BasicType@FormalParameter@MethodDeclaration@ReturnStatement@BinaryOperati...
manipulacao_array,Manipulação de arrays,494,106,d,==,0.0303,10,228,<PAD/UNK>
manipulacao_array,Manipulação de arrays,494,67,int,sum,0.0297,8,228,int@BasicType@FormalParameter@MethodDeclaration@LocalVariableDeclaration@Vari...
manipulacao_array,Manipulação de arrays,494,108,int,size,0.0295,7,311,int@BasicType@LocalVariableDeclaration@VariableDeclarator@size
manipulacao_array,Manipulação de arrays,494,49,0,=,0.0292,9,120,0@Literal@Assignment@=
manipulacao_array,Manipulação de arrays,494,46,int,length,0.0291,5,172,int@BasicType@VariableDeclaration@ForControl@BinaryOperation@BinaryOperation@...
manipulacao_array,Manipulação de arrays,502,70,i,i,0.029,5,271,i@VariableDeclarator@VariableDeclaration@ForControl@MemberReference@i
manipulacao_array,Manipulação de arrays,494,107,nums,=,0.0288,5,354,nums@FormalParameter@MethodDeclaration@ForStatement@BlockStatement@IfStatemen...
manipulacao_array,Manipulação de arrays,494,43,int,front,0.0287,6,259,int@BasicType@LocalVariableDeclaration@BlockStatement@StatementExpression@Ass...
manipulacao_array,Manipulação de arrays,502,70,+,2,0.0283,5,271,+@BinaryOperation@ArraySelector@MemberReference@BinaryOperation@Literal@2
manipulacao_array,Manipulação de arrays,494,106,int,n,0.0279,17,228,int@BasicType@FormalParameter@MethodDeclaration@FormalParameter@n
manipulacao_array,Manipulação de arrays,494,49,int,sum,0.0271,7,120,int@BasicType@FormalParameter@MethodDeclaration@LocalVariableDeclaration@Vari...
manipulacao_array,Manipulação de arrays,494,104,zeroMax,nums,0.0257,11,207,zeroMax@MethodDeclaration@FormalParameter@nums
manipulacao_array,Manipulação de arrays,494,106,nums,=,0.0254,7,228,nums@MemberReference@BinaryOperation@IfStatement@BlockStatement@StatementExpr...
manipulacao_array,Manipulação de arrays,494,108,nums,<PAD/UNK>,0.0254,5,311,<PAD/UNK>
manipulacao_array,Manipulação de arrays,494,46,<PAD/UNK>,<,0.025,5,172,<PAD/UNK>
manipulacao_array,Manipulação de arrays,494,44,nums,2,0.0245,12,88,nums@MemberReference@BinaryOperation@Literal@2
manipulacao_array,Manipulação de arrays,494,46,<,length,0.0244,12,172,<@BinaryOperation@MemberReference@length
manipulacao_array,Manipulação de arrays,494,104,nums,largeOdd,0.0242,5,207,<PAD/UNK>
manipulacao_array,Manipulação de arrays,494,107,nums,++,0.024,8,354,nums@MemberReference@BinaryOperation@BinaryOperation@ForControl@MemberReferen...
manipulacao_array,Manipulação de arrays,494,44,int,nums,0.0235,16,88,int@BasicType@FormalParameter@nums
manipulacao_array,Manipulação de arrays,494,49,<,length,0.0235,8,120,<@BinaryOperation@MemberReference@length
manipulacao_array,Manipulação de arrays,494,108,int,++,0.023,16,311,int@BasicType@VariableDeclaration@ForControl@MemberReference@++
manipulacao_array,Manipulação de arrays,494,106,int,arr,0.0229,5,228,<PAD/UNK>
manipulacao_array,Manipulação de arrays,494,108,1,5,0.0229,10,311,1@Literal@BinaryOperation@ArraySelector@MemberReference@Assignment@Literal@5
manipulacao_array,Manipulação de arrays,494,104,int,nums,0.0227,10,207,int@BasicType@MethodDeclaration@FormalParameter@nums
manipulacao_array,Manipulação de arrays,494,49,<,1,0.0225,5,120,<@BinaryOperation@BinaryOperation@Literal@1
manipulacao_array,Manipulação de arrays,494,43,int,nums,0.0218,6,259,int@BasicType@FormalParameter@MethodDeclaration@IfStatement@BinaryOperation@M...
manipulacao_array,Manipulação de arrays,494,43,nums,=,0.0215,6,259,nums@MethodInvocation@BinaryOperation@IfStatement@BlockStatement@StatementExp...
manipulacao_array,Manipulação de arrays,494,107,i,==,0.0215,6,354,<PAD/UNK>
manipulacao_array,Manipulação de arrays,494,108,int,nums,0.0198,8,311,int@BasicType@MethodDeclaration@FormalParameter@nums
manipulacao_array,Manipulação de arrays,494,106,end,length,0.0193,30,228,end@VariableDeclarator@BinaryOperation@MemberReference@length
manipulacao_array,Manipulação de arrays,494,108,int,fix45,0.0193,5,311,int@BasicType@MethodDeclaration@fix45
manipulacao_array,Manipulação de arrays,494,67,int,++,0.0193,7,228,int@BasicType@VariableDeclaration@ForControl@MemberReference@++
manipulacao_array,Manipulação de arrays,494,107,end,length,0.0186,6,354,end@VariableDeclarator@BinaryOperation@MemberReference@length
manipulacao_array,Manipulação de arrays,494,44,int,1,0.0184,7,88,int@BasicType@LocalVariableDeclaration@VariableDeclarator@BinaryOperation@Lit...
manipulacao_array,Manipulação de arrays,494,106,int,start,0.0182,24,228,int@BasicType@FormalParameter@MethodDeclaration@LocalVariableDeclaration@Vari...
manipulacao_array,Manipulação de arrays,494,67,nums,1,0.0181,6,228,nums@FormalParameter@MethodDeclaration@IfStatement@BinaryOperation@BinaryOper...
manipulacao_array,Manipulação de arrays,494,108,<,==,0.018,7,311,<@BinaryOperation@IfStatement@BlockStatement@IfStatement@BinaryOperation@==
manipulacao_array,Manipulação de arrays,494,107,int,start,0.0177,6,354,int@BasicType@FormalParameter@MethodDeclaration@LocalVariableDeclaration@Vari...
manipulacao_array,Manipulação de arrays,494,108,<,1,0.0169,6,311,<@BinaryOperation@BinaryOperation@Literal@1
manipulacao_array,Manipulação de arrays,502,112,nums,k,0.0168,5,217,<PAD/UNK>
manipulacao_array,Manipulação de arrays,494,104,int,findMaxOdd,0.0166,8,207,<PAD/UNK>
manipulacao_array,Manipulação de arrays,494,107,nums,=,0.016,29,354,nums@MemberReference@BinaryOperation@IfStatement@BlockStatement@StatementExpr...
manipulacao_array,Manipulação de arrays,494,41,sum3,+,0.0159,9,51,sum3@MethodDeclaration@ReturnStatement@BinaryOperation@BinaryOperation@+
manipulacao_array,Manipulação de arrays,494,43,sum3,+,0.0151,10,259,sum3@MethodDeclaration@ReturnStatement@BinaryOperation@BinaryOperation@+
manipulacao_array,Manipulação de arrays,494,67,1,7,0.0132,5,228,1@Literal@BinaryOperation@ArraySelector@MemberReference@BinaryOperation@Liter...
manipulacao_array,Manipulação de arrays,494,44,countEvens,==,0.0128,8,88,countEvens@MethodDeclaration@ForStatement@BlockStatement@IfStatement@BinaryOp...
manipulacao_array,Manipulação de arrays,494,108,int,-,0.0124,6,311,int@BasicType@VariableDeclaration@ForControl@BinaryOperation@BinaryOperation@-
manipulacao_array,Manipulação de arrays,494,108,<,length,0.0124,7,311,<@BinaryOperation@BinaryOperation@MemberReference@length
manipulacao_array,Manipulação de arrays,494,108,nums,=,0.0121,11,311,nums@MemberReference@BinaryOperation@IfStatement@BlockStatement@StatementExpr...
manipulacao_array,Manipulação de arrays,494,108,j,==,0.0098,5,311,j@VariableDeclarator@VariableDeclaration@ForControl@BinaryOperation@BinaryOpe...
manipulacao_array,Manipulação de arrays,494,104,int,length,0.0078,8,207,int@BasicType@LocalVariableDeclaration@VariableDeclarator@ArrayCreator@Member...
manipulacao_array,Manipulação de arrays,494,104,int,n,0.0072,7,207,int@BasicType@FormalParameter@MethodDeclaration@ForStatement@ForControl@Membe...
manipulacao_array,Manipulação de arrays,494,104,>,+,0.0049,6,207,>@BinaryOperation@MemberReference@ArraySelector@BinaryOperation@+
manipulacao_array,Manipulação de arrays,494,104,n,==,0.0045,6,207,n@MemberReference@ForControl@ForStatement@BlockStatement@IfStatement@BinaryOp...
manipulacao_string,Manipulação de strings,492,32,countCode,str,0.9634,11,448,countCode@MethodDeclaration@FormalParameter@str
manipulacao_string,Manipulação de strings,492,128,bobThere,str,0.8516,47,126,bobThere@MethodDeclaration@FormalParameter@str
manipulacao_string,Manipulação de strings,492,39,bobThere,str,0.8271,14,162,bobThere@MethodDeclaration@FormalParameter@str
manipulacao_string,Manipulação de strings,492,38,<,str,0.757,5,254,<@BinaryOperation@BinaryOperation@MethodInvocation@str
manipulacao_string,Manipulação de strings,492,39,<PAD/UNK>,str,0.7242,11,162,<PAD/UNK>
manipulacao_string,Manipulação de strings,492,33,String,a,0.7222,5,225,<PAD/UNK>
manipulacao_string,Manipulação de strings,492,38,==,str,0.6132,7,254,==@BinaryOperation@BinaryOperation@BinaryOperation@MethodInvocation@str
manipulacao_string,Manipulação de strings,492,39,xyBalance,str,0.5742,5,162,xyBalance@MethodDeclaration@ForStatement@ForControl@BinaryOperation@MethodInv...
manipulacao_string,Manipulação de strings,487,28,without2,str,0.5648,8,297,without2@MethodDeclaration@FormalParameter@str
manipulacao_string,Manipulação de strings,492,32,<,str,0.5311,9,448,<@BinaryOperation@BinaryOperation@MethodInvocation@str
manipulacao_string,Manipulação de strings,492,37,String,str,0.5074,7,104,String@ReferenceType@FormalParameter@MethodDeclaration@IfStatement@BinaryOper...
manipulacao_string,Manipulação de strings,492,31,<PAD/UNK>,str,0.4988,20,202,<PAD/UNK>
manipulacao_string,Manipulação de strings,492,32,<PAD/UNK>,str,0.4875,40,448,<PAD/UNK>
manipulacao_string,Manipulação de strings,492,34,<PAD/UNK>,str,0.4801,14,309,<PAD/UNK>
manipulacao_string,Manipulação de strings,492,34,==,str,0.4649,6,309,==@BinaryOperation@BinaryOperation@BinaryOperation@MethodInvocation@str
manipulacao_string,Manipulação de strings,492,34,zipZap,str,0.454,95,309,zipZap@MethodDeclaration@FormalParameter@str
manipulacao_string,Manipulação de strings,492,37,j,-,0.4536,5,104,<PAD/UNK>
manipulacao_string,Manipulação de strings,492,128,String,str,0.4423,5,126,String@ReferenceType@FormalParameter@MethodDeclaration@IfStatement@BinaryOper...
manipulacao_string,Manipulação de strings,492,31,<,str,0.4421,8,202,<PAD/UNK>
manipulacao_string,Manipulação de strings,492,38,'.',str,0.4364,6,254,<PAD/UNK>
manipulacao_string,Manipulação de strings,492,38,String,String,0.4354,5,254,String@ReferenceType@LocalVariableDeclaration@MethodDeclaration@LocalVariable...
manipulacao_string,Manipulação de strings,492,32,plusStr,str,0.4353,5,448,<PAD/UNK>
manipulacao_string,Manipulação de strings,492,32,String,str,0.433,19,448,String@ReferenceType@FormalParameter@MethodDeclaration@StatementExpression@As...
manipulacao_string,Manipulação de strings,487,28,length,str,0.4325,13,297,<PAD/UNK>
manipulacao_string,Manipulação de strings,502,64,a,=,0.4323,5,234,a@MemberReference@ArraySelector@MemberReference@Assignment@=
manipulacao_string,Manipulação de strings,492,38,<PAD/UNK>,str,0.4228,7,254,<PAD/UNK>
manipulacao_string,Manipulação de strings,492,39,==,str,0.4148,5,162,==@BinaryOperation@BinaryOperation@BinaryOperation@MethodInvocation@str
manipulacao_string,Manipulação de strings,487,28,length,str,0.4129,23,297,length@MethodInvocation@BinaryOperation@IfStatement@BlockStatement@ReturnStat...
manipulacao_string,Manipulação de strings,487,28,>=,=,0.4112,6,297,<PAD/UNK>
manipulacao_string,Manipulação de strings,492,39,substring,str,0.3916,7,162,<PAD/UNK>
manipulacao_string,Manipulação de strings,492,38,String,str,0.3886,9,254,String@ReferenceType@FormalParameter@MethodDeclaration@StatementExpression@As...
manipulacao_string,Manipulação de strings,492,32,<,word,0.388,5,448,<@BinaryOperation@WhileStatement@BlockStatement@StatementExpression@MethodInv...
manipulacao_string,Manipulação de strings,487,102,without2,str,0.3878,291,571,without2@MethodDeclaration@FormalParameter@str
manipulacao_string,Manipulação de strings,487,28,len,str,0.3833,6,297,<PAD/UNK>
manipulacao_string,Manipulação de strings,492,38,<,str,0.3755,5,254,<PAD/UNK>
manipulacao_string,Manipulação de strings,487,102,without2,str,0.3674,11,571,<PAD/UNK>
manipulacao_string,Manipulação de strings,492,39,String,Boolean,0.365,6,162,<PAD/UNK>
manipulacao_string,Manipulação de strings,487,102,without2,str,0.359,83,571,without2@MethodDeclaration@IfStatement@BinaryOperation@MethodInvocation@str
manipulacao_string,Manipulação de strings,502,64,%,i,0.3573,38,234,%@BinaryOperation@MemberReference@i
manipulacao_string,Manipulação de strings,492,38,-,2,0.3571,5,254,-@BinaryOperation@Literal@2
manipulacao_string,Manipulação de strings,492,37,String,x,0.356,18,104,String@ReferenceType@FormalParameter@MethodDeclaration@LocalVariableDeclarati...
manipulacao_string,Manipulação de strings,492,34,==,str,0.3511,8,309,<PAD/UNK>
manipulacao_string,Manipulação de strings,492,32,String,str,0.3493,6,448,<PAD/UNK>
manipulacao_string,Manipulação de strings,492,32,<,str,0.3315,8,448,<@BinaryOperation@ForControl@ForStatement@MethodDeclaration@ReturnStatement@M...
manipulacao_string,Manipulação de strings,492,33,String,out,0.3301,8,225,String@ReferenceType@FormalParameter@MethodDeclaration@LocalVariableDeclarati...
manipulacao_string,Manipulação de strings,492,31,1,str,0.3193,7,202,1@Literal@BinaryOperation@IfStatement@StatementExpression@MethodInvocation@Me...
manipulacao_string,Manipulação de strings,487,102,<PAD/UNK>,str,0.3183,29,571,<PAD/UNK>
manipulacao_string,Manipulação de strings,487,28,int,atFirst,0.317,12,297,<PAD/UNK>
manipulacao_string,Manipulação de strings,492,34,zipZap,str,0.3085,28,309,<PAD/UNK>
manipulacao_string,Manipulação de strings,487,102,int,fixTeen,0.3047,8,571,int@BasicType@FormalParameter@MethodDeclaration@ReturnStatement@BinaryOperati...
manipulacao_string,Manipulação de strings,487,102,0,str,0.2998,6,571,<PAD/UNK>
manipulacao_string,Manipulação de strings,492,37,String,String,0.2971,5,104,String@ReferenceType@MethodDeclaration@FormalParameter@ReferenceType@String
manipulacao_string,Manipulação de strings,487,102,length,str,0.2908,11,571,<PAD/UNK>
manipulacao_string,Manipulação de strings,502,64,%,%,0.2905,13,234,%@BinaryOperation@BinaryOperation@BinaryOperation@BinaryOperation@BinaryOpera...
manipulacao_string,Manipulação de strings,492,38,substring,str,0.2903,7,254,<PAD/UNK>
manipulacao_string,Manipulação de strings,492,38,String,str,0.2888,24,254,String@ReferenceType@FormalParameter@MethodDeclaration@IfStatement@MethodInvo...
manipulacao_string,Manipulação de strings,492,33,repeatEnd,String,0.2888,12,225,repeatEnd@MethodDeclaration@FormalParameter@ReferenceType@String
manipulacao_string,Manipulação de strings,492,34,'z',str,0.2863,6,309,<PAD/UNK>
manipulacao_string,Manipulação de strings,492,37,<PAD/UNK>,a,0.2856,6,104,<PAD/UNK>
manipulacao_string,Manipulação de strings,487,28,int,str,0.2826,24,297,int@BasicType@LocalVariableDeclaration@VariableDeclarator@MethodInvocation@str
manipulacao_string,Manipulação de strings,492,33,<PAD/UNK>,a,0.2804,22,225,<PAD/UNK>
manipulacao_string,Manipulação de strings,492,39,String,str,0.2797,65,162,String@ReferenceType@FormalParameter@str
manipulacao_string,Manipulação de strings,492,31,a,str,0.2791,5,202,<PAD/UNK>
manipulacao_string,Manipulação de strings,492,39,str,str,0.2777,16,162,str@FormalParameter@MethodDeclaration@LocalVariableDeclaration@VariableDeclar...
manipulacao_string,Manipulação de strings,492,37,String,String,0.2689,12,104,String@ReferenceType@LocalVariableDeclaration@MethodDeclaration@LocalVariable...
manipulacao_string,Manipulação de strings,502,64,==,=,0.2666,21,234,==@BinaryOperation@IfStatement@IfStatement@BlockStatement@StatementExpression...
manipulacao_string,Manipulação de strings,492,32,<,out,0.2622,6,448,<PAD/UNK>
manipulacao_string,Manipulação de strings,492,34,version,str,0.2599,6,309,<PAD/UNK>
manipulacao_string,Manipulação de strings,487,102,without2,str,0.2597,21,571,without2@MethodDeclaration@IfStatement@BinaryOperation@BinaryOperation@Method...
manipulacao_string,Manipulação de strings,492,34,String,version,0.2595,13,309,<PAD/UNK>
manipulacao_string,Manipulação de strings,487,102,without2,str,0.2565,14,571,without2@MethodDeclaration@IfStatement@ReturnStatement@MemberReference@str
manipulacao_string,Manipulação de strings,492,34,+=,str,0.2559,10,309,+=@Assignment@StatementExpression@BlockStatement@StatementExpression@Assignme...
manipulacao_string,Manipulação de strings,492,32,String,version,0.2557,27,448,<PAD/UNK>
manipulacao_string,Manipulação de strings,487,102,int,end,0.2548,5,571,<PAD/UNK>
manipulacao_string,Manipulação de strings,487,102,front,str,0.2495,14,571,<PAD/UNK>
manipulacao_string,Manipulação de strings,492,34,String,newString,0.2493,10,309,String@ReferenceType@FormalParameter@MethodDeclaration@LocalVariableDeclarati...
manipulacao_string,Manipulação de strings,492,33,<,a,0.2445,8,225,<PAD/UNK>
manipulacao_string,Manipulação de strings,492,34,<,str,0.243,8,309,<@BinaryOperation@BinaryOperation@MethodInvocation@str
manipulacao_string,Manipulação de strings,487,102,int,<PAD/UNK>,0.2428,5,571,<PAD/UNK>
manipulacao_string,Manipulação de strings,487,102,without2,str,0.2418,14,571,without2@MethodDeclaration@IfStatement@BlockStatement@IfStatement@MethodInvoc...
manipulacao_string,Manipulação de strings,492,38,String,str,0.2417,15,254,String@ReferenceType@FormalParameter@MethodDeclaration@LocalVariableDeclarati...
manipulacao_string,Manipulação de strings,487,28,length,str,0.2386,9,297,length@MemberReference@BinaryOperation@IfStatement@BlockStatement@ReturnState...
manipulacao_string,Manipulação de strings,492,34,zipZap,output,0.2382,5,309,<PAD/UNK>
manipulacao_string,Manipulação de strings,487,102,part1,str,0.237,6,571,<PAD/UNK>
manipulacao_string,Manipulação de strings,492,33,str,str,0.2346,6,225,str@FormalParameter@MethodDeclaration@LocalVariableDeclaration@VariableDeclar...
manipulacao_string,Manipulação de strings,487,102,int,goal,0.2332,12,571,int@BasicType@FormalParameter@MethodDeclaration@FormalParameter@goal
manipulacao_string,Manipulação de strings,492,33,a,append,0.2323,7,225,a@MethodInvocation@MethodInvocation@append
manipulacao_string,Manipulação de strings,487,28,string,str,0.2308,11,297,<PAD/UNK>
manipulacao_string,Manipulação de strings,502,64,%,+=,0.2304,14,234,<PAD/UNK>
manipulacao_string,Manipulação de strings,492,32,equals,str,0.2295,15,448,<PAD/UNK>
manipulacao_string,Manipulação de strings,492,38,"""xyz""",str,0.2294,6,254,<PAD/UNK>
manipulacao_string,Manipulação de strings,487,102,without2,str,0.2284,5,571,without2@MethodDeclaration@LocalVariableDeclaration@VariableDeclarator@Method...
manipulacao_string,Manipulação de strings,487,102,without2,str,0.2281,35,571,without2@MethodDeclaration@IfStatement@BlockStatement@IfStatement@BinaryOpera...
manipulacao_string,Manipulação de strings,492,31,stbuild,+,0.2276,7,202,stbuild@MethodInvocation@MethodInvocation@BinaryOperation@+
manipulacao_string,Manipulação de strings,492,33,<PAD/UNK>,lengthA,0.2275,6,225,<PAD/UNK>
manipulacao_string,Manipulação de strings,492,32,j,word,0.2251,9,448,<PAD/UNK>
manipulacao_string,Manipulação de strings,492,39,<,str,0.2241,5,162,<@BinaryOperation@BinaryOperation@MethodInvocation@str
manipulacao_string,Manipulação de strings,487,102,o,str,0.224,12,571,<PAD/UNK>
manipulacao_string,Manipulação de strings,492,32,String,word,0.2237,25,448,<PAD/UNK>
manipulacao_string,Manipulação de strings,487,102,b,str,0.2208,12,571,<PAD/UNK>
manipulacao_string,Manipulação de strings,492,34,<PAD/UNK>,a,0.2187,6,309,<PAD/UNK>
manipulacao_string,Manipulação de strings,492,37,str,str,0.2152,5,104,str@FormalParameter@MethodDeclaration@LocalVariableDeclaration@VariableDeclar...
manipulacao_string,Manipulação de strings,492,39,a,str,0.2142,10,162,a@MemberReference@Assignment@MethodInvocation@str
manipulacao_string,Manipulação de strings,487,102,a,str,0.2125,7,571,<PAD/UNK>
manipulacao_string,Manipulação de strings,492,39,==,str,0.211,54,162,==@BinaryOperation@MethodInvocation@str
manipulacao_string,Manipulação de strings,502,64,<PAD/UNK>,=,0.2098,39,234,<PAD/UNK>
manipulacao_string,Manipulação de strings,492,37,String,a,0.2069,12,104,<PAD/UNK>
manipulacao_string,Manipulação de strings,492,32,String,newString,0.2066,13,448,String@ReferenceType@FormalParameter@MethodDeclaration@LocalVariableDeclarati...
manipulacao_string,Manipulação de strings,487,102,>,str,0.2062,11,571,<PAD/UNK>
manipulacao_string,Manipulação de strings,487,102,without2,-,0.2054,14,571,<PAD/UNK>
manipulacao_string,Manipulação de strings,492,34,<=,str,0.2054,5,309,<PAD/UNK>
manipulacao_string,Manipulação de strings,487,102,&&,str,0.205,5,571,<PAD/UNK>
manipulacao_string,Manipulação de strings,492,32,String,strLength,0.2022,12,448,String@ReferenceType@FormalParameter@MethodDeclaration@LocalVariableDeclarati...
manipulacao_string,Manipulação de strings,492,33,repeatEnd,str,0.202,16,225,repeatEnd@MethodDeclaration@FormalParameter@str
manipulacao_string,Manipulação de strings,492,34,a,append,0.202,6,309,a@MethodInvocation@MethodInvocation@append
manipulacao_string,Manipulação de strings,502,64,"""Fizz""",=,0.2013,8,234,<PAD/UNK>
manipulacao_string,Manipulação de strings,492,34,&&,str,0.2008,10,309,&&@BinaryOperation@MethodInvocation@str
manipulacao_string,Manipulação de strings,502,64,count,=,0.2006,7,234,count@MemberReference@ArraySelector@MemberReference@Assignment@=
manipulacao_string,Manipulação de strings,492,39,String,x,0.2004,16,162,String@ReferenceType@FormalParameter@MethodDeclaration@LocalVariableDeclarati...
manipulacao_string,Manipulação de strings,487,28,int,c,0.2,10,297,int@BasicType@FormalParameter@MethodDeclaration@FormalParameter@c
manipulacao_string,Manipulação de strings,487,102,without2,str,0.1992,6,571,without2@MethodDeclaration@IfStatement@BlockStatement@ReturnStatement@BinaryO...
manipulacao_string,Manipulação de strings,487,28,int,<PAD/UNK>,0.1984,7,297,<PAD/UNK>
manipulacao_string,Manipulação de strings,487,102,without2,<PAD/UNK>,0.1982,21,571,<PAD/UNK>
manipulacao_string,Manipulação de strings,487,102,without2,start,0.1978,5,571,<PAD/UNK>
manipulacao_string,Manipulação de strings,492,31,repeatEnd,String,0.1976,80,202,repeatEnd@MethodDeclaration@FormalParameter@ReferenceType@String
manipulacao_string,Manipulação de strings,492,33,<=,str,0.1975,11,225,<PAD/UNK>
manipulacao_string,Manipulação de strings,492,38,str,str,0.1971,16,254,str@FormalParameter@MethodDeclaration@LocalVariableDeclaration@VariableDeclar...
manipulacao_string,Manipulação de strings,492,32,String,wor,0.1963,8,448,<PAD/UNK>
manipulacao_string,Manipulação de strings,502,64,int,a,0.1962,10,234,<PAD/UNK>
manipulacao_string,Manipulação de strings,487,102,charAt,str,0.1943,21,571,<PAD/UNK>
manipulacao_string,Manipulação de strings,487,102,without2,length,0.1939,6,571,<PAD/UNK>
manipulacao_string,Manipulação de strings,492,39,String,xposition,0.1934,7,162,<PAD/UNK>
manipulacao_string,Manipulação de strings,492,128,<,str,0.1926,7,126,<@BinaryOperation@BinaryOperation@MethodInvocation@str
manipulacao_string,Manipulação de strings,502,64,i,=,0.1923,42,234,i@MemberReference@ArraySelector@MemberReference@Assignment@=
manipulacao_string,Manipulação de strings,487,102,without2,substring,0.1922,20,571,without2@MethodDeclaration@LocalVariableDeclaration@VariableDeclarator@Method...
manipulacao_string,Manipulação de strings,492,33,String,add,0.1906,5,225,<PAD/UNK>
manipulacao_string,Manipulação de strings,487,28,int,str,0.1903,10,297,int@BasicType@LocalVariableDeclaration@MethodDeclaration@IfStatement@ReturnSt...
manipulacao_string,Manipulação de strings,487,28,<PAD/UNK>,=,0.188,8,297,<PAD/UNK>
manipulacao_string,Manipulação de strings,502,64,i,=,0.1871,27,234,i@MemberReference@ForControl@ForStatement@BlockStatement@StatementExpression@...
manipulacao_string,Manipulação de strings,492,32,<,-,0.1869,7,448,<@BinaryOperation@BinaryOperation@-
manipulacao_string,Manipulação de strings,487,28,atFirst,str,0.1868,10,297,atFirst@MethodDeclaration@IfStatement@BlockStatement@StatementExpression@Assi...
manipulacao_string,Manipulação de strings,487,28,atFirst,str,0.1849,9,297,atFirst@MethodDeclaration@IfStatement@IfStatement@BinaryOperation@MemberRefer...
manipulacao_string,Manipulação de strings,492,33,<,output,0.1841,8,225,<PAD/UNK>
manipulacao_string,Manipulação de strings,492,37,String,-,0.184,5,104,String@ReferenceType@LocalVariableDeclaration@VariableDeclarator@MethodInvoca...
manipulacao_string,Manipulação de strings,502,64,%,i,0.184,12,234,%@BinaryOperation@MemberReference@ArraySelector@MemberReference@i
manipulacao_string,Manipulação de strings,492,39,<,yposition,0.1839,5,162,<PAD/UNK>
manipulacao_string,Manipulação de strings,492,32,String,str,0.1796,15,448,String@ReferenceType@FormalParameter@MethodDeclaration@LocalVariableDeclarati...
manipulacao_string,Manipulação de strings,492,37,a,String,0.1782,18,104,a@FormalParameter@MethodDeclaration@FormalParameter@ReferenceType@String
manipulacao_string,Manipulação de strings,492,34,a,String,0.1756,7,309,a@FormalParameter@MethodDeclaration@FormalParameter@ReferenceType@String
manipulacao_string,Manipulação de strings,487,102,int,str,0.1733,44,571,int@BasicType@LocalVariableDeclaration@VariableDeclarator@MethodInvocation@str
manipulacao_string,Manipulação de strings,487,102,without2,str,0.1732,11,571,without2@MethodDeclaration@IfStatement@BlockStatement@StatementExpression@Ass...
manipulacao_string,Manipulação de strings,487,28,atFirst,str,0.1731,18,297,<PAD/UNK>
manipulacao_string,Manipulação de strings,487,102,len,str,0.1719,7,571,<PAD/UNK>
manipulacao_string,Manipulação de strings,492,32,<PAD/UNK>,word,0.1715,34,448,<PAD/UNK>
manipulacao_string,Manipulação de strings,492,39,&&,str,0.1712,5,162,&&@BinaryOperation@IfStatement@BlockStatement@IfStatement@BinaryOperation@Met...
manipulacao_string,Manipulação de strings,492,38,String,str,0.1698,75,254,String@ReferenceType@FormalParameter@str
manipulacao_string,Manipulação de strings,487,102,int,c,0.1694,14,571,int@BasicType@FormalParameter@MethodDeclaration@FormalParameter@c
manipulacao_string,Manipulação de strings,487,102,i,str,0.1674,10,571,<PAD/UNK>
manipulacao_string,Manipulação de strings,492,31,result,-,0.1674,5,202,<PAD/UNK>
manipulacao_string,Manipulação de strings,487,102,without2,str,0.1662,6,571,without2@MethodDeclaration@IfStatement@IfStatement@BinaryOperation@MethodInvo...
manipulacao_string,Manipulação de strings,487,102,substring,str,0.1646,5,571,<PAD/UNK>
manipulacao_string,Manipulação de strings,492,39,<PAD/UNK>,value,0.1641,7,162,<PAD/UNK>
manipulacao_string,Manipulação de strings,502,64,i,=,0.1629,14,234,<PAD/UNK>
manipulacao_string,Manipulação de strings,492,31,repeatEnd,str,0.1618,106,202,repeatEnd@MethodDeclaration@FormalParameter@str
manipulacao_string,Manipulação de strings,492,33,String,lengthA,0.1602,6,225,String@ReferenceType@FormalParameter@MethodDeclaration@LocalVariableDeclarati...
manipulacao_string,Manipulação de strings,492,33,<PAD/UNK>,append,0.1594,7,225,<PAD/UNK>
manipulacao_string,Manipulação de strings,487,28,atFirst,str,0.1584,6,297,atFirst@MethodDeclaration@IfStatement@BlockStatement@ReturnStatement@BinaryOp...
manipulacao_string,Manipulação de strings,492,32,String,finalStr,0.158,6,448,<PAD/UNK>
manipulacao_string,Manipulação de strings,487,102,without2,str,0.1554,28,571,without2@MethodDeclaration@IfStatement@BlockStatement@ReturnStatement@MethodI...
manipulacao_string,Manipulação de strings,487,28,atFirst,str,0.1551,62,297,atFirst@MethodDeclaration@FormalParameter@str
manipulacao_string,Manipulação de strings,492,38,==,str,0.1546,31,254,==@BinaryOperation@MethodInvocation@str
manipulacao_string,Manipulação de strings,502,64,%,0,0.1525,87,234,%@BinaryOperation@BinaryOperation@Literal@0
manipulacao_string,Manipulação de strings,492,31,String,str,0.1519,12,202,String@ReferenceType@FormalParameter@MethodDeclaration@LocalVariableDeclarati...
manipulacao_string,Manipulação de strings,492,33,String,String,0.1518,17,225,String@ReferenceType@LocalVariableDeclaration@MethodDeclaration@LocalVariable...
manipulacao_string,Manipulação de strings,492,34,String,String,0.1515,62,309,String@ReferenceType@MethodDeclaration@FormalParameter@ReferenceType@String
manipulacao_string,Manipulação de strings,487,102,without2,str,0.1509,21,571,without2@MethodDeclaration@IfStatement@BlockStatement@ReturnStatement@MemberR...
manipulacao_string,Manipulação de strings,492,38,String,-,0.1508,6,254,String@ReferenceType@FormalParameter@MethodDeclaration@LocalVariableDeclarati...
manipulacao_string,Manipulação de strings,492,32,str,str,0.1493,17,448,str@FormalParameter@MethodDeclaration@LocalVariableDeclaration@VariableDeclar...
manipulacao_string,Manipulação de strings,492,32,newStr,str,0.1492,9,448,<PAD/UNK>
manipulacao_string,Manipulação de strings,487,102,int,c,0.149,9,571,int@BasicType@FormalParameter@c
manipulacao_string,Manipulação de strings,492,37,String,endswith,0.1483,6,104,<PAD/UNK>
manipulacao_string,Manipulação de strings,492,38,=,str,0.1477,7,254,=@Assignment@StatementExpression@MethodDeclaration@IfStatement@BinaryOperatio...
manipulacao_string,Manipulação de strings,492,38,==,str,0.1466,5,254,==@BinaryOperation@IfStatement@IfStatement@BinaryOperation@MethodInvocation@str
manipulacao_string,Manipulação de strings,492,31,str,str,0.1461,21,202,str@FormalParameter@MethodDeclaration@LocalVariableDeclaration@VariableDeclar...
manipulacao_string,Manipulação de strings,487,102,without2,str,0.145,8,571,without2@MethodDeclaration@IfStatement@BlockStatement@StatementExpression@Ass...
manipulacao_string,Manipulação de strings,492,32,plusOut,word,0.1449,158,448,plusOut@MethodDeclaration@FormalParameter@word
manipulacao_string,Manipulação de strings,492,32,String,String,0.1443,56,448,String@ReferenceType@MethodDeclaration@FormalParameter@ReferenceType@String
manipulacao_string,Manipulação de strings,492,33,String,stbuild,0.144,7,225,String@ReferenceType@FormalParameter@MethodDeclaration@LocalVariableDeclarati...
manipulacao_string,Manipulação de strings,487,28,c,=,0.1435,6,297,c@FormalParameter@MethodDeclaration@IfStatement@BlockStatement@StatementExpre...
manipulacao_string,Manipulação de strings,492,32,String,stbuild,0.1434,8,448,String@ReferenceType@FormalParameter@MethodDeclaration@LocalVariableDeclarati...
manipulacao_string,Manipulação de strings,492,33,String,lenB,0.1433,5,225,String@ReferenceType@LocalVariableDeclaration@MethodDeclaration@IfStatement@B...
manipulacao_string,Manipulação de strings,492,31,-,str,0.1424,7,202,<PAD/UNK>
manipulacao_string,Manipulação de strings,492,33,output,a,0.142,7,225,<PAD/UNK>
manipulacao_string,Manipulação de strings,492,128,str,str,0.1408,11,126,str@FormalParameter@MethodDeclaration@LocalVariableDeclaration@VariableDeclar...
manipulacao_string,Manipulação de strings,492,32,i,str,0.1404,10,448,<PAD/UNK>
manipulacao_string,Manipulação de strings,492,32,plusOut,String,0.1399,185,448,plusOut@MethodDeclaration@FormalParameter@ReferenceType@String
manipulacao_string,Manipulação de strings,492,32,==,str,0.1399,25,448,==@BinaryOperation@MethodInvocation@str
manipulacao_string,Manipulação de strings,492,33,String,String,0.1397,76,225,String@ReferenceType@MethodDeclaration@FormalParameter@ReferenceType@String
manipulacao_string,Manipulação de strings,492,32,String,word,0.1396,108,448,String@ReferenceType@FormalParameter@MethodDeclaration@FormalParameter@word
manipulacao_string,Manipulação de strings,492,32,&&,str,0.1389,11,448,&&@BinaryOperation@BinaryOperation@MethodInvocation@str
manipulacao_string,Manipulação de strings,492,32,String,str,0.1385,13,448,String@ReferenceType@FormalParameter@MethodDeclaration@IfStatement@MethodInvo...
manipulacao_string,Manipulação de strings,487,102,int,str,0.1378,23,571,int@BasicType@LocalVariableDeclaration@MethodDeclaration@LocalVariableDeclara...
manipulacao_string,Manipulação de strings,492,37,String,x,0.1378,16,104,<PAD/UNK>
manipulacao_string,Manipulação de strings,492,38,count,str,0.1377,5,254,count@VariableDeclarator@LocalVariableDeclaration@MethodDeclaration@IfStateme...
manipulacao_string,Manipulação de strings,487,102,0,str,0.1366,9,571,0@Literal@MethodInvocation@IfStatement@BlockStatement@ReturnStatement@MethodI...
manipulacao_string,Manipulação de strings,502,64,%,5,0.1366,19,234,%@BinaryOperation@Literal@5
manipulacao_string,Manipulação de strings,492,39,<PAD/UNK>,=,0.1358,7,162,<PAD/UNK>
manipulacao_string,Manipulação de strings,492,38,&&,str,0.1358,8,254,&&@BinaryOperation@IfStatement@BlockStatement@IfStatement@BinaryOperation@Met...
manipulacao_string,Manipulação de strings,492,31,String,n,0.1349,73,202,String@ReferenceType@FormalParameter@MethodDeclaration@FormalParameter@n
manipulacao_string,Manipulação de strings,492,32,String,str,0.1348,10,448,String@ReferenceType@LocalVariableDeclaration@VariableDeclarator@MethodInvoca...
manipulacao_string,Manipulação de strings,502,64,array,=,0.1344,7,234,<PAD/UNK>
manipulacao_string,Manipulação de strings,487,102,atFirst,str,0.1335,5,571,atFirst@MethodDeclaration@FormalParameter@str
manipulacao_string,Manipulação de strings,492,32,String,plusString,0.1335,6,448,<PAD/UNK>
manipulacao_string,Manipulação de strings,492,32,&&,str,0.1334,5,448,&&@BinaryOperation@MethodInvocation@str
manipulacao_string,Manipulação de strings,487,102,begin,str,0.1319,32,571,<PAD/UNK>
manipulacao_string,Manipulação de strings,492,32,plusOut,+,0.1304,5,448,<PAD/UNK>
manipulacao_string,Manipulação de strings,492,32,stbuild,BreakStatement,0.1303,5,448,<PAD/UNK>
manipulacao_string,Manipulação de strings,492,34,str,str,0.1297,5,309,str@FormalParameter@MethodDeclaration@LocalVariableDeclaration@VariableDeclar...
manipulacao_string,Manipulação de strings,492,39,xyBalance,str,0.1294,75,162,xyBalance@MethodDeclaration@FormalParameter@str
manipulacao_string,Manipulação de strings,502,64,int,<PAD/UNK>,0.1281,85,234,<PAD/UNK>
manipulacao_string,Manipulação de strings,502,64,int,ar,0.1281,34,234,<PAD/UNK>
manipulacao_string,Manipulação de strings,502,64,==,"""Buzz""",0.1263,10,234,<PAD/UNK>
manipulacao_string,Manipulação de strings,487,102,length,end,0.1252,11,571,<PAD/UNK>
manipulacao_string,Manipulação de strings,487,28,i,str,0.1249,12,297,<PAD/UNK>
manipulacao_string,Manipulação de strings,492,38,String,a,0.1246,5,254,String@ReferenceType@FormalParameter@MethodDeclaration@StatementExpression@As...
manipulacao_string,Manipulação de strings,492,31,String,-,0.1243,13,202,String@ReferenceType@LocalVariableDeclaration@VariableDeclarator@MethodInvoca...
manipulacao_string,Manipulação de strings,487,28,>=,n,0.1238,7,297,<PAD/UNK>
manipulacao_string,Manipulação de strings,492,34,String,str,0.1238,38,309,String@ReferenceType@FormalParameter@str
manipulacao_string,Manipulação de strings,492,39,String,<PAD/UNK>,0.123,18,162,<PAD/UNK>
manipulacao_string,Manipulação de strings,492,33,a,String,0.1221,42,225,a@FormalParameter@MethodDeclaration@FormalParameter@ReferenceType@String
manipulacao_string,Manipulação de strings,492,31,String,String,0.1217,36,202,String@ReferenceType@MethodDeclaration@FormalParameter@ReferenceType@String
manipulacao_string,Manipulação de strings,502,64,i,=,0.1208,13,234,i@MemberReference@BinaryOperation@ArraySelector@MemberReference@Assignment@=
manipulacao_string,Manipulação de strings,492,39,'x',str,0.1207,10,162,'x'@Literal@BinaryOperation@IfStatement@IfStatement@BinaryOperation@MethodInv...
manipulacao_string,Manipulação de strings,487,102,system.out,str,0.1205,7,571,<PAD/UNK>
manipulacao_string,Manipulação de strings,492,37,String,toLowerCase,0.1204,13,104,String@ReferenceType@FormalParameter@MethodDeclaration@LocalVariableDeclarati...
manipulacao_string,Manipulação de strings,487,28,+,str,0.12,42,297,+@BinaryOperation@MemberReference@str
manipulacao_string,Manipulação de strings,492,32,String,<,0.1181,27,448,String@ReferenceType@LocalVariableDeclaration@MethodDeclaration@ForStatement@...
manipulacao_string,Manipulação de strings,492,38,xyzThere,str,0.1179,8,254,xyzThere@MethodDeclaration@ForStatement@ForControl@BinaryOperation@BinaryOper...
manipulacao_string,Manipulação de strings,492,39,<PAD/UNK>,true,0.1178,18,162,<PAD/UNK>
manipulacao_string,Manipulação de strings,492,31,String,newString,0.1171,6,202,String@ReferenceType@FormalParameter@MethodDeclaration@LocalVariableDeclarati...
manipulacao_string,Manipulação de strings,492,38,String,<,0.1155,5,254,String@ReferenceType@LocalVariableDeclaration@MethodDeclaration@ForStatement@...
manipulacao_string,Manipulação de strings,487,102,-,str,0.1153,17,571,<PAD/UNK>
manipulacao_string,Manipulação de strings,492,34,&&,2,0.1152,5,309,&&@BinaryOperation@IfStatement@BlockStatement@StatementExpression@Assignment@...
manipulacao_string,Manipulação de strings,492,39,boolean,str,0.1151,17,162,boolean@BasicType@MethodDeclaration@FormalParameter@str
manipulacao_string,Manipulação de strings,492,32,String,str,0.1139,6,448,String@ReferenceType@FormalParameter@MethodDeclaration@StatementExpression@As...
manipulacao_string,Manipulação de strings,502,64,%,<PAD/UNK>,0.1139,10,234,<PAD/UNK>
manipulacao_string,Manipulação de strings,492,32,String,word,0.1134,100,448,String@ReferenceType@FormalParameter@word
manipulacao_string,Manipulação de strings,492,33,String,str,0.1129,5,225,String@ReferenceType@FormalParameter@str
manipulacao_string,Manipulação de strings,502,64,i,=,0.1129,6,234,i@MemberReference@MethodInvocation@Assignment@=
manipulacao_string,Manipulação de strings,492,31,String,String,0.1128,25,202,String@ReferenceType@LocalVariableDeclaration@MethodDeclaration@LocalVariable...
manipulacao_string,Manipulação de strings,492,33,String,String,0.112,24,225,String@ReferenceType@FormalParameter@MethodDeclaration@LocalVariableDeclarati...
manipulacao_string,Manipulação de strings,492,38,xyzThere,str,0.1089,48,254,xyzThere@MethodDeclaration@FormalParameter@str
manipulacao_string,Manipulação de strings,492,32,substring,str,0.108,10,448,<PAD/UNK>
manipulacao_string,Manipulação de strings,492,33,a,a,0.1078,9,225,<PAD/UNK>
manipulacao_string,Manipulação de strings,492,34,&&,str,0.1078,38,309,&&@BinaryOperation@BinaryOperation@MethodInvocation@str
manipulacao_string,Manipulação de strings,492,34,&&,charAt,0.1077,19,309,&&@BinaryOperation@BinaryOperation@MethodInvocation@charAt
manipulacao_string,Manipulação de strings,492,32,-,str,0.1076,5,448,<PAD/UNK>
manipulacao_string,Manipulação de strings,492,33,String,str,0.1064,7,225,String@ReferenceType@LocalVariableDeclaration@VariableDeclarator@MethodInvoca...
manipulacao_string,Manipulação de strings,487,102,without2,substring,0.1047,21,571,<PAD/UNK>
manipulacao_string,Manipulação de strings,487,102,>=,str,0.1042,13,571,>=@BinaryOperation@IfStatement@BlockStatement@IfStatement@BinaryOperation@Met...
manipulacao_string,Manipulação de strings,492,31,String,str,0.1042,15,202,String@ReferenceType@LocalVariableDeclaration@VariableDeclarator@MethodInvoca...
manipulacao_string,Manipulação de strings,492,32,x,str,0.1035,6,448,<PAD/UNK>
manipulacao_string,Manipulação de strings,492,38,String,str,0.1034,5,254,String@ReferenceType@LocalVariableDeclaration@MethodDeclaration@IfStatement@M...
manipulacao_string,Manipulação de strings,502,64,int,i,0.1032,9,234,int@BasicType@VariableDeclaration@ForControl@MemberReference@i
manipulacao_string,Manipulação de strings,487,102,without2,o,0.103,6,571,<PAD/UNK>
manipulacao_string,Manipulação de strings,492,38,a,String,0.103,5,254,a@FormalParameter@MethodDeclaration@FormalParameter@ReferenceType@String
manipulacao_string,Manipulação de strings,492,32,String,+,0.1024,5,448,<PAD/UNK>
manipulacao_string,Manipulação de strings,492,31,=,str,0.1024,13,202,<PAD/UNK>
manipulacao_string,Manipulação de strings,492,38,str,str,0.102,11,254,<PAD/UNK>
manipulacao_string,Manipulação de strings,492,33,<PAD/UNK>,charAt,0.102,12,225,<PAD/UNK>
manipulacao_string,Manipulação de strings,492,34,==,2,0.1019,14,309,==@BinaryOperation@MethodInvocation@BinaryOperation@Literal@2
manipulacao_string,Manipulação de strings,492,39,"""x""",str,0.1018,5,162,"""x""@Literal@MethodInvocation@MethodInvocation@IfStatement@IfStatement@MethodI..."
manipulacao_string,Manipulação de strings,492,38,String,str,0.1018,13,254,String@ReferenceType@FormalParameter@MethodDeclaration@StatementExpression@As...
manipulacao_string,Manipulação de strings,492,37,String,a,0.1014,6,104,String@ReferenceType@FormalParameter@a
manipulacao_string,Manipulação de strings,492,34,String,String,0.1014,14,309,String@ReferenceType@FormalParameter@MethodDeclaration@LocalVariableDeclarati...
manipulacao_string,Manipulação de strings,502,64,%,array,0.101,18,234,<PAD/UNK>
manipulacao_string,Manipulação de strings,492,34,==,str,0.0997,6,309,==@BinaryOperation@IfStatement@BlockStatement@IfStatement@BinaryOperation@Met...
manipulacao_string,Manipulação de strings,492,32,!=,str,0.0994,9,448,<PAD/UNK>
manipulacao_string,Manipulação de strings,502,64,valueOf,=,0.0988,5,234,<PAD/UNK>
manipulacao_string,Manipulação de strings,492,38,String,a,0.0986,11,254,String@ReferenceType@FormalParameter@MethodDeclaration@StatementExpression@As...
manipulacao_string,Manipulação de strings,492,39,String,str,0.0984,11,162,String@ReferenceType@FormalParameter@MethodDeclaration@StatementExpression@As...
manipulacao_string,Manipulação de strings,487,28,<,str,0.0977,9,297,<@BinaryOperation@IfStatement@BlockStatement@ReturnStatement@MethodInvocation...
manipulacao_string,Manipulação de strings,492,39,j,strLength,0.0971,7,162,<PAD/UNK>
manipulacao_string,Manipulação de strings,492,37,getSandwich,str,0.0971,8,104,getSandwich@MethodDeclaration@FormalParameter@str
manipulacao_string,Manipulação de strings,492,38,String,<PAD/UNK>,0.0964,8,254,<PAD/UNK>
manipulacao_string,Manipulação de strings,492,33,String,b,0.0961,10,225,String@ReferenceType@FormalParameter@MethodDeclaration@FormalParameter@b
manipulacao_string,Manipulação de strings,492,37,<,BreakStatement,0.0957,5,104,<PAD/UNK>
manipulacao_string,Manipulação de strings,492,33,<PAD/UNK>,=,0.0952,18,225,<PAD/UNK>
manipulacao_string,Manipulação de strings,492,39,&&,str,0.0949,14,162,&&@BinaryOperation@BinaryOperation@MethodInvocation@str
manipulacao_string,Manipulação de strings,492,32,word,str,0.0935,16,448,<PAD/UNK>
manipulacao_string,Manipulação de strings,492,38,xyzThere,str,0.093,16,254,xyzThere@MethodDeclaration@StatementExpression@Assignment@MethodInvocation@str
manipulacao_string,Manipulação de strings,492,38,&&,str,0.0927,12,254,&&@BinaryOperation@BinaryOperation@MethodInvocation@str
manipulacao_string,Manipulação de strings,492,32,<=,str,0.0924,6,448,<=@BinaryOperation@BinaryOperation@MethodInvocation@str
manipulacao_string,Manipulação de strings,502,64,int,0,0.0921,16,234,int@BasicType@VariableDeclaration@VariableDeclarator@Literal@0
manipulacao_string,Manipulação de strings,487,28,0,atFirst,0.0919,5,297,<PAD/UNK>
manipulacao_string,Manipulação de strings,492,37,String,<PAD/UNK>,0.0912,12,104,<PAD/UNK>
manipulacao_string,Manipulação de strings,502,64,i,=,0.0911,16,234,i@MemberReference@Assignment@=
manipulacao_string,Manipulação de strings,487,28,length,=,0.0906,9,297,<PAD/UNK>
manipulacao_string,Manipulação de strings,492,31,n,str,0.0906,8,202,<PAD/UNK>
manipulacao_string,Manipulação de strings,492,39,str,-,0.0905,7,162,str@FormalParameter@MethodDeclaration@LocalVariableDeclaration@VariableDeclar...
manipulacao_string,Manipulação de strings,487,102,front,end,0.0902,14,571,<PAD/UNK>
manipulacao_string,Manipulação de strings,492,34,&&,chr,0.0899,6,309,<PAD/UNK>
manipulacao_string,Manipulação de strings,492,34,zipZap,version,0.0898,20,309,<PAD/UNK>
manipulacao_string,Manipulação de strings,492,38,String,strlen,0.0888,6,254,<PAD/UNK>
manipulacao_string,Manipulação de strings,492,33,String,ab,0.0884,5,225,<PAD/UNK>
manipulacao_string,Manipulação de strings,492,38,a,a,0.0882,5,254,a@MemberReference@Assignment@MethodInvocation@a
manipulacao_string,Manipulação de strings,492,32,equals,word,0.0879,7,448,equals@MethodInvocation@MethodInvocation@BinaryOperation@MethodInvocation@word
manipulacao_string,Manipulação de strings,492,38,boolean,str,0.0875,22,254,boolean@BasicType@MethodDeclaration@FormalParameter@str
manipulacao_string,Manipulação de strings,492,33,<,+,0.0872,16,225,<PAD/UNK>
manipulacao_string,Manipulação de strings,502,64,==,%,0.0871,8,234,==@BinaryOperation@BinaryOperation@BinaryOperation@BinaryOperation@%
manipulacao_string,Manipulação de strings,492,33,String,ba,0.0866,5,225,<PAD/UNK>
manipulacao_string,Manipulação de strings,502,64,end,=,0.0864,7,234,end@FormalParameter@MethodDeclaration@ForStatement@BlockStatement@StatementEx...
manipulacao_string,Manipulação de strings,492,33,String,<PAD/UNK>,0.0857,14,225,<PAD/UNK>
manipulacao_string,Manipulação de strings,492,33,String,n,0.0847,13,225,String@ReferenceType@FormalParameter@MethodDeclaration@FormalParameter@n
manipulacao_string,Manipulação de strings,487,28,str,str,0.0846,11,297,<PAD/UNK>
manipulacao_string,Manipulação de strings,492,32,String,String,0.0844,8,448,String@ReferenceType@FormalParameter@MethodDeclaration@LocalVariableDeclarati...
manipulacao_string,Manipulação de strings,487,102,0,str,0.084,12,571,0@Literal@MethodInvocation@BinaryOperation@MethodInvocation@BinaryOperation@M...
manipulacao_string,Manipulação de strings,492,34,str,str,0.0838,9,309,<PAD/UNK>
manipulacao_string,Manipulação de strings,492,32,len,str,0.0832,7,448,len@VariableDeclarator@LocalVariableDeclaration@MethodDeclaration@LocalVariab...
manipulacao_string,Manipulação de strings,492,32,plusOut,str,0.0829,53,448,plusOut@MethodDeclaration@FormalParameter@str
manipulacao_string,Manipulação de strings,492,33,lenA,String,0.0829,5,225,<PAD/UNK>
manipulacao_string,Manipulação de strings,487,28,<PAD/UNK>,length,0.0826,6,297,<PAD/UNK>
manipulacao_string,Manipulação de strings,502,64,valueOf,=,0.0822,5,234,valueOf@MethodInvocation@Assignment@=
manipulacao_string,Manipulação de strings,487,102,word,part1,0.082,10,571,<PAD/UNK>
manipulacao_string,Manipulação de strings,492,39,<,x,0.0816,14,162,<@BinaryOperation@MemberReference@x
manipulacao_string,Manipulação de strings,502,64,nums,=,0.0815,5,234,nums@MemberReference@Assignment@=
manipulacao_string,Manipulação de strings,492,32,<,lenWord,0.0811,7,448,<PAD/UNK>
manipulacao_string,Manipulação de strings,492,39,==,<PAD/UNK>,0.0804,6,162,<PAD/UNK>
manipulacao_string,Manipulação de strings,492,31,result,n,0.0799,6,202,<PAD/UNK>
manipulacao_string,Manipulação de strings,492,34,&&,str,0.0794,18,309,&&@BinaryOperation@BinaryOperation@BinaryOperation@MethodInvocation@str
manipulacao_string,Manipulação de strings,502,64,<PAD/UNK>,"""Buzz""",0.0792,9,234,<PAD/UNK>
manipulacao_string,Manipulação de strings,492,39,&&,charAt,0.0789,12,162,&&@BinaryOperation@BinaryOperation@MethodInvocation@charAt
manipulacao_string,Manipulação de strings,492,38,&&,charAt,0.0789,14,254,&&@BinaryOperation@BinaryOperation@MethodInvocation@charAt
manipulacao_string,Manipulação de strings,492,33,result,a,0.0782,6,225,result@VariableDeclarator@LocalVariableDeclaration@MethodDeclaration@IfStatem...
manipulacao_string,Manipulação de strings,492,31,String,sb,0.0781,7,202,<PAD/UNK>
manipulacao_string,Manipulação de strings,492,33,2,a,0.0778,8,225,<PAD/UNK>
manipulacao_string,Manipulação de strings,502,64,%,=,0.0777,15,234,%@BinaryOperation@BinaryOperation@IfStatement@BlockStatement@StatementExpress...
manipulacao_string,Manipulação de strings,492,32,String,<PAD/UNK>,0.0776,24,448,<PAD/UNK>
manipulacao_string,Manipulação de strings,492,34,==,str,0.0775,25,309,==@BinaryOperation@MethodInvocation@str
manipulacao_string,Manipulação de strings,492,32,stri,String,0.0772,5,448,<PAD/UNK>
manipulacao_string,Manipulação de strings,492,32,String,"""""",0.076,23,448,"String@ReferenceType@LocalVariableDeclaration@VariableDeclarator@Literal@"""""
manipulacao_string,Manipulação de strings,492,32,=,str,0.0749,11,448,<PAD/UNK>
manipulacao_string,Manipulação de strings,487,28,str,str,0.0748,5,297,str@FormalParameter@MethodDeclaration@LocalVariableDeclaration@VariableDeclar...
manipulacao_string,Manipulação de strings,487,102,equals,str,0.0747,15,571,equals@MethodInvocation@MethodInvocation@IfStatement@BlockStatement@ReturnSta...
manipulacao_string,Manipulação de strings,492,38,!=,str,0.0737,6,254,!=@BinaryOperation@MethodInvocation@str
manipulacao_string,Manipulação de strings,492,128,String,str,0.0737,31,126,String@ReferenceType@FormalParameter@str
manipulacao_string,Manipulação de strings,487,102,1,str,0.0725,5,571,<PAD/UNK>
manipulacao_string,Manipulação de strings,492,37,a,a,0.0725,10,104,a@MemberReference@Assignment@MethodInvocation@a
manipulacao_string,Manipulação de strings,487,102,str,str,0.0722,15,571,<PAD/UNK>
manipulacao_string,Manipulação de strings,492,37,String,a,0.0722,12,104,String@ReferenceType@FormalParameter@MethodDeclaration@StatementExpression@As...
manipulacao_string,Manipulação de strings,492,33,String,<,0.0716,5,225,String@ReferenceType@LocalVariableDeclaration@MethodDeclaration@ForStatement@...
manipulacao_string,Manipulação de strings,492,31,String,word,0.0715,5,202,String@ReferenceType@FormalParameter@word
manipulacao_string,Manipulação de strings,502,64,%,0,0.0715,6,234,%@BinaryOperation@BinaryOperation@IfStatement@IfStatement@BinaryOperation@Lit...
manipulacao_string,Manipulação de strings,492,31,plusOut,String,0.0712,5,202,plusOut@MethodDeclaration@FormalParameter@ReferenceType@String
manipulacao_string,Manipulação de strings,492,33,String,aa,0.0708,6,225,String@ReferenceType@FormalParameter@MethodDeclaration@LocalVariableDeclarati...
manipulacao_string,Manipulação de strings,492,31,String,StringBuilder,0.0699,6,202,String@ReferenceType@FormalParameter@MethodDeclaration@LocalVariableDeclarati...
manipulacao_string,Manipulação de strings,492,37,j,1,0.0697,5,104,<PAD/UNK>
manipulacao_string,Manipulação de strings,492,37,temp,compareTo,0.0694,5,104,temp@MethodInvocation@compareTo
manipulacao_string,Manipulação de strings,492,38,int,str,0.0687,5,254,<PAD/UNK>
manipulacao_string,Manipulação de strings,492,31,String,str,0.0686,23,202,String@ReferenceType@FormalParameter@str
manipulacao_string,Manipulação de strings,492,39,y,str,0.0682,6,162,y@MemberReference@BinaryOperation@MethodInvocation@str
manipulacao_string,Manipulação de strings,492,39,int,str,0.0681,10,162,int@BasicType@LocalVariableDeclaration@VariableDeclarator@BinaryOperation@Met...
manipulacao_string,Manipulação de strings,492,31,String,str,0.0681,5,202,String@ReferenceType@LocalVariableDeclaration@VariableDeclarator@MethodInvoca...
manipulacao_string,Manipulação de strings,487,28,substring,=,0.0677,6,297,<PAD/UNK>
manipulacao_string,Manipulação de strings,492,32,String,str,0.0665,13,448,String@ReferenceType@FormalParameter@str
manipulacao_string,Manipulação de strings,492,39,int,str,0.0665,5,162,int@BasicType@VariableDeclaration@ForControl@BinaryOperation@MethodInvocation...
manipulacao_string,Manipulação de strings,502,64,==,result,0.0664,15,234,<PAD/UNK>
manipulacao_string,Manipulação de strings,492,32,charAt,str,0.0637,8,448,<PAD/UNK>
manipulacao_string,Manipulação de strings,487,102,send,s,0.063,8,571,<PAD/UNK>
manipulacao_string,Manipulação de strings,492,32,x,word,0.0628,6,448,<PAD/UNK>
manipulacao_string,Manipulação de strings,492,39,<,strLength,0.0628,5,162,<PAD/UNK>
manipulacao_string,Manipulação de strings,492,37,str,str,0.0612,5,104,str@MethodInvocation@BinaryOperation@BinaryOperation@BinaryOperation@MethodIn...
manipulacao_string,Manipulação de strings,487,102,<PAD/UNK>,substring,0.0609,17,571,<PAD/UNK>
manipulacao_string,Manipulação de strings,502,64,int,i,0.0608,5,234,int@BasicType@VariableDeclaration@ForControl@BinaryOperation@MemberReference@i
manipulacao_string,Manipulação de strings,502,64,%,3,0.0606,6,234,%@BinaryOperation@Literal@3
manipulacao_string,Manipulação de strings,492,39,i,str,0.0605,6,162,i@MemberReference@BinaryOperation@MethodInvocation@str
manipulacao_string,Manipulação de strings,492,33,output,output,0.0605,5,225,output@MemberReference@Assignment@BinaryOperation@MemberReference@output
manipulacao_string,Manipulação de strings,492,32,plusOut,=,0.0596,6,448,<PAD/UNK>
manipulacao_string,Manipulação de strings,492,34,<PAD/UNK>,charAt,0.0594,5,309,<PAD/UNK>
manipulacao_string,Manipulação de strings,492,37,<,<PAD/UNK>,0.0593,5,104,<PAD/UNK>
manipulacao_string,Manipulação de strings,487,102,first2,str,0.0592,13,571,<PAD/UNK>
manipulacao_string,Manipulação de strings,492,39,xposition,<,0.059,5,162,<PAD/UNK>
manipulacao_string,Manipulação de strings,492,37,String,a,0.0582,21,104,String@ReferenceType@FormalParameter@MethodDeclaration@StatementExpression@As...
manipulacao_string,Manipulação de strings,492,128,&&,str,0.0581,8,126,&&@BinaryOperation@MethodInvocation@str
manipulacao_string,Manipulação de strings,492,32,String,word,0.0576,6,448,String@ReferenceType@FormalParameter@MethodDeclaration@LocalVariableDeclarati...
manipulacao_string,Manipulação de strings,487,28,atFirst,=,0.0574,6,297,<PAD/UNK>
manipulacao_string,Manipulação de strings,492,31,String,str,0.057,7,202,String@ReferenceType@MethodDeclaration@FormalParameter@str
manipulacao_string,Manipulação de strings,492,39,len,str,0.0568,17,162,len@VariableDeclarator@MethodInvocation@str
manipulacao_string,Manipulação de strings,492,34,String,<PAD/UNK>,0.0555,11,309,<PAD/UNK>
manipulacao_string,Manipulação de strings,487,102,<PAD/UNK>,first2,0.0549,11,571,<PAD/UNK>
manipulacao_string,Manipulação de strings,502,64,a,start,0.0539,7,234,<PAD/UNK>
manipulacao_string,Manipulação de strings,487,102,&&,str,0.0538,29,571,&&@BinaryOperation@BinaryOperation@MethodInvocation@str
manipulacao_string,Manipulação de strings,487,102,>=,str,0.0534,23,571,>=@BinaryOperation@MethodInvocation@str
manipulacao_string,Manipulação de strings,492,34,<,-,0.0534,9,309,<@BinaryOperation@BinaryOperation@-
manipulacao_string,Manipulação de strings,492,31,<PAD/UNK>,String,0.0526,17,202,<PAD/UNK>
manipulacao_string,Manipulação de strings,492,34,str,str,0.0524,5,309,str@FormalParameter@MethodDeclaration@ForStatement@ForControl@BinaryOperation...
manipulacao_string,Manipulação de strings,492,128,String,-,0.0523,5,126,<PAD/UNK>
manipulacao_string,Manipulação de strings,502,64,n,=,0.0512,11,234,n@FormalParameter@MethodDeclaration@ForStatement@BlockStatement@StatementExpr...
manipulacao_string,Manipulação de strings,502,64,i,%,0.0511,6,234,i@MemberReference@BinaryOperation@BinaryOperation@BinaryOperation@BinaryOpera...
manipulacao_string,Manipulação de strings,502,64,++,=,0.0498,8,234,++@MemberReference@ForControl@ForStatement@BlockStatement@StatementExpression...
manipulacao_string,Manipulação de strings,502,64,==,<PAD/UNK>,0.0492,6,234,<PAD/UNK>
manipulacao_string,Manipulação de strings,487,28,0,<PAD/UNK>,0.0491,5,297,<PAD/UNK>
manipulacao_string,Manipulação de strings,492,38,xyzThere,str,0.0473,11,254,xyzThere@MethodDeclaration@IfStatement@MethodInvocation@str
manipulacao_string,Manipulação de strings,492,34,<,str,0.0469,5,309,<@BinaryOperation@MethodInvocation@str
manipulacao_string,Manipulação de strings,492,31,wLen,word,0.0468,7,202,wLen@VariableDeclarator@MethodInvocation@word
manipulacao_string,Manipulação de strings,492,34,String,"""z""",0.0467,6,309,<PAD/UNK>
manipulacao_string,Manipulação de strings,487,102,without2,s,0.046,11,571,without2@MethodDeclaration@IfStatement@BinaryOperation@MethodInvocation@s
manipulacao_string,Manipulação de strings,492,34,<,2,0.046,8,309,<@BinaryOperation@BinaryOperation@Literal@2
manipulacao_string,Manipulação de strings,492,31,stbuild,-,0.0457,7,202,stbuild@MethodInvocation@MethodInvocation@BinaryOperation@-
manipulacao_string,Manipulação de strings,487,102,word,word,0.0452,9,571,<PAD/UNK>
manipulacao_string,Manipulação de strings,492,32,plusStr,word,0.0451,10,448,<PAD/UNK>
manipulacao_string,Manipulação de strings,487,28,atFirst,str,0.0448,23,297,atFirst@MethodDeclaration@IfStatement@IfStatement@BlockStatement@ReturnStatem...
manipulacao_string,Manipulação de strings,492,38,String,false,0.0446,11,254,<PAD/UNK>
manipulacao_string,Manipulação de strings,492,31,String,Statement,0.044,7,202,String@ReferenceType@LocalVariableDeclaration@MethodDeclaration@ForStatement@...
manipulacao_string,Manipulação de strings,487,28,atFirst,str,0.0434,14,297,atFirst@MethodDeclaration@IfStatement@IfStatement@BinaryOperation@MethodInvoc...
manipulacao_string,Manipulação de strings,492,34,'z',2,0.0428,6,309,<PAD/UNK>
manipulacao_string,Manipulação de strings,487,102,front,str,0.0427,6,571,front@VariableDeclarator@LocalVariableDeclaration@MethodDeclaration@LocalVari...
manipulacao_string,Manipulação de strings,487,102,>=,str,0.0404,8,571,>=@BinaryOperation@IfStatement@BlockStatement@IfStatement@MethodInvocation@str
manipulacao_string,Manipulação de strings,487,28,strLength,1,0.0398,6,297,<PAD/UNK>
manipulacao_string,Manipulação de strings,492,39,i,str,0.0393,6,162,i@MemberReference@ForControl@ForStatement@BlockStatement@IfStatement@MethodIn...
manipulacao_string,Manipulação de strings,487,102,>=,str,0.0379,6,571,>=@BinaryOperation@IfStatement@MethodDeclaration@ReturnStatement@MemberRefere...
manipulacao_string,Manipulação de strings,492,128,bobThere,str,0.0365,9,126,bobThere@MethodDeclaration@LocalVariableDeclaration@VariableDeclarator@Binary...
manipulacao_string,Manipulação de strings,492,128,x,str,0.0349,5,126,<PAD/UNK>
manipulacao_string,Manipulação de strings,487,102,length,str,0.0335,7,571,length@VariableDeclarator@LocalVariableDeclaration@MethodDeclaration@LocalVar...
manipulacao_string,Manipulação de strings,487,28,len,"""@@""",0.0325,8,297,<PAD/UNK>
manipulacao_string,Manipulação de strings,487,102,without2,=,0.0309,6,571,without2@MethodDeclaration@IfStatement@BlockStatement@StatementExpression@Ass...
manipulacao_string,Manipulação de strings,487,102,<,str,0.0293,12,571,<@BinaryOperation@IfStatement@BlockStatement@IfStatement@BinaryOperation@Meth...
manipulacao_string,Manipulação de strings,492,33,>,a,0.0259,6,225,>@BinaryOperation@IfStatement@StatementExpression@Assignment@MethodInvocation@a
manipulacao_string,Manipulação de strings,487,102,String,str,0.0257,8,571,String@ReferenceType@LocalVariableDeclaration@MethodDeclaration@LocalVariable...
manipulacao_string,Manipulação de strings,487,102,>=,str,0.0253,6,571,>=@BinaryOperation@IfStatement@BlockStatement@IfStatement@ReturnStatement@Met...
manipulacao_string,Manipulação de strings,492,128,bobThere,String,0.0251,21,126,bobThere@MethodDeclaration@FormalParameter@ReferenceType@String
manipulacao_string,Manipulação de strings,487,102,0,str,0.0241,13,571,0@Literal@MethodInvocation@IfStatement@BlockStatement@ReturnStatement@MemberR...
manipulacao_string,Manipulação de strings,492,37,int,a,0.023,13,104,int@BasicType@LocalVariableDeclaration@VariableDeclarator@MethodInvocation@a
manipulacao_string,Manipulação de strings,487,102,compareTo,str,0.0207,13,571,compareTo@MethodInvocation@BinaryOperation@IfStatement@ReturnStatement@Method...
manipulacao_string,Manipulação de strings,487,102,0,str,0.0206,16,571,0@Literal@MethodInvocation@BinaryOperation@MethodInvocation@str
manipulacao_string,Manipulação de strings,487,102,without2,2,0.0203,6,571,without2@MethodDeclaration@LocalVariableDeclaration@VariableDeclarator@Method...
manipulacao_string,Manipulação de strings,487,102,without2,substring,0.0202,8,571,without2@MethodDeclaration@IfStatement@BinaryOperation@MethodInvocation@subst...
manipulacao_string,Manipulação de strings,487,102,front,front,0.02,10,571,<PAD/UNK>
manipulacao_string,Manipulação de strings,492,128,bobThere,2,0.02,14,126,bobThere@MethodDeclaration@LocalVariableDeclaration@VariableDeclarator@Binary...
manipulacao_string,Manipulação de strings,487,102,length,str,0.0197,11,571,length@MethodInvocation@BinaryOperation@IfStatement@BlockStatement@ReturnStat...
manipulacao_string,Manipulação de strings,492,34,zipZap,empty,0.0193,5,309,<PAD/UNK>
manipulacao_string,Manipulação de strings,487,102,str,str,0.0189,47,571,str@FormalParameter@MethodDeclaration@LocalVariableDeclaration@VariableDeclar...
manipulacao_string,Manipulação de strings,492,128,&&,str,0.0182,9,126,&&@BinaryOperation@BinaryOperation@MethodInvocation@str
manipulacao_string,Manipulação de strings,492,37,<=,x,0.0181,13,104,<PAD/UNK>
manipulacao_string,Manipulação de strings,487,102,without2,String,0.0176,5,571,without2@MethodDeclaration@LocalVariableDeclaration@ReferenceType@String
manipulacao_string,Manipulação de strings,487,102,without2,n,0.0164,17,571,without2@MethodDeclaration@LocalVariableDeclaration@VariableDeclarator@n
manipulacao_string,Manipulação de strings,492,34,!=,str,0.0161,5,309,!=@BinaryOperation@MethodInvocation@str
manipulacao_string,Manipulação de strings,492,34,String,<,0.0145,6,309,String@ReferenceType@FormalParameter@MethodDeclaration@ForStatement@ForContro...
manipulacao_string,Manipulação de strings,487,102,substring,str,0.0127,14,571,substring@MethodInvocation@BinaryOperation@IfStatement@BlockStatement@ReturnS...
manipulacao_string,Manipulação de strings,487,102,0,str,0.0107,9,571,0@Literal@BinaryOperation@IfStatement@ReturnStatement@MemberReference@str
manipulacao_string,Manipulação de strings,487,102,without2,>,0.008,6,571,without2@MethodDeclaration@IfStatement@BinaryOperation@>
manipulacao_string,Manipulação de strings,487,102,without2,s,0.0075,7,571,without2@MethodDeclaration@IfStatement@ReturnStatement@MemberReference@s
manipulacao_string,Manipulação de strings,487,102,without2,<,0.0019,7,571,without2@MethodDeclaration@IfStatement@BinaryOperation@<
manipulacao_string,Manipulação de strings,487,102,length,substring,0.0013,7,571,length@MethodInvocation@BinaryOperation@MethodInvocation@substring
metodos_auxiliares,Métodos auxiliares (helpers),494,104,int,0,0.765,26,207,int@BasicType@VariableDeclaration@VariableDeclarator@Literal@0
metodos_auxiliares,Métodos auxiliares (helpers),494,104,>,==,0.7353,5,207,<PAD/UNK>
metodos_auxiliares,Métodos auxiliares (helpers),494,104,nums,=,0.4913,40,207,nums@MemberReference@Assignment@=
metodos_auxiliares,Métodos auxiliares (helpers),487,100,int,21,0.4229,6,52,int@BasicType@FormalParameter@MethodDeclaration@IfStatement@BinaryOperation@L...
metodos_auxiliares,Métodos auxiliares (helpers),487,100,int,d,0.4079,6,52,<PAD/UNK>
metodos_auxiliares,Métodos auxiliares (helpers),487,22,>=,fixTeen,0.4013,19,288,<PAD/UNK>
metodos_auxiliares,Métodos auxiliares (helpers),494,104,int,<PAD/UNK>,0.3549,22,207,<PAD/UNK>
metodos_auxiliares,Métodos auxiliares (helpers),487,22,int,b,0.3545,64,288,int@BasicType@FormalParameter@b
metodos_auxiliares,Métodos auxiliares (helpers),494,104,int,length,0.3304,43,207,int@BasicType@VariableDeclaration@ForControl@BinaryOperation@MemberReference@...
metodos_auxiliares,Métodos auxiliares (helpers),494,104,int,1,0.3175,9,207,int@BasicType@VariableDeclaration@ForControl@BinaryOperation@BinaryOperation@...
metodos_auxiliares,Métodos auxiliares (helpers),487,22,&&,fixTeen,0.3153,23,288,<PAD/UNK>
metodos_auxiliares,Métodos auxiliares (helpers),494,104,<,==,0.311,30,207,<@BinaryOperation@ForControl@ForStatement@BlockStatement@IfStatement@BinaryOp...
metodos_auxiliares,Métodos auxiliares (helpers),487,22,int,fixTeen,0.3084,26,288,int@BasicType@FormalParameter@MethodDeclaration@ReturnStatement@BinaryOperati...
metodos_auxiliares,Métodos auxiliares (helpers),487,22,b,=,0.302,13,288,<PAD/UNK>
metodos_auxiliares,Métodos auxiliares (helpers),487,22,int,fixTeen,0.2789,11,288,int@BasicType@FormalParameter@MethodDeclaration@StatementExpression@Assignmen...
metodos_auxiliares,Métodos auxiliares (helpers),487,22,int,==,0.2532,36,288,int@BasicType@FormalParameter@MethodDeclaration@IfStatement@BinaryOperation@B...
metodos_auxiliares,Métodos auxiliares (helpers),487,100,int,c,0.2418,18,52,int@BasicType@FormalParameter@MethodDeclaration@FormalParameter@c
metodos_auxiliares,Métodos auxiliares (helpers),487,22,b,20,0.2322,8,288,<PAD/UNK>
metodos_auxiliares,Métodos auxiliares (helpers),494,104,int,<,0.2321,21,207,int@BasicType@FormalParameter@MethodDeclaration@ForStatement@ForControl@Binar...
metodos_auxiliares,Métodos auxiliares (helpers),487,22,<PAD/UNK>,=,0.2314,6,288,<PAD/UNK>
metodos_auxiliares,Métodos auxiliares (helpers),487,22,||,19,0.2306,7,288,<PAD/UNK>
metodos_auxiliares,Métodos auxiliares (helpers),487,22,a,fixTeen,0.2298,8,288,<PAD/UNK>
metodos_auxiliares,Métodos auxiliares (helpers),487,22,13,19,0.211,10,288,<PAD/UNK>
metodos_auxiliares,Métodos auxiliares (helpers),494,104,index,==,0.2073,6,207,<PAD/UNK>
metodos_auxiliares,Métodos auxiliares (helpers),487,22,0,||,0.2018,11,288,<PAD/UNK>
metodos_auxiliares,Métodos auxiliares (helpers),494,104,int,result,0.2006,5,207,int@BasicType@FormalParameter@MethodDeclaration@LocalVariableDeclaration@Vari...
metodos_auxiliares,Métodos auxiliares (helpers),494,104,=,=,0.1954,12,207,=@Assignment@StatementExpression@BlockStatement@StatementExpression@Assignment@=
metodos_auxiliares,Métodos auxiliares (helpers),487,100,int,b,0.1889,22,52,int@BasicType@FormalParameter@b
metodos_auxiliares,Métodos auxiliares (helpers),487,22,b,fixTeen,0.1871,22,288,<PAD/UNK>
metodos_auxiliares,Métodos auxiliares (helpers),487,100,int,c,0.1837,9,52,int@BasicType@FormalParameter@c
metodos_auxiliares,Métodos auxiliares (helpers),494,104,nums,7,0.1769,14,207,nums@MemberReference@BinaryOperation@Literal@7
metodos_auxiliares,Métodos auxiliares (helpers),487,22,&&,c,0.1764,15,288,<PAD/UNK>
metodos_auxiliares,Métodos auxiliares (helpers),487,22,<,fixTeen,0.1699,19,288,<PAD/UNK>
metodos_auxiliares,Métodos auxiliares (helpers),494,104,nums,=,0.1696,6,207,nums@MemberReference@MethodInvocation@Assignment@=
metodos_auxiliares,Métodos auxiliares (helpers),487,22,int,c,0.1688,133,288,int@BasicType@FormalParameter@c
metodos_auxiliares,Métodos auxiliares (helpers),487,22,int,<PAD/UNK>,0.1659,8,288,<PAD/UNK>
metodos_auxiliares,Métodos auxiliares (helpers),487,22,int,10,0.1538,8,288,int@BasicType@FormalParameter@MethodDeclaration@IfStatement@ReturnStatement@L...
metodos_auxiliares,Métodos auxiliares (helpers),494,104,int,+,0.152,7,207,int@BasicType@VariableDeclaration@VariableDeclarator@BinaryOperation@+
metodos_auxiliares,Métodos auxiliares (helpers),494,104,+,7,0.1506,5,207,+@BinaryOperation@ArraySelector@MemberReference@BinaryOperation@Literal@7
metodos_auxiliares,Métodos auxiliares (helpers),494,104,int,>=,0.1501,9,207,int@BasicType@LocalVariableDeclaration@MethodDeclaration@ForStatement@ForCont...
metodos_auxiliares,Métodos auxiliares (helpers),487,22,!=,fixTeen,0.1488,6,288,<PAD/UNK>
metodos_auxiliares,Métodos auxiliares (helpers),487,22,int,fixTeen,0.1383,9,288,int@BasicType@LocalVariableDeclaration@VariableDeclarator@BinaryOperation@Met...
metodos_auxiliares,Métodos auxiliares (helpers),487,22,int,c,0.1342,142,288,int@BasicType@FormalParameter@MethodDeclaration@FormalParameter@c
metodos_auxiliares,Métodos auxiliares (helpers),487,100,int,round10,0.1261,6,52,int@BasicType@FormalParameter@MethodDeclaration@StatementExpression@Assignmen...
metodos_auxiliares,Métodos auxiliares (helpers),487,22,17,==,0.1244,6,288,<PAD/UNK>
metodos_auxiliares,Métodos auxiliares (helpers),487,22,int,||,0.1203,8,288,int@BasicType@FormalParameter@MethodDeclaration@IfStatement@BinaryOperation@||
metodos_auxiliares,Métodos auxiliares (helpers),487,22,13,<,0.1167,5,288,<PAD/UNK>
metodos_auxiliares,Métodos auxiliares (helpers),494,104,int,max,0.0995,5,207,int@BasicType@LocalVariableDeclaration@VariableDeclarator@max
metodos_auxiliares,Métodos auxiliares (helpers),487,100,int,<PAD/UNK>,0.0976,9,52,<PAD/UNK>
metodos_auxiliares,Métodos auxiliares (helpers),487,22,||,<,0.0944,7,288,<PAD/UNK>
metodos_auxiliares,Métodos auxiliares (helpers),487,22,a,+,0.0866,6,288,<PAD/UNK>
metodos_auxiliares,Métodos auxiliares (helpers),487,22,>,fixTeen,0.0862,8,288,<PAD/UNK>
metodos_auxiliares,Métodos auxiliares (helpers),487,22,int,sum,0.0783,7,288,int@BasicType@LocalVariableDeclaration@MethodDeclaration@ReturnStatement@Memb...
metodos_auxiliares,Métodos auxiliares (helpers),487,22,>=,10,0.0767,5,288,<PAD/UNK>
metodos_auxiliares,Métodos auxiliares (helpers),494,104,int,c,0.0756,6,207,<PAD/UNK>
metodos_auxiliares,Métodos auxiliares (helpers),494,104,zeroMax,<PAD/UNK>,0.075,13,207,<PAD/UNK>
metodos_auxiliares,Métodos auxiliares (helpers),494,104,int,newArray,0.0746,6,207,int@BasicType@LocalVariableDeclaration@VariableDeclarator@newArray
metodos_auxiliares,Métodos auxiliares (helpers),487,22,c,fixTeen,0.0744,22,288,<PAD/UNK>
metodos_auxiliares,Métodos auxiliares (helpers),487,22,int,+,0.0743,7,288,int@BasicType@LocalVariableDeclaration@VariableDeclarator@BinaryOperation@Bin...
metodos_auxiliares,Métodos auxiliares (helpers),487,22,19,<,0.0727,6,288,<PAD/UNK>
metodos_auxiliares,Métodos auxiliares (helpers),487,100,int,round10,0.0692,6,52,int@BasicType@FormalParameter@MethodDeclaration@ReturnStatement@BinaryOperati...
metodos_auxiliares,Métodos auxiliares (helpers),487,22,||,a,0.0668,6,288,<PAD/UNK>
metodos_auxiliares,Métodos auxiliares (helpers),494,104,int,maximum,0.0638,5,207,<PAD/UNK>
metodos_auxiliares,Métodos auxiliares (helpers),487,100,<PAD/UNK>,toString,0.0627,9,52,<PAD/UNK>
metodos_auxiliares,Métodos auxiliares (helpers),494,104,int,nums,0.0611,11,207,int@BasicType@VariableDeclaration@ForControl@BinaryOperation@BinaryOperation@...
metodos_auxiliares,Métodos auxiliares (helpers),494,104,nums,==,0.0578,34,207,nums@FormalParameter@MethodDeclaration@ForStatement@BlockStatement@IfStatemen...
metodos_auxiliares,Métodos auxiliares (helpers),494,104,>,=,0.0561,12,207,>@BinaryOperation@BinaryOperation@IfStatement@BlockStatement@StatementExpress...
metodos_auxiliares,Métodos auxiliares (helpers),494,104,nums,==,0.0557,5,207,nums@MemberReference@BinaryOperation@IfStatement@BlockStatement@StatementExpr...
metodos_auxiliares,Métodos auxiliares (helpers),487,100,int,round10,0.0552,6,52,int@BasicType@FormalParameter@MethodDeclaration@StatementExpression@MethodInv...
metodos_auxiliares,Métodos auxiliares (helpers),487,22,int,||,0.0543,10,288,int@BasicType@FormalParameter@MethodDeclaration@IfStatement@BinaryOperation@B...
metodos_auxiliares,Métodos auxiliares (helpers),494,104,nums,2,0.0542,10,207,nums@MemberReference@BinaryOperation@Literal@2
metodos_auxiliares,Métodos auxiliares (helpers),494,104,maximum,=,0.0539,14,207,<PAD/UNK>
metodos_auxiliares,Métodos auxiliares (helpers),494,104,int,nums,0.053,26,207,int@BasicType@FormalParameter@nums
metodos_auxiliares,Métodos auxiliares (helpers),494,104,int,zeroMax,0.0522,10,207,int@BasicType@MethodDeclaration@zeroMax
metodos_auxiliares,Métodos auxiliares (helpers),494,104,nums,<PAD/UNK>,0.0503,10,207,<PAD/UNK>
metodos_auxiliares,Métodos auxiliares (helpers),494,104,int,1,0.0492,5,207,int@BasicType@VariableDeclaration@VariableDeclarator@BinaryOperation@Literal@1
metodos_auxiliares,Métodos auxiliares (helpers),494,104,int,j,0.0466,8,207,int@BasicType@VariableDeclaration@VariableDeclarator@j
metodos_auxiliares,Métodos auxiliares (helpers),487,22,==,fixTeen,0.0462,6,288,<PAD/UNK>
metodos_auxiliares,Métodos auxiliares (helpers),487,100,round10,=,0.0445,6,52,round10@MethodInvocation@Assignment@StatementExpression@MethodDeclaration@Sta...
metodos_auxiliares,Métodos auxiliares (helpers),494,104,++,=,0.0424,10,207,++@MemberReference@ForControl@ForStatement@BlockStatement@StatementExpression...
metodos_auxiliares,Métodos auxiliares (helpers),487,22,<=,fixTeen,0.0407,14,288,<PAD/UNK>
metodos_auxiliares,Métodos auxiliares (helpers),494,104,<PAD/UNK>,=,0.0379,12,207,<PAD/UNK>
metodos_auxiliares,Métodos auxiliares (helpers),494,104,int,++,0.0375,6,207,int@BasicType@VariableDeclaration@ForControl@MemberReference@++
metodos_auxiliares,Métodos auxiliares (helpers),487,22,int,fixTeen,0.0361,52,288,int@BasicType@FormalParameter@MethodDeclaration@StatementExpression@MethodInv...
metodos_auxiliares,Métodos auxiliares (helpers),487,22,int,b,0.0349,14,288,int@BasicType@FormalParameter@MethodDeclaration@FormalParameter@b
metodos_auxiliares,Métodos auxiliares (helpers),494,104,<,length,0.0338,7,207,<@BinaryOperation@BinaryOperation@MemberReference@length
metodos_auxiliares,Métodos auxiliares (helpers),494,104,int,length,0.0337,9,207,int@BasicType@VariableDeclaration@ForControl@BinaryOperation@BinaryOperation@...
metodos_auxiliares,Métodos auxiliares (helpers),494,104,nums,0,0.0334,7,207,nums@MemberReference@BinaryOperation@Literal@0
metodos_auxiliares,Métodos auxiliares (helpers),487,22,int,c,0.0297,26,288,int@BasicType@FormalParameter@MethodDeclaration@ReturnStatement@BinaryOperati...
metodos_auxiliares,Métodos auxiliares (helpers),487,22,c,fixTeen,0.0275,13,288,c@FormalParameter@MethodDeclaration@ReturnStatement@BinaryOperation@MethodInv...
metodos_auxiliares,Métodos auxiliares (helpers),494,104,zeroMax,nums,0.0257,11,207,zeroMax@MethodDeclaration@FormalParameter@nums
metodos_auxiliares,Métodos auxiliares (helpers),494,104,nums,largeOdd,0.0242,5,207,<PAD/UNK>
metodos_auxiliares,Métodos auxiliares (helpers),494,104,int,nums,0.0227,10,207,int@BasicType@MethodDeclaration@FormalParameter@nums
metodos_auxiliares,Métodos auxiliares (helpers),487,22,b,fixTeen,0.0194,5,288,b@FormalParameter@MethodDeclaration@StatementExpression@Assignment@MethodInvo...
metodos_auxiliares,Métodos auxiliares (helpers),494,104,int,findMaxOdd,0.0166,8,207,<PAD/UNK>
metodos_auxiliares,Métodos auxiliares (helpers),487,22,&&,19,0.0095,5,288,&&@BinaryOperation@BinaryOperation@Literal@19
metodos_auxiliares,Métodos auxiliares (helpers),487,22,int,&&,0.0088,10,288,int@BasicType@FormalParameter@MethodDeclaration@IfStatement@BinaryOperation@B...
metodos_auxiliares,Métodos auxiliares (helpers),494,104,int,length,0.0078,8,207,int@BasicType@LocalVariableDeclaration@VariableDeclarator@ArrayCreator@Member...
metodos_auxiliares,Métodos auxiliares (helpers),494,104,int,n,0.0072,7,207,int@BasicType@FormalParameter@MethodDeclaration@ForStatement@ForControl@Membe...
metodos_auxiliares,Métodos auxiliares (helpers),494,104,>,+,0.0049,6,207,>@BinaryOperation@MemberReference@ArraySelector@BinaryOperation@+
metodos_auxiliares,Métodos auxiliares (helpers),494,104,n,==,0.0045,6,207,n@MemberReference@ForControl@ForStatement@BlockStatement@IfStatement@BinaryOp...
min_max,Rastreamento de mínimo e máximo,502,64,a,=,0.4323,5,234,a@MemberReference@ArraySelector@MemberReference@Assignment@=
min_max,Rastreamento de mínimo e máximo,502,64,%,i,0.3573,38,234,%@BinaryOperation@MemberReference@i
min_max,Rastreamento de mínimo e máximo,502,56,int,largest,0.3386,20,173,int@BasicType@LocalVariableDeclaration@VariableDeclarator@largest
min_max,Rastreamento de mínimo e máximo,502,56,nums,i,0.3031,7,173,nums@FormalParameter@MethodDeclaration@ForStatement@ForControl@BinaryOperatio...
min_max,Rastreamento de mínimo e máximo,502,64,%,%,0.2905,13,234,%@BinaryOperation@BinaryOperation@BinaryOperation@BinaryOperation@BinaryOpera...
min_max,Rastreamento de mínimo e máximo,502,56,int,0,0.2752,30,173,int@BasicType@LocalVariableDeclaration@MethodDeclaration@LocalVariableDeclara...
min_max,Rastreamento de mínimo e máximo,502,64,==,=,0.2666,21,234,==@BinaryOperation@IfStatement@IfStatement@BlockStatement@StatementExpression...
min_max,Rastreamento de mínimo e máximo,502,56,int,0,0.2569,38,173,int@BasicType@LocalVariableDeclaration@VariableDeclarator@Literal@0
min_max,Rastreamento de mínimo e máximo,502,64,%,+=,0.2304,14,234,<PAD/UNK>
min_max,Rastreamento de mínimo e máximo,502,56,<PAD/UNK>,=,0.2199,23,173,<PAD/UNK>
min_max,Rastreamento de mínimo e máximo,502,56,small,=,0.213,5,173,<PAD/UNK>
min_max,Rastreamento de mínimo e máximo,502,64,<PAD/UNK>,=,0.2098,39,234,<PAD/UNK>
min_max,Rastreamento de mínimo e máximo,502,56,%,0,0.2089,11,173,%@BinaryOperation@BinaryOperation@Literal@0
min_max,Rastreamento de mínimo e máximo,502,64,"""Fizz""",=,0.2013,8,234,<PAD/UNK>
min_max,Rastreamento de mínimo e máximo,502,64,count,=,0.2006,7,234,count@MemberReference@ArraySelector@MemberReference@Assignment@=
min_max,Rastreamento de mínimo e máximo,502,64,int,a,0.1962,10,234,<PAD/UNK>
min_max,Rastreamento de mínimo e máximo,502,64,i,=,0.1923,42,234,i@MemberReference@ArraySelector@MemberReference@Assignment@=
min_max,Rastreamento de mínimo e máximo,502,64,i,=,0.1871,27,234,i@MemberReference@ForControl@ForStatement@BlockStatement@StatementExpression@...
min_max,Rastreamento de mínimo e máximo,502,64,%,i,0.184,12,234,%@BinaryOperation@MemberReference@ArraySelector@MemberReference@i
min_max,Rastreamento de mínimo e máximo,502,56,int,tot,0.177,8,173,<PAD/UNK>
min_max,Rastreamento de mínimo e máximo,502,56,==,=,0.1641,8,173,==@BinaryOperation@IfStatement@IfStatement@BlockStatement@StatementExpression...
min_max,Rastreamento de mínimo e máximo,502,64,i,=,0.1629,14,234,<PAD/UNK>
min_max,Rastreamento de mínimo e máximo,502,56,i,=,0.1555,28,173,i@MemberReference@ArraySelector@MemberReference@Assignment@=
min_max,Rastreamento de mínimo e máximo,502,56,int,sum,0.1527,24,173,int@BasicType@LocalVariableDeclaration@VariableDeclarator@sum
min_max,Rastreamento de mínimo e máximo,502,64,%,0,0.1525,87,234,%@BinaryOperation@BinaryOperation@Literal@0
min_max,Rastreamento de mínimo e máximo,502,56,count,=,0.1502,7,173,count@MemberReference@Assignment@=
min_max,Rastreamento de mínimo e máximo,502,64,%,5,0.1366,19,234,%@BinaryOperation@Literal@5
min_max,Rastreamento de mínimo e máximo,502,64,array,=,0.1344,7,234,<PAD/UNK>
min_max,Rastreamento de mínimo e máximo,502,56,int,i,0.1299,31,173,int@BasicType@VariableDeclaration@ForControl@MemberReference@i
min_max,Rastreamento de mínimo e máximo,502,64,int,<PAD/UNK>,0.1281,85,234,<PAD/UNK>
min_max,Rastreamento de mínimo e máximo,502,64,int,ar,0.1281,34,234,<PAD/UNK>
min_max,Rastreamento de mínimo e máximo,502,64,==,"""Buzz""",0.1263,10,234,<PAD/UNK>
min_max,Rastreamento de mínimo e máximo,502,64,i,=,0.1208,13,234,i@MemberReference@BinaryOperation@ArraySelector@MemberReference@Assignment@=
min_max,Rastreamento de mínimo e máximo,502,64,%,<PAD/UNK>,0.1139,10,234,<PAD/UNK>
min_max,Rastreamento de mínimo e máximo,502,64,i,=,0.1129,6,234,i@MemberReference@MethodInvocation@Assignment@=
min_max,Rastreamento de mínimo e máximo,502,56,total,=,0.1085,10,173,<PAD/UNK>
min_max,Rastreamento de mínimo e máximo,502,56,int,<PAD/UNK>,0.108,52,173,<PAD/UNK>
min_max,Rastreamento de mínimo e máximo,502,64,int,i,0.1032,9,234,int@BasicType@VariableDeclaration@ForControl@MemberReference@i
min_max,Rastreamento de mínimo e máximo,502,56,%,i,0.1012,5,173,%@BinaryOperation@MemberReference@ArraySelector@MemberReference@i
min_max,Rastreamento de mínimo e máximo,502,64,%,array,0.101,18,234,<PAD/UNK>
min_max,Rastreamento de mínimo e máximo,502,64,valueOf,=,0.0988,5,234,<PAD/UNK>
min_max,Rastreamento de mínimo e máximo,502,56,int,nums,0.0959,26,173,int@BasicType@LocalVariableDeclaration@VariableDeclarator@MemberReference@nums
min_max,Rastreamento de mínimo e máximo,502,56,largest,=,0.0931,10,173,largest@MemberReference@Assignment@=
min_max,Rastreamento de mínimo e máximo,502,64,int,0,0.0921,16,234,int@BasicType@VariableDeclaration@VariableDeclarator@Literal@0
min_max,Rastreamento de mínimo e máximo,502,64,i,=,0.0911,16,234,i@MemberReference@Assignment@=
min_max,Rastreamento de mínimo e máximo,502,56,==,largest,0.0886,7,173,<PAD/UNK>
min_max,Rastreamento de mínimo e máximo,502,64,==,%,0.0871,8,234,==@BinaryOperation@BinaryOperation@BinaryOperation@BinaryOperation@%
min_max,Rastreamento de mínimo e máximo,502,64,end,=,0.0864,7,234,end@FormalParameter@MethodDeclaration@ForStatement@BlockStatement@StatementEx...
min_max,Rastreamento de mínimo e máximo,502,56,int,0,0.0854,17,173,int@BasicType@FormalParameter@MethodDeclaration@LocalVariableDeclaration@Vari...
min_max,Rastreamento de mínimo e máximo,502,56,int,Arrays,0.0851,6,173,int@BasicType@FormalParameter@MethodDeclaration@StatementExpression@MethodInv...
min_max,Rastreamento de mínimo e máximo,502,64,valueOf,=,0.0822,5,234,valueOf@MethodInvocation@Assignment@=
min_max,Rastreamento de mínimo e máximo,502,56,int,1,0.0815,11,173,int@BasicType@VariableDeclaration@VariableDeclarator@Literal@1
min_max,Rastreamento de mínimo e máximo,502,64,nums,=,0.0815,5,234,nums@MemberReference@Assignment@=
min_max,Rastreamento de mínimo e máximo,502,64,<PAD/UNK>,"""Buzz""",0.0792,9,234,<PAD/UNK>
min_max,Rastreamento de mínimo e máximo,502,64,%,=,0.0777,15,234,%@BinaryOperation@BinaryOperation@IfStatement@BlockStatement@StatementExpress...
min_max,Rastreamento de mínimo e máximo,502,56,nums,=,0.0752,34,173,nums@MemberReference@BinaryOperation@IfStatement@BlockStatement@StatementExpr...
min_max,Rastreamento de mínimo e máximo,502,64,%,0,0.0715,6,234,%@BinaryOperation@BinaryOperation@IfStatement@IfStatement@BinaryOperation@Lit...
min_max,Rastreamento de mínimo e máximo,502,56,int,sort,0.0673,8,173,int@BasicType@FormalParameter@MethodDeclaration@StatementExpression@MethodInv...
min_max,Rastreamento de mínimo e máximo,502,56,int,centeredAverage,0.0673,9,173,int@BasicType@MethodDeclaration@centeredAverage
min_max,Rastreamento de mínimo e máximo,502,64,==,result,0.0664,15,234,<PAD/UNK>
min_max,Rastreamento de mínimo e máximo,502,64,int,i,0.0608,5,234,int@BasicType@VariableDeclaration@ForControl@BinaryOperation@MemberReference@i
min_max,Rastreamento de mínimo e máximo,502,64,%,3,0.0606,6,234,%@BinaryOperation@Literal@3
min_max,Rastreamento de mínimo e máximo,502,64,a,start,0.0539,7,234,<PAD/UNK>
min_max,Rastreamento de mínimo e máximo,502,56,int,0,0.0532,7,173,int@BasicType@VariableDeclaration@VariableDeclarator@Literal@0
min_max,Rastreamento de mínimo e máximo,502,64,n,=,0.0512,11,234,n@FormalParameter@MethodDeclaration@ForStatement@BlockStatement@StatementExpr...
min_max,Rastreamento de mínimo e máximo,502,64,i,%,0.0511,6,234,i@MemberReference@BinaryOperation@BinaryOperation@BinaryOperation@BinaryOpera...
min_max,Rastreamento de mínimo e máximo,502,64,++,=,0.0498,8,234,++@MemberReference@ForControl@ForStatement@BlockStatement@StatementExpression...
min_max,Rastreamento de mínimo e máximo,502,64,==,<PAD/UNK>,0.0492,6,234,<PAD/UNK>
min_max,Rastreamento de mínimo e máximo,502,56,int,smallest,0.0477,6,173,int@BasicType@LocalVariableDeclaration@MethodDeclaration@LocalVariableDeclara...
min_max,Rastreamento de mínimo e máximo,502,56,count,0,0.0335,7,173,count@VariableDeclarator@LocalVariableDeclaration@MethodDeclaration@LocalVari...
min_max,Rastreamento de mínimo e máximo,502,56,count,0,0.0323,6,173,count@VariableDeclarator@Literal@0
min_max,Rastreamento de mínimo e máximo,502,56,nums,=,0.0298,7,173,nums@MemberReference@Assignment@StatementExpression@BlockStatement@StatementE...
negacao_booleana,Negação booleana com operador NOT,439,3,int,+,0.9215,5,309,int@BasicType@FormalParameter@MethodDeclaration@IfStatement@ReturnStatement@B...
negacao_booleana,Negação booleana com operador NOT,494,107,int,0,0.8454,28,354,int@BasicType@VariableDeclaration@VariableDeclarator@Literal@0
negacao_booleana,Negação booleana com operador NOT,494,46,int,0,0.8311,18,172,int@BasicType@VariableDeclaration@VariableDeclarator@Literal@0
negacao_booleana,Negação booleana com operador NOT,439,12,int,&&,0.8258,14,94,int@BasicType@FormalParameter@MethodDeclaration@IfStatement@IfStatement@Binar...
negacao_booleana,Negação booleana com operador NOT,494,108,int,0,0.7148,36,311,int@BasicType@VariableDeclaration@VariableDeclarator@Literal@0
negacao_booleana,Negação booleana com operador NOT,494,107,nums,=,0.6192,18,354,nums@MemberReference@Assignment@=
negacao_booleana,Negação booleana com operador NOT,439,3,outsideMode,1,0.6146,5,309,outsideMode@MemberReference@BinaryOperation@BinaryOperation@BinaryOperation@L...
negacao_booleana,Negação booleana com operador NOT,439,234,boolean,isWeekend,0.6089,10,197,boolean@BasicType@FormalParameter@MethodDeclaration@IfStatement@BinaryOperati...
negacao_booleana,Negação booleana com operador NOT,439,234,int,isWeekend,0.5905,31,197,int@BasicType@FormalParameter@MethodDeclaration@IfStatement@MemberReference@i...
negacao_booleana,Negação booleana com operador NOT,494,108,int,1,0.5841,23,311,int@BasicType@VariableDeclaration@ForControl@BinaryOperation@BinaryOperation@...
negacao_booleana,Negação booleana com operador NOT,439,3,boolean,num,0.5579,6,309,<PAD/UNK>
negacao_booleana,Negação booleana com operador NOT,439,3,outsideMode,10,0.5506,17,309,outsideMode@FormalParameter@MethodDeclaration@IfStatement@BinaryOperation@Bin...
negacao_booleana,Negação booleana com operador NOT,439,3,outsideMode,true,0.5462,17,309,outsideMode@MemberReference@IfStatement@BlockStatement@IfStatement@ReturnStat...
negacao_booleana,Negação booleana com operador NOT,439,3,outsideMode,n,0.5459,13,309,outsideMode@MemberReference@BinaryOperation@BinaryOperation@MemberReference@n
negacao_booleana,Negação booleana com operador NOT,494,107,<,==,0.5391,52,354,<@BinaryOperation@ForControl@ForStatement@BlockStatement@IfStatement@BinaryOp...
negacao_booleana,Negação booleana com operador NOT,439,3,outsideMode,>=,0.5293,10,309,outsideMode@MemberReference@IfStatement@IfStatement@BinaryOperation@BinaryOpe...
negacao_booleana,Negação booleana com operador NOT,439,3,outsideMode,==,0.5202,6,309,outsideMode@FormalParameter@MethodDeclaration@IfStatement@BinaryOperation@==
negacao_booleana,Negação booleana com operador NOT,439,3,outsideMode,>=,0.5006,23,309,outsideMode@FormalParameter@MethodDeclaration@IfStatement@IfStatement@BinaryO...
negacao_booleana,Negação booleana com operador NOT,494,108,nums,=,0.4962,82,311,nums@MemberReference@Assignment@=
negacao_booleana,Negação booleana com operador NOT,439,3,int,>=,0.4907,12,309,int@BasicType@LocalVariableDeclaration@MethodDeclaration@IfStatement@BinaryOp...
negacao_booleana,Negação booleana com operador NOT,439,12,int,&&,0.4882,7,94,int@BasicType@FormalParameter@MethodDeclaration@IfStatement@BinaryOperation@B...
negacao_booleana,Negação booleana com operador NOT,494,107,int,1,0.4702,43,354,int@BasicType@VariableDeclaration@ForControl@BinaryOperation@BinaryOperation@...
negacao_booleana,Negação booleana com operador NOT,494,107,int,==,0.4532,8,354,int@BasicType@LocalVariableDeclaration@MethodDeclaration@IfStatement@BinaryOp...
negacao_booleana,Negação booleana com operador NOT,439,234,int,isWeekend,0.4517,68,197,int@BasicType@FormalParameter@MethodDeclaration@FormalParameter@isWeekend
negacao_booleana,Negação booleana com operador NOT,439,3,int,boolean,0.4477,23,309,int@BasicType@FormalParameter@MethodDeclaration@LocalVariableDeclaration@Basi...
negacao_booleana,Negação booleana com operador NOT,439,5,b,==,0.4438,18,250,b@FormalParameter@MethodDeclaration@IfStatement@BinaryOperation@BinaryOperati...
negacao_booleana,Negação booleana com operador NOT,494,46,int,length,0.4421,11,172,int@BasicType@VariableDeclaration@ForControl@BinaryOperation@MemberReference@...
negacao_booleana,Negação booleana com operador NOT,494,107,int,end,0.4297,10,354,int@BasicType@LocalVariableDeclaration@VariableDeclarator@end
negacao_booleana,Negação booleana com operador NOT,494,107,int,length,0.4134,33,354,int@BasicType@VariableDeclaration@ForControl@BinaryOperation@MemberReference@...
negacao_booleana,Negação booleana com operador NOT,494,46,int,1,0.4104,18,172,int@BasicType@VariableDeclaration@ForControl@BinaryOperation@BinaryOperation@...
negacao_booleana,Negação booleana com operador NOT,439,234,int,&&,0.3934,5,197,int@BasicType@FormalParameter@MethodDeclaration@IfStatement@IfStatement@Binar...
negacao_booleana,Negação booleana com operador NOT,494,107,nums,==,0.3891,11,354,nums@MemberReference@BinaryOperation@IfStatement@BlockStatement@IfStatement@B...
negacao_booleana,Negação booleana com operador NOT,494,107,int,cur,0.3804,8,354,<PAD/UNK>
negacao_booleana,Negação booleana com operador NOT,439,3,outsideMode,>=,0.3752,5,309,outsideMode@MemberReference@BinaryOperation@BinaryOperation@BinaryOperation@>=
negacao_booleana,Negação booleana com operador NOT,439,234,int,||,0.3631,36,197,int@BasicType@FormalParameter@MethodDeclaration@IfStatement@BinaryOperation@||
negacao_booleana,Negação booleana com operador NOT,439,5,boolean,answerCell,0.3627,5,250,<PAD/UNK>
negacao_booleana,Negação booleana com operador NOT,494,107,int,<PAD/UNK>,0.358,17,354,<PAD/UNK>
negacao_booleana,Negação booleana com operador NOT,439,3,outsideMode,>=,0.3481,12,309,outsideMode@FormalParameter@MethodDeclaration@IfStatement@BinaryOperation@Bin...
negacao_booleana,Negação booleana com operador NOT,439,3,int,sum,0.3366,21,309,int@BasicType@FormalParameter@MethodDeclaration@LocalVariableDeclaration@Vari...
negacao_booleana,Negação booleana com operador NOT,439,3,int,&&,0.3335,5,309,int@BasicType@FormalParameter@MethodDeclaration@IfStatement@IfStatement@Binar...
negacao_booleana,Negação booleana com operador NOT,494,46,int,<PAD/UNK>,0.3308,22,172,<PAD/UNK>
negacao_booleana,Negação booleana com operador NOT,494,107,int,end,0.3292,9,354,int@BasicType@FormalParameter@MethodDeclaration@LocalVariableDeclaration@Vari...
negacao_booleana,Negação booleana com operador NOT,439,5,boolean,boolean,0.3224,292,250,boolean@BasicType@FormalParameter@MethodDeclaration@FormalParameter@BasicType...
negacao_booleana,Negação booleana com operador NOT,494,108,int,length,0.3103,51,311,int@BasicType@VariableDeclaration@ForControl@BinaryOperation@MemberReference@...
negacao_booleana,Negação booleana com operador NOT,494,108,nums,==,0.3088,6,311,nums@MemberReference@BinaryOperation@IfStatement@BlockStatement@IfStatement@B...
negacao_booleana,Negação booleana com operador NOT,439,3,outsideMode,true,0.2849,13,309,outsideMode@FormalParameter@MethodDeclaration@IfStatement@BlockStatement@Retu...
negacao_booleana,Negação booleana com operador NOT,494,46,int,result,0.2831,5,172,int@BasicType@FormalParameter@MethodDeclaration@LocalVariableDeclaration@Vari...
negacao_booleana,Negação booleana com operador NOT,439,12,isSummer,&&,0.2825,15,94,isSummer@MemberReference@IfStatement@BlockStatement@IfStatement@BinaryOperati...
negacao_booleana,Negação booleana com operador NOT,494,46,int,==,0.2785,7,172,int@BasicType@FormalParameter@MethodDeclaration@IfStatement@BinaryOperation@==
negacao_booleana,Negação booleana com operador NOT,439,3,outsideMode,true,0.2688,11,309,outsideMode@MemberReference@BinaryOperation@IfStatement@BlockStatement@Return...
negacao_booleana,Negação booleana com operador NOT,494,107,<,==,0.2657,7,354,<@BinaryOperation@BinaryOperation@BinaryOperation@==
negacao_booleana,Negação booleana com operador NOT,439,3,outsideMode,x,0.2654,8,309,<PAD/UNK>
negacao_booleana,Negação booleana com operador NOT,439,3,int,||,0.2635,5,309,int@BasicType@FormalParameter@MethodDeclaration@IfStatement@BinaryOperation@||
negacao_booleana,Negação booleana com operador NOT,494,46,int,everywhere,0.2367,23,172,int@BasicType@FormalParameter@MethodDeclaration@LocalVariableDeclaration@Vari...
negacao_booleana,Negação booleana com operador NOT,494,107,int,2,0.2357,5,354,int@BasicType@VariableDeclaration@ForControl@BinaryOperation@BinaryOperation@...
negacao_booleana,Negação booleana com operador NOT,439,3,outsideMode,>=,0.2297,70,309,outsideMode@MemberReference@IfStatement@BlockStatement@IfStatement@BinaryOper...
negacao_booleana,Negação booleana com operador NOT,439,3,int,outsideMode,0.2261,35,309,int@BasicType@FormalParameter@MethodDeclaration@IfStatement@MemberReference@o...
negacao_booleana,Negação booleana com operador NOT,439,234,int,||,0.2251,10,197,int@BasicType@FormalParameter@MethodDeclaration@IfStatement@IfStatement@Binar...
negacao_booleana,Negação booleana com operador NOT,494,107,int,1,0.2214,11,354,int@BasicType@VariableDeclaration@VariableDeclarator@Literal@1
negacao_booleana,Negação booleana com operador NOT,439,3,outsideMode,&&,0.221,8,309,outsideMode@MemberReference@IfStatement@BlockStatement@IfStatement@BinaryOper...
negacao_booleana,Negação booleana com operador NOT,494,108,<,==,0.2203,39,311,<@BinaryOperation@ForControl@ForStatement@BlockStatement@IfStatement@BinaryOp...
negacao_booleana,Negação booleana com operador NOT,439,5,boolean,=,0.2135,15,250,boolean@BasicType@FormalParameter@MethodDeclaration@IfStatement@BinaryOperati...
negacao_booleana,Negação booleana com operador NOT,439,3,outsideMode,10,0.2124,6,309,<PAD/UNK>
negacao_booleana,Negação booleana com operador NOT,439,234,boolean,isWeekend,0.2113,6,197,boolean@BasicType@LocalVariableDeclaration@MethodDeclaration@IfStatement@Memb...
negacao_booleana,Negação booleana com operador NOT,494,108,5,=,0.2078,25,311,5@Literal@Assignment@=
negacao_booleana,Negação booleana com operador NOT,494,107,nums,==,0.2055,5,354,nums@FormalParameter@MethodDeclaration@ForStatement@IfStatement@BinaryOperati...
negacao_booleana,Negação booleana com operador NOT,439,12,outsideMode,>=,0.2039,10,94,outsideMode@MemberReference@IfStatement@BlockStatement@IfStatement@BinaryOper...
negacao_booleana,Negação booleana com operador NOT,439,3,outsideMode,true,0.2015,9,309,outsideMode@MemberReference@BinaryOperation@Literal@true
negacao_booleana,Negação booleana com operador NOT,494,107,nums,val,0.1995,5,354,nums@MemberReference@BinaryOperation@MemberReference@val
negacao_booleana,Negação booleana com operador NOT,494,107,int,<,0.1987,54,354,int@BasicType@FormalParameter@MethodDeclaration@ForStatement@ForControl@Binar...
negacao_booleana,Negação booleana com operador NOT,439,234,boolean,isWeekend,0.1952,49,197,boolean@BasicType@FormalParameter@isWeekend
negacao_booleana,Negação booleana com operador NOT,494,46,int,<,0.1876,99,172,int@BasicType@FormalParameter@MethodDeclaration@ForStatement@ForControl@Binar...
negacao_booleana,Negação booleana com operador NOT,439,5,int,c,0.1844,5,250,int@BasicType@FormalParameter@c
negacao_booleana,Negação booleana com operador NOT,439,3,outsideMode,&&,0.1836,7,309,outsideMode@MemberReference@IfStatement@IfStatement@BinaryOperation@&&
negacao_booleana,Negação booleana com operador NOT,439,3,outsideMode,outsideMode,0.1801,47,309,outsideMode@FormalParameter@MethodDeclaration@IfStatement@MemberReference@out...
negacao_booleana,Negação booleana com operador NOT,494,107,1,=,0.1732,30,354,1@Literal@BinaryOperation@Assignment@=
negacao_booleana,Negação booleana com operador NOT,494,107,nums,+,0.1715,78,354,nums@MemberReference@BinaryOperation@MemberReference@ArraySelector@BinaryOper...
negacao_booleana,Negação booleana com operador NOT,439,3,boolean,==,0.1712,6,309,boolean@BasicType@FormalParameter@MethodDeclaration@IfStatement@BinaryOperati...
negacao_booleana,Negação booleana com operador NOT,439,3,outsideMode,10,0.1704,6,309,outsideMode@MemberReference@IfStatement@IfStatement@BinaryOperation@BinaryOpe...
negacao_booleana,Negação booleana com operador NOT,439,3,outsideMode,&&,0.1657,19,309,outsideMode@FormalParameter@MethodDeclaration@IfStatement@BinaryOperation@&&
negacao_booleana,Negação booleana com operador NOT,439,5,boolean,boolean,0.1643,121,250,boolean@BasicType@MethodDeclaration@FormalParameter@BasicType@boolean
negacao_booleana,Negação booleana com operador NOT,494,107,<,=,0.1634,8,354,<@BinaryOperation@ForControl@ForStatement@BlockStatement@StatementExpression@...
negacao_booleana,Negação booleana com operador NOT,494,108,int,=,0.1608,6,311,int@BasicType@LocalVariableDeclaration@BlockStatement@StatementExpression@Ass...
negacao_booleana,Negação booleana com operador NOT,439,234,int,boolean,0.1552,9,197,int@BasicType@FormalParameter@MethodDeclaration@LocalVariableDeclaration@Basi...
negacao_booleana,Negação booleana com operador NOT,494,107,int,clump,0.1504,19,354,int@BasicType@FormalParameter@MethodDeclaration@LocalVariableDeclaration@Vari...
negacao_booleana,Negação booleana com operador NOT,494,108,int,0,0.1486,5,311,int@BasicType@LocalVariableDeclaration@MethodDeclaration@LocalVariableDeclara...
negacao_booleana,Negação booleana com operador NOT,494,108,int,<PAD/UNK>,0.1456,67,311,<PAD/UNK>
negacao_booleana,Negação booleana com operador NOT,439,5,c,10,0.1453,5,250,c@FormalParameter@MethodDeclaration@IfStatement@BlockStatement@ReturnStatemen...
negacao_booleana,Negação booleana com operador NOT,439,12,int,boolean,0.1445,16,94,int@BasicType@FormalParameter@MethodDeclaration@FormalParameter@BasicType@boo...
negacao_booleana,Negação booleana com operador NOT,494,108,1,=,0.1428,51,311,1@Literal@BinaryOperation@ArraySelector@MemberReference@Assignment@=
negacao_booleana,Negação booleana com operador NOT,494,46,int,val,0.1422,73,172,int@BasicType@FormalParameter@MethodDeclaration@FormalParameter@val
negacao_booleana,Negação booleana com operador NOT,439,3,int,&&,0.1403,12,309,int@BasicType@FormalParameter@MethodDeclaration@IfStatement@BinaryOperation@B...
negacao_booleana,Negação booleana com operador NOT,439,3,outsideMode,&&,0.1402,11,309,outsideMode@FormalParameter@MethodDeclaration@IfStatement@IfStatement@BinaryO...
negacao_booleana,Negação booleana com operador NOT,439,5,c,==,0.1371,23,250,c@FormalParameter@MethodDeclaration@IfStatement@BinaryOperation@BinaryOperati...
negacao_booleana,Negação booleana com operador NOT,494,46,int,false,0.1357,19,172,int@BasicType@FormalParameter@MethodDeclaration@LocalVariableDeclaration@Vari...
negacao_booleana,Negação booleana com operador NOT,439,5,true,=,0.1341,23,250,true@Literal@ReturnStatement@BlockStatement@IfStatement@IfStatement@Assignment@=
negacao_booleana,Negação booleana com operador NOT,494,107,int,cur,0.1307,10,354,int@BasicType@LocalVariableDeclaration@VariableDeclarator@cur
negacao_booleana,Negação booleana com operador NOT,494,46,val,==,0.1293,14,172,val@MemberReference@BinaryOperation@BinaryOperation@BinaryOperation@==
negacao_booleana,Negação booleana com operador NOT,494,46,int,val,0.1288,41,172,int@BasicType@FormalParameter@val
negacao_booleana,Negação booleana com operador NOT,494,46,int,n,0.1287,6,172,<PAD/UNK>
negacao_booleana,Negação booleana com operador NOT,439,12,outsideMode,outsideMode,0.1254,6,94,outsideMode@FormalParameter@MethodDeclaration@IfStatement@MemberReference@out...
negacao_booleana,Negação booleana com operador NOT,439,3,int,>=,0.1243,26,309,int@BasicType@FormalParameter@MethodDeclaration@IfStatement@BinaryOperation@B...
negacao_booleana,Negação booleana com operador NOT,494,108,int,fives,0.1231,27,311,<PAD/UNK>
negacao_booleana,Negação booleana com operador NOT,494,108,int,four,0.1208,14,311,<PAD/UNK>
negacao_booleana,Negação booleana com operador NOT,494,107,nums,a,0.1208,7,354,<PAD/UNK>
negacao_booleana,Negação booleana com operador NOT,439,3,outsideMode,1,0.1196,8,309,outsideMode@MemberReference@IfStatement@IfStatement@BinaryOperation@BinaryOpe...
negacao_booleana,Negação booleana com operador NOT,494,107,int,a,0.1186,5,354,int@BasicType@VariableDeclaration@ForControl@BinaryOperation@MemberReference@a
negacao_booleana,Negação booleana com operador NOT,439,3,outsideMode,n,0.1167,7,309,outsideMode@MemberReference@IfStatement@IfStatement@BinaryOperation@BinaryOpe...
negacao_booleana,Negação booleana com operador NOT,439,3,outsideMode,10,0.1164,11,309,outsideMode@MemberReference@BinaryOperation@BinaryOperation@BinaryOperation@L...
negacao_booleana,Negação booleana com operador NOT,494,107,int,isClump,0.1158,7,354,int@BasicType@LocalVariableDeclaration@MethodDeclaration@LocalVariableDeclara...
negacao_booleana,Negação booleana com operador NOT,494,46,int,0,0.1131,5,172,int@BasicType@FormalParameter@MethodDeclaration@IfStatement@BinaryOperation@L...
negacao_booleana,Negação booleana com operador NOT,494,107,int,clumps,0.113,23,354,int@BasicType@FormalParameter@MethodDeclaration@LocalVariableDeclaration@Vari...
negacao_booleana,Negação booleana com operador NOT,494,108,int,nums,0.1115,13,311,int@BasicType@FormalParameter@MethodDeclaration@ReturnStatement@MemberReferen...
negacao_booleana,Negação booleana com operador NOT,494,107,nums,==,0.1105,7,354,nums@MemberReference@BinaryOperation@BinaryOperation@BinaryOperation@==
negacao_booleana,Negação booleana com operador NOT,439,3,outsideMode,outsideMode,0.1067,14,309,outsideMode@FormalParameter@MethodDeclaration@IfStatement@BinaryOperation@Mem...
negacao_booleana,Negação booleana com operador NOT,439,12,100,60,0.1047,8,94,100@Literal@BinaryOperation@BinaryOperation@BinaryOperation@Literal@60
negacao_booleana,Negação booleana com operador NOT,439,3,b,sum,0.1036,5,309,b@FormalParameter@MethodDeclaration@LocalVariableDeclaration@VariableDeclarat...
negacao_booleana,Negação booleana com operador NOT,494,46,nums,val,0.0997,40,172,nums@MemberReference@BinaryOperation@MemberReference@val
negacao_booleana,Negação booleana com operador NOT,494,46,int,length,0.099,5,172,int@BasicType@FormalParameter@MethodDeclaration@IfStatement@BinaryOperation@M...
negacao_booleana,Negação booleana com operador NOT,494,107,int,value,0.0961,8,354,<PAD/UNK>
negacao_booleana,Negação booleana com operador NOT,439,5,boolean,&&,0.0959,10,250,boolean@BasicType@FormalParameter@MethodDeclaration@IfStatement@IfStatement@B...
negacao_booleana,Negação booleana com operador NOT,439,5,public,boolean,0.0951,5,250,<PAD/UNK>
negacao_booleana,Negação booleana com operador NOT,494,108,++,=,0.0932,9,311,++@MemberReference@ForControl@ForStatement@BlockStatement@StatementExpression...
negacao_booleana,Negação booleana com operador NOT,439,5,int,||,0.0931,6,250,int@BasicType@FormalParameter@MethodDeclaration@IfStatement@BinaryOperation@||
negacao_booleana,Negação booleana com operador NOT,494,107,int,nums,0.0884,46,354,int@BasicType@FormalParameter@nums
negacao_booleana,Negação booleana com operador NOT,439,5,boolean,==,0.0877,15,250,boolean@BasicType@FormalParameter@MethodDeclaration@IfStatement@BinaryOperati...
negacao_booleana,Negação booleana com operador NOT,439,5,boolean,&&,0.0876,36,250,boolean@BasicType@FormalParameter@MethodDeclaration@IfStatement@BinaryOperati...
negacao_booleana,Negação booleana com operador NOT,494,108,int,<,0.0863,30,311,int@BasicType@FormalParameter@MethodDeclaration@ForStatement@ForControl@Binar...
negacao_booleana,Negação booleana com operador NOT,439,3,outsideMode,true,0.0852,13,309,outsideMode@FormalParameter@MethodDeclaration@LocalVariableDeclaration@Variab...
negacao_booleana,Negação booleana com operador NOT,439,234,cigarParty,isWeekend,0.0845,9,197,cigarParty@MethodDeclaration@FormalParameter@isWeekend
negacao_booleana,Negação booleana com operador NOT,494,108,int,5,0.083,6,311,int@BasicType@LocalVariableDeclaration@BlockStatement@StatementExpression@Ass...
negacao_booleana,Negação booleana com operador NOT,494,46,nums,==,0.0822,14,172,nums@FormalParameter@MethodDeclaration@ForStatement@BlockStatement@IfStatemen...
negacao_booleana,Negação booleana com operador NOT,494,107,int,n,0.081,11,354,int@BasicType@LocalVariableDeclaration@VariableDeclarator@BinaryOperation@Mem...
negacao_booleana,Negação booleana com operador NOT,494,108,int,fourCount,0.0794,8,311,<PAD/UNK>
negacao_booleana,Negação booleana com operador NOT,439,5,int,==,0.0782,43,250,int@BasicType@FormalParameter@MethodDeclaration@IfStatement@BinaryOperation@B...
negacao_booleana,Negação booleana com operador NOT,494,46,int,2,0.0761,7,172,int@BasicType@VariableDeclaration@ForControl@BinaryOperation@BinaryOperation@...
negacao_booleana,Negação booleana com operador NOT,439,234,boolean,&&,0.0754,10,197,boolean@BasicType@FormalParameter@MethodDeclaration@IfStatement@BinaryOperati...
negacao_booleana,Negação booleana com operador NOT,439,12,isSummer,&&,0.0749,21,94,isSummer@FormalParameter@MethodDeclaration@IfStatement@BlockStatement@IfState...
negacao_booleana,Negação booleana com operador NOT,494,108,=,=,0.0748,27,311,=@Assignment@StatementExpression@BlockStatement@StatementExpression@Assignment@=
negacao_booleana,Negação booleana com operador NOT,439,3,int,+,0.0741,26,309,int@BasicType@FormalParameter@MethodDeclaration@LocalVariableDeclaration@Vari...
negacao_booleana,Negação booleana com operador NOT,439,234,int,you,0.0737,18,197,int@BasicType@MethodDeclaration@FormalParameter@you
negacao_booleana,Negação booleana com operador NOT,494,46,int,countEvens,0.0733,9,172,int@BasicType@MethodDeclaration@countEvens
negacao_booleana,Negação booleana com operador NOT,439,3,outsideMode,boolean,0.073,13,309,outsideMode@FormalParameter@MethodDeclaration@LocalVariableDeclaration@BasicT...
negacao_booleana,Negação booleana com operador NOT,439,3,int,sortaSum,0.0728,8,309,int@BasicType@MethodDeclaration@sortaSum
negacao_booleana,Negação booleana com operador NOT,494,46,int,boolean,0.0719,15,172,int@BasicType@FormalParameter@MethodDeclaration@LocalVariableDeclaration@Basi...
negacao_booleana,Negação booleana com operador NOT,494,107,<,1,0.0711,12,354,<@BinaryOperation@BinaryOperation@Literal@1
negacao_booleana,Negação booleana com operador NOT,494,107,1,length,0.069,11,354,1@Literal@VariableDeclarator@VariableDeclaration@ForControl@BinaryOperation@M...
negacao_booleana,Negação booleana com operador NOT,494,107,nums,==,0.0687,46,354,nums@FormalParameter@MethodDeclaration@ForStatement@BlockStatement@IfStatemen...
negacao_booleana,Negação booleana com operador NOT,494,107,nums,2,0.0684,5,354,nums@MemberReference@BinaryOperation@BinaryOperation@ForControl@Assignment@Li...
negacao_booleana,Negação booleana com operador NOT,439,5,boolean,==,0.0663,5,250,boolean@BasicType@FormalParameter@MethodDeclaration@IfStatement@IfStatement@B...
negacao_booleana,Negação booleana com operador NOT,439,3,int,c,0.0636,9,309,int@BasicType@FormalParameter@MethodDeclaration@LocalVariableDeclaration@Vari...
negacao_booleana,Negação booleana com operador NOT,439,3,b,10,0.0631,8,309,b@MemberReference@BinaryOperation@BinaryOperation@Literal@10
negacao_booleana,Negação booleana com operador NOT,494,46,val,==,0.0604,5,172,val@FormalParameter@MethodDeclaration@ForStatement@BlockStatement@IfStatement...
negacao_booleana,Negação booleana com operador NOT,439,3,outsideMode,n,0.0591,12,309,outsideMode@FormalParameter@MethodDeclaration@IfStatement@BinaryOperation@Bin...
negacao_booleana,Negação booleana com operador NOT,439,3,outsideMode,outsideMode,0.0587,5,309,outsideMode@MemberReference@IfStatement@MethodDeclaration@IfStatement@MemberR...
negacao_booleana,Negação booleana com operador NOT,439,234,int,>=,0.0585,11,197,int@BasicType@FormalParameter@MethodDeclaration@IfStatement@BinaryOperation@B...
negacao_booleana,Negação booleana com operador NOT,494,107,int,n,0.0578,5,354,int@BasicType@FormalParameter@n
negacao_booleana,Negação booleana com operador NOT,439,12,isSummer,&&,0.0574,7,94,isSummer@FormalParameter@MethodDeclaration@IfStatement@BinaryOperation@&&
negacao_booleana,Negação booleana com operador NOT,494,107,++,==,0.057,14,354,++@MemberReference@ForControl@ForStatement@BlockStatement@IfStatement@BinaryO...
negacao_booleana,Negação booleana com operador NOT,439,3,outsideMode,<PAD/UNK>,0.0558,8,309,<PAD/UNK>
negacao_booleana,Negação booleana com operador NOT,439,3,int,x,0.0552,13,309,<PAD/UNK>
negacao_booleana,Negação booleana com operador NOT,439,3,outsideMode,>=,0.054,6,309,outsideMode@MemberReference@BinaryOperation@IfStatement@IfStatement@BinaryOpe...
negacao_booleana,Negação booleana com operador NOT,494,107,int,n,0.0536,6,354,int@BasicType@FormalParameter@MethodDeclaration@FormalParameter@n
negacao_booleana,Negação booleana com operador NOT,439,5,boolean,=,0.0532,16,250,boolean@BasicType@FormalParameter@MethodDeclaration@IfStatement@Assignment@As...
negacao_booleana,Negação booleana com operador NOT,439,12,temp,&&,0.0529,17,94,temp@FormalParameter@MethodDeclaration@IfStatement@BlockStatement@IfStatement...
negacao_booleana,Negação booleana com operador NOT,494,107,int,length,0.0523,15,354,int@BasicType@VariableDeclaration@ForControl@BinaryOperation@BinaryOperation@...
negacao_booleana,Negação booleana com operador NOT,494,107,<,length,0.0516,6,354,<@BinaryOperation@MemberReference@length
negacao_booleana,Negação booleana com operador NOT,439,3,outsideMode,&&,0.0512,5,309,outsideMode@MemberReference@BinaryOperation@BinaryOperation@IfStatement@IfSta...
negacao_booleana,Negação booleana com operador NOT,439,3,int,outsideMode,0.0506,7,309,int@BasicType@FormalParameter@MethodDeclaration@IfStatement@BinaryOperation@M...
negacao_booleana,Negação booleana com operador NOT,439,3,outsideMode,&&,0.0492,6,309,outsideMode@FormalParameter@MethodDeclaration@IfStatement@BinaryOperation@Bin...
negacao_booleana,Negação booleana com operador NOT,439,3,int,true,0.0485,9,309,int@BasicType@FormalParameter@MethodDeclaration@LocalVariableDeclaration@Vari...
negacao_booleana,Negação booleana com operador NOT,494,107,int,0,0.0482,7,354,int@BasicType@FormalParameter@MethodDeclaration@LocalVariableDeclaration@Vari...
negacao_booleana,Negação booleana com operador NOT,439,12,int,isSummer,0.0475,33,94,int@BasicType@FormalParameter@MethodDeclaration@FormalParameter@isSummer
negacao_booleana,Negação booleana com operador NOT,494,107,int,<,0.0458,5,354,int@BasicType@LocalVariableDeclaration@MethodDeclaration@ForStatement@ForCont...
negacao_booleana,Negação booleana com operador NOT,439,234,date,2,0.0441,5,197,date@MemberReference@BinaryOperation@Literal@2
negacao_booleana,Negação booleana com operador NOT,494,108,int,j,0.0441,11,311,int@BasicType@FormalParameter@MethodDeclaration@LocalVariableDeclaration@Vari...
negacao_booleana,Negação booleana com operador NOT,494,107,int,nums,0.0436,39,354,int@BasicType@VariableDeclaration@ForControl@BinaryOperation@BinaryOperation@...
negacao_booleana,Negação booleana com operador NOT,494,107,int,boolean,0.0434,5,354,int@BasicType@FormalParameter@MethodDeclaration@LocalVariableDeclaration@Basi...
negacao_booleana,Negação booleana com operador NOT,494,46,+,==,0.0421,5,172,+@BinaryOperation@BinaryOperation@BinaryOperation@BinaryOperation@==
negacao_booleana,Negação booleana com operador NOT,494,46,nums,0,0.0417,7,172,nums@MemberReference@BinaryOperation@BinaryOperation@Literal@0
negacao_booleana,Negação booleana com operador NOT,439,3,int,&&,0.0415,17,309,int@BasicType@FormalParameter@MethodDeclaration@IfStatement@BinaryOperation@&&
negacao_booleana,Negação booleana com operador NOT,439,234,int,==,0.0414,6,197,int@BasicType@FormalParameter@MethodDeclaration@IfStatement@BinaryOperation@B...
negacao_booleana,Negação booleana com operador NOT,439,234,boolean,isWeekend,0.0404,23,197,boolean@BasicType@FormalParameter@MethodDeclaration@IfStatement@MemberReferen...
negacao_booleana,Negação booleana com operador NOT,494,107,int,j,0.04,16,354,int@BasicType@VariableDeclaration@VariableDeclarator@j
negacao_booleana,Negação booleana com operador NOT,494,46,&&,==,0.0396,5,172,&&@BinaryOperation@BinaryOperation@==
negacao_booleana,Negação booleana com operador NOT,494,107,int,nums,0.0391,5,354,int@BasicType@MethodDeclaration@FormalParameter@nums
negacao_booleana,Negação booleana com operador NOT,439,5,boolean,&&,0.0388,15,250,boolean@BasicType@FormalParameter@MethodDeclaration@IfStatement@BinaryOperati...
negacao_booleana,Negação booleana com operador NOT,494,107,int,++,0.0388,30,354,int@BasicType@VariableDeclaration@ForControl@MemberReference@++
negacao_booleana,Negação booleana com operador NOT,439,3,boolean,>=,0.0387,10,309,boolean@BasicType@LocalVariableDeclaration@MethodDeclaration@IfStatement@Bina...
negacao_booleana,Negação booleana com operador NOT,439,3,outsideMode,1,0.0386,20,309,outsideMode@FormalParameter@MethodDeclaration@IfStatement@BinaryOperation@Bin...
negacao_booleana,Negação booleana com operador NOT,494,108,nums,5,0.0384,15,311,nums@MemberReference@Assignment@Literal@5
negacao_booleana,Negação booleana com operador NOT,494,107,clump,=,0.0383,18,354,clump@MemberReference@Assignment@=
negacao_booleana,Negação booleana com operador NOT,494,107,int,j,0.0383,12,354,int@BasicType@VariableDeclaration@ForControl@MemberReference@j
negacao_booleana,Negação booleana com operador NOT,494,107,clump,+,0.0366,5,354,clump@MemberReference@Assignment@BinaryOperation@+
negacao_booleana,Negação booleana com operador NOT,494,108,int,nums,0.0363,27,311,int@BasicType@FormalParameter@nums
negacao_booleana,Negação booleana com operador NOT,494,107,nums,<,0.0354,9,354,nums@FormalParameter@MethodDeclaration@ForStatement@ForControl@BinaryOperation@<
negacao_booleana,Negação booleana com operador NOT,439,234,||,2,0.0351,9,197,||@BinaryOperation@BinaryOperation@Literal@2
negacao_booleana,Negação booleana com operador NOT,439,3,outsideMode,false,0.0346,23,309,outsideMode@MemberReference@IfStatement@BlockStatement@ReturnStatement@Litera...
negacao_booleana,Negação booleana com operador NOT,439,234,int,date,0.0345,12,197,int@BasicType@FormalParameter@MethodDeclaration@FormalParameter@date
negacao_booleana,Negação booleana com operador NOT,439,3,boolean,&&,0.0333,33,309,boolean@BasicType@FormalParameter@MethodDeclaration@IfStatement@BinaryOperati...
negacao_booleana,Negação booleana com operador NOT,494,108,int,out,0.0326,12,311,<PAD/UNK>
negacao_booleana,Negação booleana com operador NOT,494,108,int,nums,0.0319,23,311,int@BasicType@VariableDeclaration@ForControl@BinaryOperation@BinaryOperation@...
negacao_booleana,Negação booleana com operador NOT,494,107,<,length,0.0311,15,354,<@BinaryOperation@BinaryOperation@MemberReference@length
negacao_booleana,Negação booleana com operador NOT,439,5,answerCell,boolean,0.0307,56,250,answerCell@MethodDeclaration@FormalParameter@BasicType@boolean
negacao_booleana,Negação booleana com operador NOT,439,5,isMorning,true,0.0303,12,250,isMorning@MemberReference@BinaryOperation@BinaryOperation@BinaryOperation@Lit...
negacao_booleana,Negação booleana com operador NOT,439,5,boolean,isMorning,0.0303,14,250,boolean@BasicType@FormalParameter@MethodDeclaration@IfStatement@MemberReferen...
negacao_booleana,Negação booleana com operador NOT,494,108,int,size,0.0295,7,311,int@BasicType@LocalVariableDeclaration@VariableDeclarator@size
negacao_booleana,Negação booleana com operador NOT,439,3,int,boolean,0.0293,9,309,int@BasicType@FormalParameter@MethodDeclaration@FormalParameter@BasicType@boo...
negacao_booleana,Negação booleana com operador NOT,494,46,int,length,0.0291,5,172,int@BasicType@VariableDeclaration@ForControl@BinaryOperation@BinaryOperation@...
negacao_booleana,Negação booleana com operador NOT,494,107,nums,=,0.0288,5,354,nums@FormalParameter@MethodDeclaration@ForStatement@BlockStatement@IfStatemen...
negacao_booleana,Negação booleana com operador NOT,439,3,outsideMode,true,0.0273,9,309,outsideMode@FormalParameter@MethodDeclaration@IfStatement@StatementExpression...
negacao_booleana,Negação booleana com operador NOT,494,108,nums,<PAD/UNK>,0.0254,5,311,<PAD/UNK>
negacao_booleana,Negação booleana com operador NOT,439,3,private,num,0.0252,6,309,<PAD/UNK>
negacao_booleana,Negação booleana com operador NOT,494,46,<PAD/UNK>,<,0.025,5,172,<PAD/UNK>
negacao_booleana,Negação booleana com operador NOT,494,46,<,length,0.0244,12,172,<@BinaryOperation@MemberReference@length
negacao_booleana,Negação booleana com operador NOT,494,107,nums,++,0.024,8,354,nums@MemberReference@BinaryOperation@BinaryOperation@ForControl@MemberReferen...
negacao_booleana,Negação booleana com operador NOT,494,108,int,++,0.023,16,311,int@BasicType@VariableDeclaration@ForControl@MemberReference@++
negacao_booleana,Negação booleana com operador NOT,494,108,1,5,0.0229,10,311,1@Literal@BinaryOperation@ArraySelector@MemberReference@Assignment@Literal@5
negacao_booleana,Negação booleana com operador NOT,494,107,i,==,0.0215,6,354,<PAD/UNK>
negacao_booleana,Negação booleana com operador NOT,439,234,cigars,isWeekend,0.021,46,197,cigars@FormalParameter@MethodDeclaration@FormalParameter@isWeekend
negacao_booleana,Negação booleana com operador NOT,494,108,int,nums,0.0198,8,311,int@BasicType@MethodDeclaration@FormalParameter@nums
negacao_booleana,Negação booleana com operador NOT,439,3,boolean,>=,0.0196,18,309,boolean@BasicType@FormalParameter@MethodDeclaration@IfStatement@BinaryOperati...
negacao_booleana,Negação booleana com operador NOT,494,108,int,fix45,0.0193,5,311,int@BasicType@MethodDeclaration@fix45
negacao_booleana,Negação booleana com operador NOT,494,107,end,length,0.0186,6,354,end@VariableDeclarator@BinaryOperation@MemberReference@length
negacao_booleana,Negação booleana com operador NOT,494,108,<,==,0.018,7,311,<@BinaryOperation@IfStatement@BlockStatement@IfStatement@BinaryOperation@==
negacao_booleana,Negação booleana com operador NOT,439,234,cigars,isWeekend,0.0179,20,197,cigars@FormalParameter@MethodDeclaration@IfStatement@MemberReference@isWeekend
negacao_booleana,Negação booleana com operador NOT,494,107,int,start,0.0177,6,354,int@BasicType@FormalParameter@MethodDeclaration@LocalVariableDeclaration@Vari...
negacao_booleana,Negação booleana com operador NOT,439,5,==,true,0.0176,29,250,==@BinaryOperation@Literal@true
negacao_booleana,Negação booleana com operador NOT,494,108,<,1,0.0169,6,311,<@BinaryOperation@BinaryOperation@Literal@1
negacao_booleana,Negação booleana com operador NOT,439,234,int,isWeekend,0.0164,9,197,int@BasicType@FormalParameter@MethodDeclaration@IfStatement@BinaryOperation@M...
negacao_booleana,Negação booleana com operador NOT,494,107,nums,=,0.016,29,354,nums@MemberReference@BinaryOperation@IfStatement@BlockStatement@StatementExpr...
negacao_booleana,Negação booleana com operador NOT,439,234,>=,1,0.0154,6,197,>=@BinaryOperation@BinaryOperation@IfStatement@BlockStatement@ReturnStatement...
negacao_booleana,Negação booleana com operador NOT,439,3,outsideMode,||,0.0148,24,309,outsideMode@FormalParameter@MethodDeclaration@IfStatement@BlockStatement@IfSt...
negacao_booleana,Negação booleana com operador NOT,439,3,private,boolean,0.0138,6,309,private@Modifier@FieldDeclaration@BasicType@boolean
negacao_booleana,Negação booleana com operador NOT,439,5,isMorning,==,0.0136,6,250,isMorning@MemberReference@BinaryOperation@BinaryOperation@BinaryOperation@==
negacao_booleana,Negação booleana com operador NOT,439,5,public,answerCell,0.0131,5,250,<PAD/UNK>
negacao_booleana,Negação booleana com operador NOT,494,108,int,-,0.0124,6,311,int@BasicType@VariableDeclaration@ForControl@BinaryOperation@BinaryOperation@-
negacao_booleana,Negação booleana com operador NOT,494,108,<,length,0.0124,7,311,<@BinaryOperation@BinaryOperation@MemberReference@length
negacao_booleana,Negação booleana com operador NOT,494,108,nums,=,0.0121,11,311,nums@MemberReference@BinaryOperation@IfStatement@BlockStatement@StatementExpr...
negacao_booleana,Negação booleana com operador NOT,439,234,isWeekend,isWeekend,0.0108,6,197,isWeekend@FormalParameter@MethodDeclaration@IfStatement@BinaryOperation@Membe...
negacao_booleana,Negação booleana com operador NOT,494,108,j,==,0.0098,5,311,j@VariableDeclarator@VariableDeclaration@ForControl@BinaryOperation@BinaryOpe...
negacao_booleana,Negação booleana com operador NOT,439,5,isMorning,boolean,0.0097,7,250,isMorning@FormalParameter@MethodDeclaration@FormalParameter@BasicType@boolean
negacao_booleana,Negação booleana com operador NOT,439,234,!,isWeekend,0.0071,11,197,!@MemberReference@isWeekend
negacao_booleana,Negação booleana com operador NOT,439,5,boolean,false,0.0061,16,250,boolean@BasicType@FormalParameter@MethodDeclaration@IfStatement@ReturnStateme...
negacao_booleana,Negação booleana com operador NOT,439,5,false,&&,0.0059,5,250,false@Literal@Assignment@BinaryOperation@IfStatement@IfStatement@BinaryOperat...
negacao_booleana,Negação booleana com operador NOT,439,234,int,boolean,0.0034,7,197,int@BasicType@FormalParameter@MethodDeclaration@FormalParameter@BasicType@boo...
negacao_booleana,Negação booleana com operador NOT,439,234,cigars,>=,0.0032,5,197,cigars@FormalParameter@MethodDeclaration@IfStatement@BlockStatement@IfStateme...
negacao_booleana,Negação booleana com operador NOT,439,12,isSummer,>=,0.0032,8,94,isSummer@FormalParameter@MethodDeclaration@IfStatement@IfStatement@BinaryOper...
operador_modulo,Operador módulo e divisibilidade,494,44,int,0,0.8587,15,88,int@BasicType@VariableDeclaration@VariableDeclarator@Literal@0
operador_modulo,Operador módulo e divisibilidade,494,104,int,0,0.765,26,207,int@BasicType@VariableDeclaration@VariableDeclarator@Literal@0
operador_modulo,Operador módulo e divisibilidade,494,104,>,==,0.7353,5,207,<PAD/UNK>
operador_modulo,Operador módulo e divisibilidade,494,104,nums,=,0.4913,40,207,nums@MemberReference@Assignment@=
operador_modulo,Operador módulo e divisibilidade,487,101,int,*,0.4832,5,483,<PAD/UNK>
operador_modulo,Operador módulo e divisibilidade,502,71,i,1,0.4375,5,114,i@MemberReference@BinaryOperation@Literal@1
operador_modulo,Operador módulo e divisibilidade,502,64,a,=,0.4323,5,234,a@MemberReference@ArraySelector@MemberReference@Assignment@=
operador_modulo,Operador módulo e divisibilidade,502,71,nums,i,0.4297,11,114,nums@FormalParameter@MethodDeclaration@ForStatement@ForControl@BinaryOperatio...
operador_modulo,Operador módulo e divisibilidade,487,100,int,21,0.4229,6,52,int@BasicType@FormalParameter@MethodDeclaration@IfStatement@BinaryOperation@L...
operador_modulo,Operador módulo e divisibilidade,487,100,int,d,0.4079,6,52,<PAD/UNK>
operador_modulo,Operador módulo e divisibilidade,502,118,int,=,0.405,34,146,int@BasicType@LocalVariableDeclaration@MethodDeclaration@StatementExpression@...
operador_modulo,Operador módulo e divisibilidade,487,101,int,smalls,0.3922,11,483,<PAD/UNK>
operador_modulo,Operador módulo e divisibilidade,494,44,nums,=,0.391,12,88,nums@MemberReference@Assignment@=
operador_modulo,Operador módulo e divisibilidade,494,44,int,length,0.3881,15,88,int@BasicType@VariableDeclaration@ForControl@BinaryOperation@MemberReference@...
operador_modulo,Operador módulo e divisibilidade,487,101,int,*,0.3762,5,483,int@BasicType@LocalVariableDeclaration@VariableDeclarator@BinaryOperation@*
operador_modulo,Operador módulo e divisibilidade,487,101,>=,=,0.3709,5,483,<PAD/UNK>
operador_modulo,Operador módulo e divisibilidade,487,101,int,choco,0.3655,7,483,<PAD/UNK>
operador_modulo,Operador módulo e divisibilidade,502,64,%,i,0.3573,38,234,%@BinaryOperation@MemberReference@i
operador_modulo,Operador módulo e divisibilidade,494,104,int,<PAD/UNK>,0.3549,22,207,<PAD/UNK>
operador_modulo,Operador módulo e divisibilidade,494,44,int,==,0.3374,10,88,int@BasicType@LocalVariableDeclaration@MethodDeclaration@IfStatement@BinaryOp...
operador_modulo,Operador módulo e divisibilidade,494,104,int,length,0.3304,43,207,int@BasicType@VariableDeclaration@ForControl@BinaryOperation@MemberReference@...
operador_modulo,Operador módulo e divisibilidade,502,118,int,=,0.3213,6,146,int@BasicType@VariableDeclaration@ForControl@ForStatement@StatementExpression...
operador_modulo,Operador módulo e divisibilidade,494,104,int,1,0.3175,9,207,int@BasicType@VariableDeclaration@ForControl@BinaryOperation@BinaryOperation@...
operador_modulo,Operador módulo e divisibilidade,502,118,int,result,0.3162,9,146,int@BasicType@LocalVariableDeclaration@VariableDeclarator@result
operador_modulo,Operador módulo e divisibilidade,494,104,<,==,0.311,30,207,<@BinaryOperation@ForControl@ForStatement@BlockStatement@IfStatement@BinaryOp...
operador_modulo,Operador módulo e divisibilidade,487,101,int,c,0.3053,19,483,int@BasicType@FormalParameter@c
operador_modulo,Operador módulo e divisibilidade,487,101,int,%,0.3044,11,483,int@BasicType@FormalParameter@MethodDeclaration@IfStatement@BinaryOperation@B...
operador_modulo,Operador módulo e divisibilidade,487,101,5,-,0.2999,9,483,<PAD/UNK>
operador_modulo,Operador módulo e divisibilidade,487,101,big,>,0.2943,5,483,<PAD/UNK>
operador_modulo,Operador módulo e divisibilidade,502,64,%,%,0.2905,13,234,%@BinaryOperation@BinaryOperation@BinaryOperation@BinaryOperation@BinaryOpera...
operador_modulo,Operador módulo e divisibilidade,487,101,int,count,0.2898,18,483,<PAD/UNK>
operador_modulo,Operador módulo e divisibilidade,502,71,int,0,0.2862,26,114,int@BasicType@LocalVariableDeclaration@VariableDeclarator@Literal@0
operador_modulo,Operador módulo e divisibilidade,487,101,<PAD/UNK>,*,0.2784,6,483,<PAD/UNK>
operador_modulo,Operador módulo e divisibilidade,487,101,int,%,0.2751,11,483,<PAD/UNK>
operador_modulo,Operador módulo e divisibilidade,502,51,nums,i,0.2726,11,115,nums@FormalParameter@MethodDeclaration@ForStatement@ForControl@BinaryOperatio...
operador_modulo,Operador módulo e divisibilidade,502,64,==,=,0.2666,21,234,==@BinaryOperation@IfStatement@IfStatement@BlockStatement@StatementExpression...
operador_modulo,Operador módulo e divisibilidade,487,101,int,%,0.2617,8,483,int@BasicType@LocalVariableDeclaration@VariableDeclarator@BinaryOperation@%
operador_modulo,Operador módulo e divisibilidade,502,118,nums,i,0.2566,18,146,nums@FormalParameter@MethodDeclaration@ForStatement@ForControl@BinaryOperatio...
operador_modulo,Operador módulo e divisibilidade,487,101,without2,str,0.2558,5,483,without2@MethodDeclaration@FormalParameter@str
operador_modulo,Operador módulo e divisibilidade,502,51,<PAD/UNK>,=,0.2554,10,115,<PAD/UNK>
operador_modulo,Operador módulo e divisibilidade,487,101,int,c,0.2494,25,483,int@BasicType@FormalParameter@MethodDeclaration@FormalParameter@c
operador_modulo,Operador módulo e divisibilidade,502,51,nums,%,0.2494,6,115,<PAD/UNK>
operador_modulo,Operador módulo e divisibilidade,487,101,0,big,0.2441,5,483,<PAD/UNK>
operador_modulo,Operador módulo e divisibilidade,487,100,int,c,0.2418,18,52,int@BasicType@FormalParameter@MethodDeclaration@FormalParameter@c
operador_modulo,Operador módulo e divisibilidade,487,101,big,==,0.2342,6,483,<PAD/UNK>
operador_modulo,Operador módulo e divisibilidade,494,104,int,<,0.2321,21,207,int@BasicType@FormalParameter@MethodDeclaration@ForStatement@ForControl@Binar...
operador_modulo,Operador módulo e divisibilidade,502,64,%,+=,0.2304,14,234,<PAD/UNK>
operador_modulo,Operador módulo e divisibilidade,502,118,int,2,0.2301,17,146,int@BasicType@ArrayCreator@BinaryOperation@Literal@2
operador_modulo,Operador módulo e divisibilidade,487,101,>=,remaining,0.2279,10,483,<PAD/UNK>
operador_modulo,Operador módulo e divisibilidade,502,71,<PAD/UNK>,=,0.2245,13,114,<PAD/UNK>
operador_modulo,Operador módulo e divisibilidade,502,51,tenRun,=,0.2237,5,115,<PAD/UNK>
operador_modulo,Operador módulo e divisibilidade,487,101,int,goal,0.2226,8,483,<PAD/UNK>
operador_modulo,Operador módulo e divisibilidade,487,101,<PAD/UNK>,=,0.2174,8,483,<PAD/UNK>
operador_modulo,Operador módulo e divisibilidade,487,101,big,--,0.2158,8,483,<PAD/UNK>
operador_modulo,Operador módulo e divisibilidade,502,118,i,=,0.2127,9,146,i@MemberReference@ArraySelector@MemberReference@Assignment@=
operador_modulo,Operador módulo e divisibilidade,502,118,<PAD/UNK>,=,0.2108,16,146,<PAD/UNK>
operador_modulo,Operador módulo e divisibilidade,502,64,<PAD/UNK>,=,0.2098,39,234,<PAD/UNK>
operador_modulo,Operador módulo e divisibilidade,502,71,%,0,0.2097,11,114,%@BinaryOperation@BinaryOperation@Literal@0
operador_modulo,Operador módulo e divisibilidade,487,101,<PAD/UNK>,%,0.2089,13,483,<PAD/UNK>
operador_modulo,Operador módulo e divisibilidade,494,104,index,==,0.2073,6,207,<PAD/UNK>
operador_modulo,Operador módulo e divisibilidade,487,101,int,/,0.2017,6,483,int@BasicType@FormalParameter@MethodDeclaration@LocalVariableDeclaration@Vari...
operador_modulo,Operador módulo e divisibilidade,502,64,"""Fizz""",=,0.2013,8,234,<PAD/UNK>
operador_modulo,Operador módulo e divisibilidade,502,51,%,i,0.2013,8,115,%@BinaryOperation@MemberReference@ArraySelector@MemberReference@i
operador_modulo,Operador módulo e divisibilidade,502,118,i,1,0.2008,28,146,i@MemberReference@BinaryOperation@Literal@1
operador_modulo,Operador módulo e divisibilidade,494,104,int,result,0.2006,5,207,int@BasicType@FormalParameter@MethodDeclaration@LocalVariableDeclaration@Vari...
operador_modulo,Operador módulo e divisibilidade,502,64,count,=,0.2006,7,234,count@MemberReference@ArraySelector@MemberReference@Assignment@=
operador_modulo,Operador módulo e divisibilidade,494,44,int,3,0.1994,10,88,int@BasicType@FormalParameter@MethodDeclaration@IfStatement@BinaryOperation@L...
operador_modulo,Operador módulo e divisibilidade,502,64,int,a,0.1962,10,234,<PAD/UNK>
operador_modulo,Operador módulo e divisibilidade,494,104,=,=,0.1954,12,207,=@Assignment@StatementExpression@BlockStatement@StatementExpression@Assignment@=
operador_modulo,Operador módulo e divisibilidade,502,51,int,<PAD/UNK>,0.1928,15,115,<PAD/UNK>
operador_modulo,Operador módulo e divisibilidade,502,64,i,=,0.1923,42,234,i@MemberReference@ArraySelector@MemberReference@Assignment@=
operador_modulo,Operador módulo e divisibilidade,487,100,int,b,0.1889,22,52,int@BasicType@FormalParameter@b
operador_modulo,Operador módulo e divisibilidade,502,64,i,=,0.1871,27,234,i@MemberReference@ForControl@ForStatement@BlockStatement@StatementExpression@...
operador_modulo,Operador módulo e divisibilidade,487,101,int,<PAD/UNK>,0.1861,76,483,<PAD/UNK>
operador_modulo,Operador módulo e divisibilidade,502,64,%,i,0.184,12,234,%@BinaryOperation@MemberReference@ArraySelector@MemberReference@i
operador_modulo,Operador módulo e divisibilidade,487,100,int,c,0.1837,9,52,int@BasicType@FormalParameter@c
operador_modulo,Operador módulo e divisibilidade,494,104,nums,7,0.1769,14,207,nums@MemberReference@BinaryOperation@Literal@7
operador_modulo,Operador módulo e divisibilidade,487,101,int,%,0.1763,5,483,int@BasicType@FormalParameter@MethodDeclaration@LocalVariableDeclaration@Vari...
operador_modulo,Operador módulo e divisibilidade,502,51,%,0,0.1757,11,115,%@BinaryOperation@BinaryOperation@Literal@0
operador_modulo,Operador módulo e divisibilidade,502,51,ten,=,0.1745,17,115,<PAD/UNK>
operador_modulo,Operador módulo e divisibilidade,494,104,nums,=,0.1696,6,207,nums@MemberReference@MethodInvocation@Assignment@=
operador_modulo,Operador módulo e divisibilidade,487,101,small,*,0.1659,6,483,small@MemberReference@BinaryOperation@BinaryOperation@*
operador_modulo,Operador módulo e divisibilidade,487,101,0,-,0.1633,5,483,<PAD/UNK>
operador_modulo,Operador módulo e divisibilidade,502,64,i,=,0.1629,14,234,<PAD/UNK>
operador_modulo,Operador módulo e divisibilidade,494,44,int,==,0.1612,12,88,int@BasicType@FormalParameter@MethodDeclaration@IfStatement@BinaryOperation@==
operador_modulo,Operador módulo e divisibilidade,487,101,<PAD/UNK>,/,0.1569,14,483,<PAD/UNK>
operador_modulo,Operador módulo e divisibilidade,502,51,i,=,0.1564,32,115,i@MemberReference@ArraySelector@MemberReference@Assignment@=
operador_modulo,Operador módulo e divisibilidade,502,64,%,0,0.1525,87,234,%@BinaryOperation@BinaryOperation@Literal@0
operador_modulo,Operador módulo e divisibilidade,494,104,int,+,0.152,7,207,int@BasicType@VariableDeclaration@VariableDeclarator@BinaryOperation@+
operador_modulo,Operador módulo e divisibilidade,502,118,int,shifted,0.152,5,146,<PAD/UNK>
operador_modulo,Operador módulo e divisibilidade,494,104,+,7,0.1506,5,207,+@BinaryOperation@ArraySelector@MemberReference@BinaryOperation@Literal@7
operador_modulo,Operador módulo e divisibilidade,487,101,x,goal,0.1503,9,483,<PAD/UNK>
operador_modulo,Operador módulo e divisibilidade,494,104,int,>=,0.1501,9,207,int@BasicType@LocalVariableDeclaration@MethodDeclaration@ForStatement@ForCont...
operador_modulo,Operador módulo e divisibilidade,487,101,int,goal,0.1477,134,483,int@BasicType@FormalParameter@MethodDeclaration@FormalParameter@goal
operador_modulo,Operador módulo e divisibilidade,487,101,big,-,0.1472,14,483,<PAD/UNK>
operador_modulo,Operador módulo e divisibilidade,502,71,int,i,0.1459,18,114,int@BasicType@VariableDeclaration@ForControl@MemberReference@i
operador_modulo,Operador módulo e divisibilidade,502,118,i,=,0.1424,16,146,i@MemberReference@ForControl@ForStatement@BlockStatement@StatementExpression@...
operador_modulo,Operador módulo e divisibilidade,487,101,k,%,0.1413,5,483,<PAD/UNK>
operador_modulo,Operador módulo e divisibilidade,494,44,nums,=,0.1398,7,88,<PAD/UNK>
operador_modulo,Operador módulo e divisibilidade,487,101,big,big,0.1382,5,483,<PAD/UNK>
operador_modulo,Operador módulo e divisibilidade,502,71,int,<PAD/UNK>,0.1376,40,114,<PAD/UNK>
operador_modulo,Operador módulo e divisibilidade,487,101,int,*,0.1373,15,483,int@BasicType@LocalVariableDeclaration@VariableDeclarator@BinaryOperation@Bin...
operador_modulo,Operador módulo e divisibilidade,502,64,%,5,0.1366,19,234,%@BinaryOperation@Literal@5
operador_modulo,Operador módulo e divisibilidade,502,118,1,=,0.1346,58,146,1@Literal@BinaryOperation@ArraySelector@MemberReference@Assignment@=
operador_modulo,Operador módulo e divisibilidade,502,64,array,=,0.1344,7,234,<PAD/UNK>
operador_modulo,Operador módulo e divisibilidade,502,51,nums,0,0.1343,6,115,<PAD/UNK>
operador_modulo,Operador módulo e divisibilidade,487,101,int,k,0.1316,8,483,<PAD/UNK>
operador_modulo,Operador módulo e divisibilidade,502,118,i,=,0.1282,10,146,i@MemberReference@BinaryOperation@ArraySelector@MemberReference@Assignment@=
operador_modulo,Operador módulo e divisibilidade,502,64,int,<PAD/UNK>,0.1281,85,234,<PAD/UNK>
operador_modulo,Operador módulo e divisibilidade,502,64,int,ar,0.1281,34,234,<PAD/UNK>
operador_modulo,Operador módulo e divisibilidade,502,51,!=,0,0.1276,6,115,!=@BinaryOperation@Literal@0
operador_modulo,Operador módulo e divisibilidade,487,101,||,goal,0.1268,5,483,<PAD/UNK>
operador_modulo,Operador módulo e divisibilidade,502,64,==,"""Buzz""",0.1263,10,234,<PAD/UNK>
operador_modulo,Operador módulo e divisibilidade,487,100,int,round10,0.1261,6,52,int@BasicType@FormalParameter@MethodDeclaration@StatementExpression@Assignmen...
operador_modulo,Operador módulo e divisibilidade,487,101,<PAD/UNK>,goal,0.1256,17,483,<PAD/UNK>
operador_modulo,Operador módulo e divisibilidade,502,118,int,<PAD/UNK>,0.1247,13,146,<PAD/UNK>
operador_modulo,Operador módulo e divisibilidade,487,101,+,>,0.1225,7,483,<PAD/UNK>
operador_modulo,Operador módulo e divisibilidade,502,64,i,=,0.1208,13,234,i@MemberReference@BinaryOperation@ArraySelector@MemberReference@Assignment@=
operador_modulo,Operador módulo e divisibilidade,487,101,5,5,0.114,5,483,<PAD/UNK>
operador_modulo,Operador módulo e divisibilidade,502,64,%,<PAD/UNK>,0.1139,10,234,<PAD/UNK>
operador_modulo,Operador módulo e divisibilidade,502,51,int,i,0.1136,13,115,int@BasicType@VariableDeclaration@ForControl@MemberReference@i
operador_modulo,Operador módulo e divisibilidade,502,64,i,=,0.1129,6,234,i@MemberReference@MethodInvocation@Assignment@=
operador_modulo,Operador módulo e divisibilidade,502,51,nums,=,0.1127,10,115,nums@MemberReference@Assignment@=
operador_modulo,Operador módulo e divisibilidade,487,101,int,makeChocolate,0.1107,28,483,int@BasicType@MethodDeclaration@makeChocolate
operador_modulo,Operador módulo e divisibilidade,487,101,5,=,0.11,6,483,5@Literal@BinaryOperation@Assignment@=
operador_modulo,Operador módulo e divisibilidade,502,118,left,=,0.1091,15,146,left@MemberReference@Assignment@=
operador_modulo,Operador módulo e divisibilidade,502,51,==,=,0.1079,11,115,==@BinaryOperation@IfStatement@IfStatement@BlockStatement@StatementExpression...
operador_modulo,Operador módulo e divisibilidade,487,101,+,-,0.1072,6,483,<PAD/UNK>
operador_modulo,Operador módulo e divisibilidade,487,101,>=,choco,0.1067,6,483,<PAD/UNK>
operador_modulo,Operador módulo e divisibilidade,502,118,nums,=,0.1064,5,146,nums@MemberReference@VariableDeclarator@LocalVariableDeclaration@BlockStateme...
operador_modulo,Operador módulo e divisibilidade,502,71,int,false,0.1043,7,114,<PAD/UNK>
operador_modulo,Operador módulo e divisibilidade,502,71,sum1,=,0.1037,5,114,<PAD/UNK>
operador_modulo,Operador módulo e divisibilidade,487,101,++,s,0.1036,7,483,<PAD/UNK>
operador_modulo,Operador módulo e divisibilidade,502,64,int,i,0.1032,9,234,int@BasicType@VariableDeclaration@ForControl@MemberReference@i
operador_modulo,Operador módulo e divisibilidade,502,118,==,left,0.1032,12,146,<PAD/UNK>
operador_modulo,Operador módulo e divisibilidade,487,101,small,-,0.1018,6,483,<PAD/UNK>
operador_modulo,Operador módulo e divisibilidade,502,64,%,array,0.101,18,234,<PAD/UNK>
operador_modulo,Operador módulo e divisibilidade,494,44,int,nums,0.1007,6,88,<PAD/UNK>
operador_modulo,Operador módulo e divisibilidade,494,104,int,max,0.0995,5,207,int@BasicType@LocalVariableDeclaration@VariableDeclarator@max
operador_modulo,Operador módulo e divisibilidade,502,64,valueOf,=,0.0988,5,234,<PAD/UNK>
operador_modulo,Operador módulo e divisibilidade,487,100,int,<PAD/UNK>,0.0976,9,52,<PAD/UNK>
operador_modulo,Operador módulo e divisibilidade,502,51,==,=,0.0976,6,115,==@BinaryOperation@IfStatement@BlockStatement@StatementExpression@Assignment@=
operador_modulo,Operador módulo e divisibilidade,487,101,int,=,0.096,6,483,int@BasicType@FormalParameter@MethodDeclaration@StatementExpression@Assignment@=
operador_modulo,Operador módulo e divisibilidade,487,101,int,1,0.0952,6,483,int@BasicType@FormalParameter@MethodDeclaration@IfStatement@ReturnStatement@L...
operador_modulo,Operador módulo e divisibilidade,502,118,int,i,0.0939,26,146,int@BasicType@VariableDeclaration@ForControl@MemberReference@i
operador_modulo,Operador módulo e divisibilidade,502,118,nums,=,0.0938,7,146,nums@FormalParameter@MethodDeclaration@ForStatement@BlockStatement@StatementE...
operador_modulo,Operador módulo e divisibilidade,487,101,<PAD/UNK>,2,0.0931,5,483,<PAD/UNK>
operador_modulo,Operador módulo e divisibilidade,502,118,i,1,0.0931,9,146,i@MemberReference@BinaryOperation@BinaryOperation@Literal@1
operador_modulo,Operador módulo e divisibilidade,502,64,int,0,0.0921,16,234,int@BasicType@VariableDeclaration@VariableDeclarator@Literal@0
operador_modulo,Operador módulo e divisibilidade,494,44,int,<,0.0912,24,88,int@BasicType@FormalParameter@MethodDeclaration@ForStatement@ForControl@Binar...
operador_modulo,Operador módulo e divisibilidade,502,64,i,=,0.0911,16,234,i@MemberReference@Assignment@=
operador_modulo,Operador módulo e divisibilidade,487,101,<PAD/UNK>,>,0.0901,11,483,<PAD/UNK>
operador_modulo,Operador módulo e divisibilidade,502,71,int,0,0.0896,12,114,int@BasicType@VariableDeclaration@VariableDeclarator@Literal@0
operador_modulo,Operador módulo e divisibilidade,487,101,small,x,0.0894,7,483,<PAD/UNK>
operador_modulo,Operador módulo e divisibilidade,502,51,int,0,0.0875,6,115,int@BasicType@VariableDeclaration@VariableDeclarator@Literal@0
operador_modulo,Operador módulo e divisibilidade,502,51,int,i,0.0872,6,115,int@BasicType@LocalVariableDeclaration@MethodDeclaration@ForStatement@ForCont...
operador_modulo,Operador módulo e divisibilidade,502,64,==,%,0.0871,8,234,==@BinaryOperation@BinaryOperation@BinaryOperation@BinaryOperation@%
operador_modulo,Operador módulo e divisibilidade,502,64,end,=,0.0864,7,234,end@FormalParameter@MethodDeclaration@ForStatement@BlockStatement@StatementEx...
operador_modulo,Operador módulo e divisibilidade,487,101,smallNum,>,0.0859,6,483,<PAD/UNK>
operador_modulo,Operador módulo e divisibilidade,487,101,big,*,0.0842,11,483,big@FormalParameter@MethodDeclaration@LocalVariableDeclaration@VariableDeclar...
operador_modulo,Operador módulo e divisibilidade,487,101,0,s,0.084,6,483,<PAD/UNK>
operador_modulo,Operador módulo e divisibilidade,487,101,<PAD/UNK>,<=,0.0833,6,483,<PAD/UNK>
operador_modulo,Operador módulo e divisibilidade,502,118,int,nums,0.083,14,146,int@BasicType@LocalVariableDeclaration@VariableDeclarator@MemberReference@nums
operador_modulo,Operador módulo e divisibilidade,502,64,valueOf,=,0.0822,5,234,valueOf@MethodInvocation@Assignment@=
operador_modulo,Operador módulo e divisibilidade,494,44,=,=,0.0821,5,88,=@Assignment@StatementExpression@BlockStatement@StatementExpression@Assignment@=
operador_modulo,Operador módulo e divisibilidade,487,101,>=,*,0.0819,6,483,>=@BinaryOperation@IfStatement@BlockStatement@ReturnStatement@BinaryOperation...
operador_modulo,Operador módulo e divisibilidade,502,64,nums,=,0.0815,5,234,nums@MemberReference@Assignment@=
operador_modulo,Operador módulo e divisibilidade,502,118,nums,i,0.0803,9,146,nums@FormalParameter@MethodDeclaration@ForStatement@ForControl@MemberReference@i
operador_modulo,Operador módulo e divisibilidade,502,71,int,0,0.0799,7,114,int@BasicType@FormalParameter@MethodDeclaration@LocalVariableDeclaration@Vari...
operador_modulo,Operador módulo e divisibilidade,502,118,int,end,0.0796,6,146,<PAD/UNK>
operador_modulo,Operador módulo e divisibilidade,502,64,<PAD/UNK>,"""Buzz""",0.0792,9,234,<PAD/UNK>
operador_modulo,Operador módulo e divisibilidade,502,71,nums,i,0.0789,8,114,nums@FormalParameter@MethodDeclaration@ForStatement@ForControl@MemberReference@i
operador_modulo,Operador módulo e divisibilidade,502,64,%,=,0.0777,15,234,%@BinaryOperation@BinaryOperation@IfStatement@BlockStatement@StatementExpress...
operador_modulo,Operador módulo e divisibilidade,494,44,nums,=,0.0776,14,88,nums@FormalParameter@MethodDeclaration@IfStatement@BlockStatement@StatementEx...
operador_modulo,Operador módulo e divisibilidade,502,118,int,1,0.0765,8,146,int@BasicType@VariableDeclaration@VariableDeclarator@Literal@1
operador_modulo,Operador módulo e divisibilidade,502,118,int,1,0.0758,13,146,int@BasicType@ArrayCreator@BinaryOperation@BinaryOperation@BinaryOperation@Li...
operador_modulo,Operador módulo e divisibilidade,494,104,int,c,0.0756,6,207,<PAD/UNK>
operador_modulo,Operador módulo e divisibilidade,494,104,zeroMax,<PAD/UNK>,0.075,13,207,<PAD/UNK>
operador_modulo,Operador módulo e divisibilidade,494,104,int,newArray,0.0746,6,207,int@BasicType@LocalVariableDeclaration@VariableDeclarator@newArray
operador_modulo,Operador módulo e divisibilidade,502,71,int,==,0.0737,5,114,int@BasicType@FormalParameter@MethodDeclaration@IfStatement@BinaryOperation@==
operador_modulo,Operador módulo e divisibilidade,502,71,int,0,0.073,9,114,int@BasicType@LocalVariableDeclaration@MethodDeclaration@IfStatement@BinaryOp...
operador_modulo,Operador módulo e divisibilidade,494,44,nums,=,0.0725,5,88,nums@FormalParameter@MethodDeclaration@ForStatement@BlockStatement@IfStatemen...
operador_modulo,Operador módulo e divisibilidade,502,64,%,0,0.0715,6,234,%@BinaryOperation@BinaryOperation@IfStatement@IfStatement@BinaryOperation@Lit...
operador_modulo,Operador módulo e divisibilidade,502,51,%,=,0.0711,10,115,%@BinaryOperation@BinaryOperation@IfStatement@BlockStatement@StatementExpress...
operador_modulo,Operador módulo e divisibilidade,494,44,countEvens,==,0.0708,10,88,<PAD/UNK>
operador_modulo,Operador módulo e divisibilidade,502,71,%,2,0.0707,7,114,%@BinaryOperation@Literal@2
operador_modulo,Operador módulo e divisibilidade,487,101,int,round10,0.0698,24,483,int@BasicType@FormalParameter@MethodDeclaration@ReturnStatement@BinaryOperati...
operador_modulo,Operador módulo e divisibilidade,487,100,int,round10,0.0692,6,52,int@BasicType@FormalParameter@MethodDeclaration@ReturnStatement@BinaryOperati...
operador_modulo,Operador módulo e divisibilidade,487,101,<PAD/UNK>,small,0.0676,5,483,<PAD/UNK>
operador_modulo,Operador módulo e divisibilidade,502,64,==,result,0.0664,15,234,<PAD/UNK>
operador_modulo,Operador módulo e divisibilidade,487,101,int,||,0.0644,6,483,int@BasicType@FormalParameter@MethodDeclaration@IfStatement@BinaryOperation@||
operador_modulo,Operador módulo e divisibilidade,494,104,int,maximum,0.0638,5,207,<PAD/UNK>
operador_modulo,Operador módulo e divisibilidade,487,101,small,choco,0.0636,5,483,<PAD/UNK>
operador_modulo,Operador módulo e divisibilidade,487,100,<PAD/UNK>,toString,0.0627,9,52,<PAD/UNK>
operador_modulo,Operador módulo e divisibilidade,494,104,int,nums,0.0611,11,207,int@BasicType@VariableDeclaration@ForControl@BinaryOperation@BinaryOperation@...
operador_modulo,Operador módulo e divisibilidade,502,64,int,i,0.0608,5,234,int@BasicType@VariableDeclaration@ForControl@BinaryOperation@MemberReference@i
operador_modulo,Operador módulo e divisibilidade,487,101,int,*,0.0607,6,483,int@BasicType@FormalParameter@MethodDeclaration@LocalVariableDeclaration@Vari...
operador_modulo,Operador módulo e divisibilidade,502,64,%,3,0.0606,6,234,%@BinaryOperation@Literal@3
operador_modulo,Operador módulo e divisibilidade,502,118,+,1,0.0603,9,146,+@BinaryOperation@Literal@1
operador_modulo,Operador módulo e divisibilidade,487,101,<PAD/UNK>,5,0.0589,7,483,<PAD/UNK>
operador_modulo,Operador módulo e divisibilidade,494,104,nums,==,0.0578,34,207,nums@FormalParameter@MethodDeclaration@ForStatement@BlockStatement@IfStatemen...
operador_modulo,Operador módulo e divisibilidade,494,104,>,=,0.0561,12,207,>@BinaryOperation@BinaryOperation@IfStatement@BlockStatement@StatementExpress...
operador_modulo,Operador módulo e divisibilidade,502,71,int,sum1,0.056,5,114,int@BasicType@LocalVariableDeclaration@VariableDeclarator@sum1
operador_modulo,Operador módulo e divisibilidade,494,104,nums,==,0.0557,5,207,nums@MemberReference@BinaryOperation@IfStatement@BlockStatement@StatementExpr...
operador_modulo,Operador módulo e divisibilidade,487,100,int,round10,0.0552,6,52,int@BasicType@FormalParameter@MethodDeclaration@StatementExpression@MethodInv...
operador_modulo,Operador módulo e divisibilidade,502,118,nums,=,0.0549,10,146,nums@MemberReference@BinaryOperation@ArraySelector@MemberReference@Assignment@=
operador_modulo,Operador módulo e divisibilidade,494,104,nums,2,0.0542,10,207,nums@MemberReference@BinaryOperation@Literal@2
operador_modulo,Operador módulo e divisibilidade,494,44,nums,==,0.0539,10,88,nums@FormalParameter@MethodDeclaration@IfStatement@BinaryOperation@==
operador_modulo,Operador módulo e divisibilidade,494,104,maximum,=,0.0539,14,207,<PAD/UNK>
operador_modulo,Operador módulo e divisibilidade,502,64,a,start,0.0539,7,234,<PAD/UNK>
operador_modulo,Operador módulo e divisibilidade,494,104,int,nums,0.053,26,207,int@BasicType@FormalParameter@nums
operador_modulo,Operador módulo e divisibilidade,494,44,nums,==,0.0525,6,88,nums@FormalParameter@MethodDeclaration@ForStatement@BlockStatement@IfStatemen...
operador_modulo,Operador módulo e divisibilidade,494,104,int,zeroMax,0.0522,10,207,int@BasicType@MethodDeclaration@zeroMax
operador_modulo,Operador módulo e divisibilidade,502,64,n,=,0.0512,11,234,n@FormalParameter@MethodDeclaration@ForStatement@BlockStatement@StatementExpr...
operador_modulo,Operador módulo e divisibilidade,502,64,i,%,0.0511,6,234,i@MemberReference@BinaryOperation@BinaryOperation@BinaryOperation@BinaryOpera...
operador_modulo,Operador módulo e divisibilidade,494,104,nums,<PAD/UNK>,0.0503,10,207,<PAD/UNK>
operador_modulo,Operador módulo e divisibilidade,502,64,++,=,0.0498,8,234,++@MemberReference@ForControl@ForStatement@BlockStatement@StatementExpression...
operador_modulo,Operador módulo e divisibilidade,494,104,int,1,0.0492,5,207,int@BasicType@VariableDeclaration@VariableDeclarator@BinaryOperation@Literal@1
operador_modulo,Operador módulo e divisibilidade,502,64,==,<PAD/UNK>,0.0492,6,234,<PAD/UNK>
operador_modulo,Operador módulo e divisibilidade,502,118,int,i,0.0478,7,146,int@BasicType@VariableDeclaration@ForControl@BinaryOperation@MemberReference@i
operador_modulo,Operador módulo e divisibilidade,494,44,int,countEvens,0.0477,8,88,int@BasicType@MethodDeclaration@countEvens
operador_modulo,Operador módulo e divisibilidade,494,104,int,j,0.0466,8,207,int@BasicType@VariableDeclaration@VariableDeclarator@j
operador_modulo,Operador módulo e divisibilidade,502,51,%,10,0.046,5,115,%@BinaryOperation@Literal@10
operador_modulo,Operador módulo e divisibilidade,502,118,nums,=,0.0448,5,146,nums@MemberReference@Assignment@=
operador_modulo,Operador módulo e divisibilidade,487,100,round10,=,0.0445,6,52,round10@MethodInvocation@Assignment@StatementExpression@MethodDeclaration@Sta...
operador_modulo,Operador módulo e divisibilidade,487,101,int,goal,0.0444,6,483,int@BasicType@FormalParameter@goal
operador_modulo,Operador módulo e divisibilidade,494,104,++,=,0.0424,10,207,++@MemberReference@ForControl@ForStatement@BlockStatement@StatementExpression...
operador_modulo,Operador módulo e divisibilidade,494,104,<PAD/UNK>,=,0.0379,12,207,<PAD/UNK>
operador_modulo,Operador módulo e divisibilidade,494,104,int,++,0.0375,6,207,int@BasicType@VariableDeclaration@ForControl@MemberReference@++
operador_modulo,Operador módulo e divisibilidade,502,51,int,i,0.0371,7,115,int@BasicType@VariableDeclaration@ForControl@BinaryOperation@MemberReference@i
operador_modulo,Operador módulo e divisibilidade,494,104,<,length,0.0338,7,207,<@BinaryOperation@BinaryOperation@MemberReference@length
operador_modulo,Operador módulo e divisibilidade,494,104,int,length,0.0337,9,207,int@BasicType@VariableDeclaration@ForControl@BinaryOperation@BinaryOperation@...
operador_modulo,Operador módulo e divisibilidade,494,104,nums,0,0.0334,7,207,nums@MemberReference@BinaryOperation@Literal@0
operador_modulo,Operador módulo e divisibilidade,487,101,int,<=,0.0321,5,483,int@BasicType@LocalVariableDeclaration@MethodDeclaration@IfStatement@BinaryOp...
operador_modulo,Operador módulo e divisibilidade,487,101,int,roundSum,0.0277,12,483,int@BasicType@MethodDeclaration@roundSum
operador_modulo,Operador módulo e divisibilidade,494,104,zeroMax,nums,0.0257,11,207,zeroMax@MethodDeclaration@FormalParameter@nums
operador_modulo,Operador módulo e divisibilidade,494,44,nums,2,0.0245,12,88,nums@MemberReference@BinaryOperation@Literal@2
operador_modulo,Operador módulo e divisibilidade,494,104,nums,largeOdd,0.0242,5,207,<PAD/UNK>
operador_modulo,Operador módulo e divisibilidade,494,44,int,nums,0.0235,16,88,int@BasicType@FormalParameter@nums
operador_modulo,Operador módulo e divisibilidade,494,104,int,nums,0.0227,10,207,int@BasicType@MethodDeclaration@FormalParameter@nums
operador_modulo,Operador módulo e divisibilidade,494,44,int,1,0.0184,7,88,int@BasicType@LocalVariableDeclaration@VariableDeclarator@BinaryOperation@Lit...
operador_modulo,Operador módulo e divisibilidade,494,104,int,findMaxOdd,0.0166,8,207,<PAD/UNK>
operador_modulo,Operador módulo e divisibilidade,494,44,countEvens,==,0.0128,8,88,countEvens@MethodDeclaration@ForStatement@BlockStatement@IfStatement@BinaryOp...
operador_modulo,Operador módulo e divisibilidade,494,104,int,length,0.0078,8,207,int@BasicType@LocalVariableDeclaration@VariableDeclarator@ArrayCreator@Member...
operador_modulo,Operador módulo e divisibilidade,494,104,int,n,0.0072,7,207,int@BasicType@FormalParameter@MethodDeclaration@ForStatement@ForControl@Membe...
operador_modulo,Operador módulo e divisibilidade,494,104,>,+,0.0049,6,207,>@BinaryOperation@MemberReference@ArraySelector@BinaryOperation@+
operador_modulo,Operador módulo e divisibilidade,494,104,n,==,0.0045,6,207,n@MemberReference@ForControl@ForStatement@BlockStatement@IfStatement@BinaryOp...
padrao_acumulador,Padrão acumulador,492,36,countCode,str,0.9269,47,141,countCode@MethodDeclaration@FormalParameter@str
padrao_acumulador,Padrão acumulador,494,49,int,0,0.8773,9,120,int@BasicType@VariableDeclaration@VariableDeclarator@Literal@0
padrao_acumulador,Padrão acumulador,494,44,int,0,0.8587,15,88,int@BasicType@VariableDeclaration@VariableDeclarator@Literal@0
padrao_acumulador,Padrão acumulador,494,41,int,+,0.8466,10,51,int@BasicType@FormalParameter@MethodDeclaration@ReturnStatement@BinaryOperati...
padrao_acumulador,Padrão acumulador,494,107,int,0,0.8454,28,354,int@BasicType@VariableDeclaration@VariableDeclarator@Literal@0
padrao_acumulador,Padrão acumulador,494,104,int,0,0.765,26,207,int@BasicType@VariableDeclaration@VariableDeclarator@Literal@0
padrao_acumulador,Padrão acumulador,494,104,>,==,0.7353,5,207,<PAD/UNK>
padrao_acumulador,Padrão acumulador,494,107,nums,=,0.6192,18,354,nums@MemberReference@Assignment@=
padrao_acumulador,Padrão acumulador,494,49,int,1,0.5397,19,120,int@BasicType@VariableDeclaration@ForControl@BinaryOperation@BinaryOperation@...
padrao_acumulador,Padrão acumulador,494,107,<,==,0.5391,52,354,<@BinaryOperation@ForControl@ForStatement@BlockStatement@IfStatement@BinaryOp...
padrao_acumulador,Padrão acumulador,494,49,int,length,0.516,25,120,int@BasicType@VariableDeclaration@ForControl@BinaryOperation@MemberReference@...
padrao_acumulador,Padrão acumulador,494,41,int,<=,0.5096,7,51,int@BasicType@LocalVariableDeclaration@MethodDeclaration@ForStatement@ForCont...
padrao_acumulador,Padrão acumulador,494,104,nums,=,0.4913,40,207,nums@MemberReference@Assignment@=
padrao_acumulador,Padrão acumulador,494,107,int,1,0.4702,43,354,int@BasicType@VariableDeclaration@ForControl@BinaryOperation@BinaryOperation@...
padrao_acumulador,Padrão acumulador,494,107,int,==,0.4532,8,354,int@BasicType@LocalVariableDeclaration@MethodDeclaration@IfStatement@BinaryOp...
padrao_acumulador,Padrão acumulador,492,36,countCode,str,0.4398,14,141,countCode@MethodDeclaration@ForStatement@ForControl@BinaryOperation@MethodInv...
padrao_acumulador,Padrão acumulador,502,71,i,1,0.4375,5,114,i@MemberReference@BinaryOperation@Literal@1
padrao_acumulador,Padrão acumulador,494,49,int,==,0.4325,10,120,int@BasicType@LocalVariableDeclaration@MethodDeclaration@IfStatement@BinaryOp...
padrao_acumulador,Padrão acumulador,494,107,int,end,0.4297,10,354,int@BasicType@LocalVariableDeclaration@VariableDeclarator@end
padrao_acumulador,Padrão acumulador,502,71,nums,i,0.4297,11,114,nums@FormalParameter@MethodDeclaration@ForStatement@ForControl@BinaryOperatio...
padrao_acumulador,Padrão acumulador,487,100,int,21,0.4229,6,52,int@BasicType@FormalParameter@MethodDeclaration@IfStatement@BinaryOperation@L...
padrao_acumulador,Padrão acumulador,494,107,int,length,0.4134,33,354,int@BasicType@VariableDeclaration@ForControl@BinaryOperation@MemberReference@...
padrao_acumulador,Padrão acumulador,487,100,int,d,0.4079,6,52,<PAD/UNK>
padrao_acumulador,Padrão acumulador,487,22,>=,fixTeen,0.4013,19,288,<PAD/UNK>
padrao_acumulador,Padrão acumulador,487,25,||,||,0.3926,7,218,<PAD/UNK>
padrao_acumulador,Padrão acumulador,494,44,nums,=,0.391,12,88,nums@MemberReference@Assignment@=
padrao_acumulador,Padrão acumulador,494,107,nums,==,0.3891,11,354,nums@MemberReference@BinaryOperation@IfStatement@BlockStatement@IfStatement@B...
padrao_acumulador,Padrão acumulador,494,44,int,length,0.3881,15,88,int@BasicType@VariableDeclaration@ForControl@BinaryOperation@MemberReference@...
padrao_acumulador,Padrão acumulador,487,21,int,=,0.3844,6,113,<PAD/UNK>
padrao_acumulador,Padrão acumulador,494,107,int,cur,0.3804,8,354,<PAD/UNK>
padrao_acumulador,Padrão acumulador,487,25,without2,str,0.378,13,218,without2@MethodDeclaration@FormalParameter@str
padrao_acumulador,Padrão acumulador,487,25,big,c,0.3764,5,218,<PAD/UNK>
padrao_acumulador,Padrão acumulador,494,107,int,<PAD/UNK>,0.358,17,354,<PAD/UNK>
padrao_acumulador,Padrão acumulador,494,104,int,<PAD/UNK>,0.3549,22,207,<PAD/UNK>
padrao_acumulador,Padrão acumulador,487,22,int,b,0.3545,64,288,int@BasicType@FormalParameter@b
padrao_acumulador,Padrão acumulador,502,56,int,largest,0.3386,20,173,int@BasicType@LocalVariableDeclaration@VariableDeclarator@largest
padrao_acumulador,Padrão acumulador,494,44,int,==,0.3374,10,88,int@BasicType@LocalVariableDeclaration@MethodDeclaration@IfStatement@BinaryOp...
padrao_acumulador,Padrão acumulador,487,25,int,c,0.333,31,218,int@BasicType@FormalParameter@c
padrao_acumulador,Padrão acumulador,494,104,int,length,0.3304,43,207,int@BasicType@VariableDeclaration@ForControl@BinaryOperation@MemberReference@...
padrao_acumulador,Padrão acumulador,494,107,int,end,0.3292,9,354,int@BasicType@FormalParameter@MethodDeclaration@LocalVariableDeclaration@Vari...
padrao_acumulador,Padrão acumulador,487,25,int,==,0.3255,10,218,int@BasicType@FormalParameter@MethodDeclaration@IfStatement@IfStatement@Binar...
padrao_acumulador,Padrão acumulador,494,104,int,1,0.3175,9,207,int@BasicType@VariableDeclaration@ForControl@BinaryOperation@BinaryOperation@...
padrao_acumulador,Padrão acumulador,492,36,String,str,0.3161,5,141,String@ReferenceType@FormalParameter@MethodDeclaration@LocalVariableDeclarati...
padrao_acumulador,Padrão acumulador,487,22,&&,fixTeen,0.3153,23,288,<PAD/UNK>
padrao_acumulador,Padrão acumulador,494,104,<,==,0.311,30,207,<@BinaryOperation@ForControl@ForStatement@BlockStatement@IfStatement@BinaryOp...
padrao_acumulador,Padrão acumulador,487,22,int,fixTeen,0.3084,26,288,int@BasicType@FormalParameter@MethodDeclaration@ReturnStatement@BinaryOperati...
padrao_acumulador,Padrão acumulador,487,25,space,=,0.308,14,218,<PAD/UNK>
padrao_acumulador,Padrão acumulador,502,56,nums,i,0.3031,7,173,nums@FormalParameter@MethodDeclaration@ForStatement@ForControl@BinaryOperatio...
padrao_acumulador,Padrão acumulador,487,25,int,c,0.3029,96,218,int@BasicType@FormalParameter@MethodDeclaration@FormalParameter@c
padrao_acumulador,Padrão acumulador,487,22,b,=,0.302,13,288,<PAD/UNK>
padrao_acumulador,Padrão acumulador,487,21,13,=,0.2958,12,113,<PAD/UNK>
padrao_acumulador,Padrão acumulador,502,71,int,0,0.2862,26,114,int@BasicType@LocalVariableDeclaration@VariableDeclarator@Literal@0
padrao_acumulador,Padrão acumulador,487,22,int,fixTeen,0.2789,11,288,int@BasicType@FormalParameter@MethodDeclaration@StatementExpression@Assignmen...
padrao_acumulador,Padrão acumulador,502,56,int,0,0.2752,30,173,int@BasicType@LocalVariableDeclaration@MethodDeclaration@LocalVariableDeclara...
padrao_acumulador,Padrão acumulador,487,21,int,c,0.2697,27,113,int@BasicType@FormalParameter@c
padrao_acumulador,Padrão acumulador,494,107,<,==,0.2657,7,354,<@BinaryOperation@BinaryOperation@BinaryOperation@==
padrao_acumulador,Padrão acumulador,492,36,str,str,0.2646,16,141,str@FormalParameter@MethodDeclaration@LocalVariableDeclaration@VariableDeclar...
padrao_acumulador,Padrão acumulador,502,56,int,0,0.2569,38,173,int@BasicType@LocalVariableDeclaration@VariableDeclarator@Literal@0
padrao_acumulador,Padrão acumulador,487,21,int,==,0.2567,5,113,int@BasicType@FormalParameter@MethodDeclaration@IfStatement@BinaryOperation@B...
padrao_acumulador,Padrão acumulador,487,22,int,==,0.2532,36,288,int@BasicType@FormalParameter@MethodDeclaration@IfStatement@BinaryOperation@B...
padrao_acumulador,Padrão acumulador,487,100,int,c,0.2418,18,52,int@BasicType@FormalParameter@MethodDeclaration@FormalParameter@c
padrao_acumulador,Padrão acumulador,494,107,int,2,0.2357,5,354,int@BasicType@VariableDeclaration@ForControl@BinaryOperation@BinaryOperation@...
padrao_acumulador,Padrão acumulador,487,22,b,20,0.2322,8,288,<PAD/UNK>
padrao_acumulador,Padrão acumulador,494,104,int,<,0.2321,21,207,int@BasicType@FormalParameter@MethodDeclaration@ForStatement@ForControl@Binar...
padrao_acumulador,Padrão acumulador,487,22,<PAD/UNK>,=,0.2314,6,288,<PAD/UNK>
padrao_acumulador,Padrão acumulador,487,22,||,19,0.2306,7,288,<PAD/UNK>
padrao_acumulador,Padrão acumulador,487,25,&&,==,0.23,5,218,<PAD/UNK>
padrao_acumulador,Padrão acumulador,487,22,a,fixTeen,0.2298,8,288,<PAD/UNK>
padrao_acumulador,Padrão acumulador,487,21,<PAD/UNK>,=,0.2257,21,113,<PAD/UNK>
padrao_acumulador,Padrão acumulador,502,71,<PAD/UNK>,=,0.2245,13,114,<PAD/UNK>
padrao_acumulador,Padrão acumulador,494,107,int,1,0.2214,11,354,int@BasicType@VariableDeclaration@VariableDeclarator@Literal@1
padrao_acumulador,Padrão acumulador,502,56,<PAD/UNK>,=,0.2199,23,173,<PAD/UNK>
padrao_acumulador,Padrão acumulador,494,49,int,<,0.2187,34,120,int@BasicType@FormalParameter@MethodDeclaration@ForStatement@ForControl@Binar...
padrao_acumulador,Padrão acumulador,492,36,&&,charAt,0.2153,8,141,&&@BinaryOperation@BinaryOperation@MethodInvocation@charAt
padrao_acumulador,Padrão acumulador,502,56,small,=,0.213,5,173,<PAD/UNK>
padrao_acumulador,Padrão acumulador,492,36,String,str,0.2122,28,141,String@ReferenceType@FormalParameter@str
padrao_acumulador,Padrão acumulador,487,22,13,19,0.211,10,288,<PAD/UNK>
padrao_acumulador,Padrão acumulador,487,21,atFirst,str,0.2099,5,113,atFirst@MethodDeclaration@FormalParameter@str
padrao_acumulador,Padrão acumulador,502,71,%,0,0.2097,11,114,%@BinaryOperation@BinaryOperation@Literal@0
padrao_acumulador,Padrão acumulador,502,56,%,0,0.2089,11,173,%@BinaryOperation@BinaryOperation@Literal@0
padrao_acumulador,Padrão acumulador,494,104,index,==,0.2073,6,207,<PAD/UNK>
padrao_acumulador,Padrão acumulador,494,107,nums,==,0.2055,5,354,nums@FormalParameter@MethodDeclaration@ForStatement@IfStatement@BinaryOperati...
padrao_acumulador,Padrão acumulador,487,21,int,c,0.2044,52,113,int@BasicType@FormalParameter@MethodDeclaration@FormalParameter@c
padrao_acumulador,Padrão acumulador,487,25,int,j,0.2037,9,218,<PAD/UNK>
padrao_acumulador,Padrão acumulador,494,49,1,=,0.2032,6,120,1@Literal@BinaryOperation@ArraySelector@MemberReference@Assignment@=
padrao_acumulador,Padrão acumulador,487,22,0,||,0.2018,11,288,<PAD/UNK>
padrao_acumulador,Padrão acumulador,494,104,int,result,0.2006,5,207,int@BasicType@FormalParameter@MethodDeclaration@LocalVariableDeclaration@Vari...
padrao_acumulador,Padrão acumulador,494,107,nums,val,0.1995,5,354,nums@MemberReference@BinaryOperation@MemberReference@val
padrao_acumulador,Padrão acumulador,494,44,int,3,0.1994,10,88,int@BasicType@FormalParameter@MethodDeclaration@IfStatement@BinaryOperation@L...
padrao_acumulador,Padrão acumulador,494,49,nums,+=,0.1992,8,120,nums@MemberReference@Assignment@+=
padrao_acumulador,Padrão acumulador,494,107,int,<,0.1987,54,354,int@BasicType@FormalParameter@MethodDeclaration@ForStatement@ForControl@Binar...
padrao_acumulador,Padrão acumulador,494,104,=,=,0.1954,12,207,=@Assignment@StatementExpression@BlockStatement@StatementExpression@Assignment@=
padrao_acumulador,Padrão acumulador,494,49,int,val,0.1935,16,120,int@BasicType@FormalParameter@MethodDeclaration@FormalParameter@val
padrao_acumulador,Padrão acumulador,487,25,b,/,0.1926,5,218,<PAD/UNK>
padrao_acumulador,Padrão acumulador,487,25,int,==,0.1926,22,218,int@BasicType@FormalParameter@MethodDeclaration@IfStatement@BinaryOperation@B...
padrao_acumulador,Padrão acumulador,487,21,int,answer,0.1925,5,113,int@BasicType@FormalParameter@MethodDeclaration@LocalVariableDeclaration@Vari...
padrao_acumulador,Padrão acumulador,494,49,int,total,0.1892,7,120,int@BasicType@LocalVariableDeclaration@VariableDeclarator@total
padrao_acumulador,Padrão acumulador,487,100,int,b,0.1889,22,52,int@BasicType@FormalParameter@b
padrao_acumulador,Padrão acumulador,487,22,b,fixTeen,0.1871,22,288,<PAD/UNK>
padrao_acumulador,Padrão acumulador,487,100,int,c,0.1837,9,52,int@BasicType@FormalParameter@c
padrao_acumulador,Padrão acumulador,502,56,int,tot,0.177,8,173,<PAD/UNK>
padrao_acumulador,Padrão acumulador,494,104,nums,7,0.1769,14,207,nums@MemberReference@BinaryOperation@Literal@7
padrao_acumulador,Padrão acumulador,487,22,&&,c,0.1764,15,288,<PAD/UNK>
padrao_acumulador,Padrão acumulador,487,25,int,diffAC,0.1736,5,218,<PAD/UNK>
padrao_acumulador,Padrão acumulador,494,107,1,=,0.1732,30,354,1@Literal@BinaryOperation@Assignment@=
padrao_acumulador,Padrão acumulador,487,21,int,<PAD/UNK>,0.1726,23,113,<PAD/UNK>
padrao_acumulador,Padrão acumulador,494,107,nums,+,0.1715,78,354,nums@MemberReference@BinaryOperation@MemberReference@ArraySelector@BinaryOper...
padrao_acumulador,Padrão acumulador,487,22,<,fixTeen,0.1699,19,288,<PAD/UNK>
padrao_acumulador,Padrão acumulador,494,104,nums,=,0.1696,6,207,nums@MemberReference@MethodInvocation@Assignment@=
padrao_acumulador,Padrão acumulador,487,22,int,c,0.1688,133,288,int@BasicType@FormalParameter@c
padrao_acumulador,Padrão acumulador,492,36,==,str,0.1685,7,141,==@BinaryOperation@BinaryOperation@BinaryOperation@MethodInvocation@str
padrao_acumulador,Padrão acumulador,494,49,nums,13,0.1676,32,120,nums@MemberReference@BinaryOperation@Literal@13
padrao_acumulador,Padrão acumulador,487,22,int,<PAD/UNK>,0.1659,8,288,<PAD/UNK>
padrao_acumulador,Padrão acumulador,502,56,==,=,0.1641,8,173,==@BinaryOperation@IfStatement@IfStatement@BlockStatement@StatementExpression...
padrao_acumulador,Padrão acumulador,494,107,<,=,0.1634,8,354,<@BinaryOperation@ForControl@ForStatement@BlockStatement@StatementExpression@...
padrao_acumulador,Padrão acumulador,494,44,int,==,0.1612,12,88,int@BasicType@FormalParameter@MethodDeclaration@IfStatement@BinaryOperation@==
padrao_acumulador,Padrão acumulador,487,25,<PAD/UNK>,abs,0.1589,17,218,<PAD/UNK>
padrao_acumulador,Padrão acumulador,487,21,13,x,0.1566,7,113,<PAD/UNK>
padrao_acumulador,Padrão acumulador,492,36,String,-,0.1565,9,141,String@ReferenceType@FormalParameter@MethodDeclaration@LocalVariableDeclarati...
padrao_acumulador,Padrão acumulador,487,25,small,&&,0.1555,10,218,<PAD/UNK>
padrao_acumulador,Padrão acumulador,502,56,i,=,0.1555,28,173,i@MemberReference@ArraySelector@MemberReference@Assignment@=
padrao_acumulador,Padrão acumulador,487,22,int,10,0.1538,8,288,int@BasicType@FormalParameter@MethodDeclaration@IfStatement@ReturnStatement@L...
padrao_acumulador,Padrão acumulador,502,56,int,sum,0.1527,24,173,int@BasicType@LocalVariableDeclaration@VariableDeclarator@sum
padrao_acumulador,Padrão acumulador,494,104,int,+,0.152,7,207,int@BasicType@VariableDeclaration@VariableDeclarator@BinaryOperation@+
padrao_acumulador,Padrão acumulador,494,104,+,7,0.1506,5,207,+@BinaryOperation@ArraySelector@MemberReference@BinaryOperation@Literal@7
padrao_acumulador,Padrão acumulador,494,107,int,clump,0.1504,19,354,int@BasicType@FormalParameter@MethodDeclaration@LocalVariableDeclaration@Vari...
padrao_acumulador,Padrão acumulador,502,56,count,=,0.1502,7,173,count@MemberReference@Assignment@=
padrao_acumulador,Padrão acumulador,494,104,int,>=,0.1501,9,207,int@BasicType@LocalVariableDeclaration@MethodDeclaration@ForStatement@ForCont...
padrao_acumulador,Padrão acumulador,487,25,<PAD/UNK>,=,0.1499,64,218,<PAD/UNK>
padrao_acumulador,Padrão acumulador,487,21,int,=,0.1496,7,113,int@BasicType@LocalVariableDeclaration@MethodDeclaration@IfStatement@Statemen...
padrao_acumulador,Padrão acumulador,487,22,!=,fixTeen,0.1488,6,288,<PAD/UNK>
padrao_acumulador,Padrão acumulador,487,25,int,<PAD/UNK>,0.1479,66,218,<PAD/UNK>
padrao_acumulador,Padrão acumulador,494,49,int,val,0.1472,10,120,int@BasicType@FormalParameter@val
padrao_acumulador,Padrão acumulador,494,49,int,>=,0.146,5,120,<PAD/UNK>
padrao_acumulador,Padrão acumulador,502,71,int,i,0.1459,18,114,int@BasicType@VariableDeclaration@ForControl@MemberReference@i
padrao_acumulador,Padrão acumulador,494,44,nums,=,0.1398,7,88,<PAD/UNK>
padrao_acumulador,Padrão acumulador,487,22,int,fixTeen,0.1383,9,288,int@BasicType@LocalVariableDeclaration@VariableDeclarator@BinaryOperation@Met...
padrao_acumulador,Padrão acumulador,502,71,int,<PAD/UNK>,0.1376,40,114,<PAD/UNK>
padrao_acumulador,Padrão acumulador,494,49,++,=,0.1349,13,120,++@MemberReference@ForControl@ForStatement@BlockStatement@StatementExpression...
padrao_acumulador,Padrão acumulador,487,21,int,x,0.1344,5,113,int@BasicType@FormalParameter@MethodDeclaration@LocalVariableDeclaration@Vari...
padrao_acumulador,Padrão acumulador,487,22,int,c,0.1342,142,288,int@BasicType@FormalParameter@MethodDeclaration@FormalParameter@c
padrao_acumulador,Padrão acumulador,494,107,int,cur,0.1307,10,354,int@BasicType@LocalVariableDeclaration@VariableDeclarator@cur
padrao_acumulador,Padrão acumulador,502,56,int,i,0.1299,31,173,int@BasicType@VariableDeclaration@ForControl@MemberReference@i
padrao_acumulador,Padrão acumulador,487,25,<PAD/UNK>,b,0.1276,9,218,<PAD/UNK>
padrao_acumulador,Padrão acumulador,487,25,<PAD/UNK>,false,0.1274,7,218,<PAD/UNK>
padrao_acumulador,Padrão acumulador,492,36,xyBalance,str,0.127,17,141,xyBalance@MethodDeclaration@FormalParameter@str
padrao_acumulador,Padrão acumulador,492,36,-,2,0.1263,7,141,-@BinaryOperation@Literal@2
padrao_acumulador,Padrão acumulador,487,100,int,round10,0.1261,6,52,int@BasicType@FormalParameter@MethodDeclaration@StatementExpression@Assignmen...
padrao_acumulador,Padrão acumulador,487,22,17,==,0.1244,6,288,<PAD/UNK>
padrao_acumulador,Padrão acumulador,494,49,int,length,0.1208,6,120,int@BasicType@LocalVariableDeclaration@VariableDeclarator@MemberReference@length
padrao_acumulador,Padrão acumulador,494,107,nums,a,0.1208,7,354,<PAD/UNK>
padrao_acumulador,Padrão acumulador,487,22,int,||,0.1203,8,288,int@BasicType@FormalParameter@MethodDeclaration@IfStatement@BinaryOperation@||
padrao_acumulador,Padrão acumulador,494,107,int,a,0.1186,5,354,int@BasicType@VariableDeclaration@ForControl@BinaryOperation@MemberReference@a
padrao_acumulador,Padrão acumulador,487,22,13,<,0.1167,5,288,<PAD/UNK>
padrao_acumulador,Padrão acumulador,494,107,int,isClump,0.1158,7,354,int@BasicType@LocalVariableDeclaration@MethodDeclaration@LocalVariableDeclara...
padrao_acumulador,Padrão acumulador,494,49,int,length,0.115,9,120,int@BasicType@FormalParameter@MethodDeclaration@IfStatement@BinaryOperation@M...
padrao_acumulador,Padrão acumulador,494,107,int,clumps,0.113,23,354,int@BasicType@FormalParameter@MethodDeclaration@LocalVariableDeclaration@Vari...
padrao_acumulador,Padrão acumulador,487,25,ac,=,0.112,6,218,<PAD/UNK>
padrao_acumulador,Padrão acumulador,494,107,nums,==,0.1105,7,354,nums@MemberReference@BinaryOperation@BinaryOperation@BinaryOperation@==
padrao_acumulador,Padrão acumulador,494,49,nums,val,0.1097,7,120,nums@MemberReference@BinaryOperation@MemberReference@val
padrao_acumulador,Padrão acumulador,502,56,total,=,0.1085,10,173,<PAD/UNK>
padrao_acumulador,Padrão acumulador,502,56,int,<PAD/UNK>,0.108,52,173,<PAD/UNK>
padrao_acumulador,Padrão acumulador,492,36,countCode,String,0.1047,10,141,<PAD/UNK>
padrao_acumulador,Padrão acumulador,502,71,int,false,0.1043,7,114,<PAD/UNK>
padrao_acumulador,Padrão acumulador,502,71,sum1,=,0.1037,5,114,<PAD/UNK>
padrao_acumulador,Padrão acumulador,502,56,%,i,0.1012,5,173,%@BinaryOperation@MemberReference@ArraySelector@MemberReference@i
padrao_acumulador,Padrão acumulador,494,44,int,nums,0.1007,6,88,<PAD/UNK>
padrao_acumulador,Padrão acumulador,494,104,int,max,0.0995,5,207,int@BasicType@LocalVariableDeclaration@VariableDeclarator@max
padrao_acumulador,Padrão acumulador,487,21,int,c,0.0981,12,113,int@BasicType@FormalParameter@MethodDeclaration@IfStatement@BinaryOperation@M...
padrao_acumulador,Padrão acumulador,487,100,int,<PAD/UNK>,0.0976,9,52,<PAD/UNK>
padrao_acumulador,Padrão acumulador,494,49,nums,!=,0.0961,6,120,nums@FormalParameter@MethodDeclaration@ForStatement@BlockStatement@IfStatemen...
padrao_acumulador,Padrão acumulador,494,107,int,value,0.0961,8,354,<PAD/UNK>
padrao_acumulador,Padrão acumulador,502,56,int,nums,0.0959,26,173,int@BasicType@LocalVariableDeclaration@VariableDeclarator@MemberReference@nums
padrao_acumulador,Padrão acumulador,487,22,||,<,0.0944,7,288,<PAD/UNK>
padrao_acumulador,Padrão acumulador,502,56,largest,=,0.0931,10,173,largest@MemberReference@Assignment@=
padrao_acumulador,Padrão acumulador,494,44,int,<,0.0912,24,88,int@BasicType@FormalParameter@MethodDeclaration@ForStatement@ForControl@Binar...
padrao_acumulador,Padrão acumulador,494,41,int,x,0.0907,5,51,int@BasicType@VariableDeclaration@VariableDeclarator@x
padrao_acumulador,Padrão acumulador,502,71,int,0,0.0896,12,114,int@BasicType@VariableDeclaration@VariableDeclarator@Literal@0
padrao_acumulador,Padrão acumulador,502,56,==,largest,0.0886,7,173,<PAD/UNK>
padrao_acumulador,Padrão acumulador,494,107,int,nums,0.0884,46,354,int@BasicType@FormalParameter@nums
padrao_acumulador,Padrão acumulador,487,25,b,space,0.0877,10,218,<PAD/UNK>
padrao_acumulador,Padrão acumulador,487,21,13,c,0.0873,5,113,<PAD/UNK>
padrao_acumulador,Padrão acumulador,487,22,a,+,0.0866,6,288,<PAD/UNK>
padrao_acumulador,Padrão acumulador,487,22,>,fixTeen,0.0862,8,288,<PAD/UNK>
padrao_acumulador,Padrão acumulador,487,21,<PAD/UNK>,sum,0.086,17,113,<PAD/UNK>
padrao_acumulador,Padrão acumulador,502,56,int,0,0.0854,17,173,int@BasicType@FormalParameter@MethodDeclaration@LocalVariableDeclaration@Vari...
padrao_acumulador,Padrão acumulador,502,56,int,Arrays,0.0851,6,173,int@BasicType@FormalParameter@MethodDeclaration@StatementExpression@MethodInv...
padrao_acumulador,Padrão acumulador,494,44,=,=,0.0821,5,88,=@Assignment@StatementExpression@BlockStatement@StatementExpression@Assignment@=
padrao_acumulador,Padrão acumulador,492,36,&&,str,0.082,10,141,&&@BinaryOperation@BinaryOperation@MethodInvocation@str
padrao_acumulador,Padrão acumulador,502,56,int,1,0.0815,11,173,int@BasicType@VariableDeclaration@VariableDeclarator@Literal@1
padrao_acumulador,Padrão acumulador,494,107,int,n,0.081,11,354,int@BasicType@LocalVariableDeclaration@VariableDeclarator@BinaryOperation@Mem...
padrao_acumulador,Padrão acumulador,502,71,int,0,0.0799,7,114,int@BasicType@FormalParameter@MethodDeclaration@LocalVariableDeclaration@Vari...
padrao_acumulador,Padrão acumulador,494,49,nums,==,0.0793,5,120,nums@FormalParameter@MethodDeclaration@IfStatement@BinaryOperation@==
padrao_acumulador,Padrão acumulador,502,71,nums,i,0.0789,8,114,nums@FormalParameter@MethodDeclaration@ForStatement@ForControl@MemberReference@i
padrao_acumulador,Padrão acumulador,487,22,int,sum,0.0783,7,288,int@BasicType@LocalVariableDeclaration@MethodDeclaration@ReturnStatement@Memb...
padrao_acumulador,Padrão acumulador,494,44,nums,=,0.0776,14,88,nums@FormalParameter@MethodDeclaration@IfStatement@BlockStatement@StatementEx...
padrao_acumulador,Padrão acumulador,487,22,>=,10,0.0767,5,288,<PAD/UNK>
padrao_acumulador,Padrão acumulador,494,49,int,nums,0.0762,8,120,int@BasicType@FormalParameter@nums
padrao_acumulador,Padrão acumulador,494,104,int,c,0.0756,6,207,<PAD/UNK>
padrao_acumulador,Padrão acumulador,502,56,nums,=,0.0752,34,173,nums@MemberReference@BinaryOperation@IfStatement@BlockStatement@StatementExpr...
padrao_acumulador,Padrão acumulador,494,104,zeroMax,<PAD/UNK>,0.075,13,207,<PAD/UNK>
padrao_acumulador,Padrão acumulador,494,104,int,newArray,0.0746,6,207,int@BasicType@LocalVariableDeclaration@VariableDeclarator@newArray
padrao_acumulador,Padrão acumulador,487,22,c,fixTeen,0.0744,22,288,<PAD/UNK>
padrao_acumulador,Padrão acumulador,487,22,int,+,0.0743,7,288,int@BasicType@LocalVariableDeclaration@VariableDeclarator@BinaryOperation@Bin...
padrao_acumulador,Padrão acumulador,487,21,<PAD/UNK>,==,0.0741,8,113,<PAD/UNK>
padrao_acumulador,Padrão acumulador,502,71,int,==,0.0737,5,114,int@BasicType@FormalParameter@MethodDeclaration@IfStatement@BinaryOperation@==
padrao_acumulador,Padrão acumulador,492,36,==,str,0.073,9,141,==@BinaryOperation@BinaryOperation@BinaryOperation@BinaryOperation@MethodInvo...
padrao_acumulador,Padrão acumulador,502,71,int,0,0.073,9,114,int@BasicType@LocalVariableDeclaration@MethodDeclaration@IfStatement@BinaryOp...
padrao_acumulador,Padrão acumulador,487,22,19,<,0.0727,6,288,<PAD/UNK>
padrao_acumulador,Padrão acumulador,494,49,int,0,0.0726,11,120,int@BasicType@FormalParameter@MethodDeclaration@IfStatement@BinaryOperation@L...
padrao_acumulador,Padrão acumulador,494,44,nums,=,0.0725,5,88,nums@FormalParameter@MethodDeclaration@ForStatement@BlockStatement@IfStatemen...
padrao_acumulador,Padrão acumulador,487,25,space,>,0.0712,10,218,<PAD/UNK>
padrao_acumulador,Padrão acumulador,494,107,<,1,0.0711,12,354,<@BinaryOperation@BinaryOperation@Literal@1
padrao_acumulador,Padrão acumulador,494,44,countEvens,==,0.0708,10,88,<PAD/UNK>
padrao_acumulador,Padrão acumulador,502,71,%,2,0.0707,7,114,%@BinaryOperation@Literal@2
padrao_acumulador,Padrão acumulador,487,100,int,round10,0.0692,6,52,int@BasicType@FormalParameter@MethodDeclaration@ReturnStatement@BinaryOperati...
padrao_acumulador,Padrão acumulador,494,107,1,length,0.069,11,354,1@Literal@VariableDeclarator@VariableDeclaration@ForControl@BinaryOperation@M...
padrao_acumulador,Padrão acumulador,494,107,nums,==,0.0687,46,354,nums@FormalParameter@MethodDeclaration@ForStatement@BlockStatement@IfStatemen...
padrao_acumulador,Padrão acumulador,494,107,nums,2,0.0684,5,354,nums@MemberReference@BinaryOperation@BinaryOperation@ForControl@Assignment@Li...
padrao_acumulador,Padrão acumulador,487,25,int,>,0.0678,7,218,int@BasicType@LocalVariableDeclaration@MethodDeclaration@IfStatement@BinaryOp...
padrao_acumulador,Padrão acumulador,492,36,&&,str,0.0678,5,141,&&@BinaryOperation@BinaryOperation@BinaryOperation@MethodInvocation@str
padrao_acumulador,Padrão acumulador,492,36,countCode,char,0.0677,18,141,<PAD/UNK>
padrao_acumulador,Padrão acumulador,502,56,int,sort,0.0673,8,173,int@BasicType@FormalParameter@MethodDeclaration@StatementExpression@MethodInv...
padrao_acumulador,Padrão acumulador,502,56,int,centeredAverage,0.0673,9,173,int@BasicType@MethodDeclaration@centeredAverage
padrao_acumulador,Padrão acumulador,492,36,str,str,0.067,12,141,<PAD/UNK>
padrao_acumulador,Padrão acumulador,487,22,||,a,0.0668,6,288,<PAD/UNK>
padrao_acumulador,Padrão acumulador,494,104,int,maximum,0.0638,5,207,<PAD/UNK>
padrao_acumulador,Padrão acumulador,487,100,<PAD/UNK>,toString,0.0627,9,52,<PAD/UNK>
padrao_acumulador,Padrão acumulador,494,104,int,nums,0.0611,11,207,int@BasicType@VariableDeclaration@ForControl@BinaryOperation@BinaryOperation@...
padrao_acumulador,Padrão acumulador,494,49,nums,==,0.0607,13,120,nums@FormalParameter@MethodDeclaration@ForStatement@BlockStatement@IfStatemen...
padrao_acumulador,Padrão acumulador,487,25,int,Math,0.0604,18,218,int@BasicType@FormalParameter@MethodDeclaration@IfStatement@BinaryOperation@M...
padrao_acumulador,Padrão acumulador,494,41,nums,2,0.0601,16,51,nums@MemberReference@BinaryOperation@BinaryOperation@MemberReference@ArraySel...
padrao_acumulador,Padrão acumulador,494,49,int,length,0.0591,6,120,int@BasicType@LocalVariableDeclaration@MethodDeclaration@IfStatement@BinaryOp...
padrao_acumulador,Padrão acumulador,494,104,nums,==,0.0578,34,207,nums@FormalParameter@MethodDeclaration@ForStatement@BlockStatement@IfStatemen...
padrao_acumulador,Padrão acumulador,494,107,int,n,0.0578,5,354,int@BasicType@FormalParameter@n
padrao_acumulador,Padrão acumulador,487,21,=,=,0.057,8,113,<PAD/UNK>
padrao_acumulador,Padrão acumulador,494,107,++,==,0.057,14,354,++@MemberReference@ForControl@ForStatement@BlockStatement@IfStatement@BinaryO...
padrao_acumulador,Padrão acumulador,494,49,nums,=,0.0562,8,120,nums@FormalParameter@MethodDeclaration@ForStatement@BlockStatement@StatementE...
padrao_acumulador,Padrão acumulador,494,104,>,=,0.0561,12,207,>@BinaryOperation@BinaryOperation@IfStatement@BlockStatement@StatementExpress...
padrao_acumulador,Padrão acumulador,502,71,int,sum1,0.056,5,114,int@BasicType@LocalVariableDeclaration@VariableDeclarator@sum1
padrao_acumulador,Padrão acumulador,494,104,nums,==,0.0557,5,207,nums@MemberReference@BinaryOperation@IfStatement@BlockStatement@StatementExpr...
padrao_acumulador,Padrão acumulador,487,100,int,round10,0.0552,6,52,int@BasicType@FormalParameter@MethodDeclaration@StatementExpression@MethodInv...
padrao_acumulador,Padrão acumulador,487,22,int,||,0.0543,10,288,int@BasicType@FormalParameter@MethodDeclaration@IfStatement@BinaryOperation@B...
padrao_acumulador,Padrão acumulador,494,104,nums,2,0.0542,10,207,nums@MemberReference@BinaryOperation@Literal@2
padrao_acumulador,Padrão acumulador,494,44,nums,==,0.0539,10,88,nums@FormalParameter@MethodDeclaration@IfStatement@BinaryOperation@==
padrao_acumulador,Padrão acumulador,494,104,maximum,=,0.0539,14,207,<PAD/UNK>
padrao_acumulador,Padrão acumulador,494,107,int,n,0.0536,6,354,int@BasicType@FormalParameter@MethodDeclaration@FormalParameter@n
padrao_acumulador,Padrão acumulador,502,56,int,0,0.0532,7,173,int@BasicType@VariableDeclaration@VariableDeclarator@Literal@0
padrao_acumulador,Padrão acumulador,494,104,int,nums,0.053,26,207,int@BasicType@FormalParameter@nums
padrao_acumulador,Padrão acumulador,487,25,int,diff1,0.0526,5,218,int@BasicType@FormalParameter@MethodDeclaration@LocalVariableDeclaration@Vari...
padrao_acumulador,Padrão acumulador,494,44,nums,==,0.0525,6,88,nums@FormalParameter@MethodDeclaration@ForStatement@BlockStatement@IfStatemen...
padrao_acumulador,Padrão acumulador,494,107,int,length,0.0523,15,354,int@BasicType@VariableDeclaration@ForControl@BinaryOperation@BinaryOperation@...
padrao_acumulador,Padrão acumulador,494,104,int,zeroMax,0.0522,10,207,int@BasicType@MethodDeclaration@zeroMax
padrao_acumulador,Padrão acumulador,494,107,<,length,0.0516,6,354,<@BinaryOperation@MemberReference@length
padrao_acumulador,Padrão acumulador,487,25,int,b,0.0509,28,218,int@BasicType@FormalParameter@MethodDeclaration@FormalParameter@b
padrao_acumulador,Padrão acumulador,494,49,int,nums,0.0509,7,120,int@BasicType@VariableDeclaration@ForControl@BinaryOperation@BinaryOperation@...
padrao_acumulador,Padrão acumulador,494,104,nums,<PAD/UNK>,0.0503,10,207,<PAD/UNK>
padrao_acumulador,Padrão acumulador,494,41,int,sum3,0.0497,5,51,<PAD/UNK>
padrao_acumulador,Padrão acumulador,494,104,int,1,0.0492,5,207,int@BasicType@VariableDeclaration@VariableDeclarator@BinaryOperation@Literal@1
padrao_acumulador,Padrão acumulador,494,49,int,length,0.0488,5,120,int@BasicType@VariableDeclaration@ForControl@BinaryOperation@BinaryOperation@...
padrao_acumulador,Padrão acumulador,494,107,int,0,0.0482,7,354,int@BasicType@FormalParameter@MethodDeclaration@LocalVariableDeclaration@Vari...
padrao_acumulador,Padrão acumulador,494,44,int,countEvens,0.0477,8,88,int@BasicType@MethodDeclaration@countEvens
padrao_acumulador,Padrão acumulador,502,56,int,smallest,0.0477,6,173,int@BasicType@LocalVariableDeclaration@MethodDeclaration@LocalVariableDeclara...
padrao_acumulador,Padrão acumulador,492,36,==,str,0.0469,12,141,==@BinaryOperation@MethodInvocation@str
padrao_acumulador,Padrão acumulador,494,104,int,j,0.0466,8,207,int@BasicType@VariableDeclaration@VariableDeclarator@j
padrao_acumulador,Padrão acumulador,487,22,==,fixTeen,0.0462,6,288,<PAD/UNK>
padrao_acumulador,Padrão acumulador,494,107,int,<,0.0458,5,354,int@BasicType@LocalVariableDeclaration@MethodDeclaration@ForStatement@ForCont...
padrao_acumulador,Padrão acumulador,492,36,<PAD/UNK>,+,0.0455,9,141,<PAD/UNK>
padrao_acumulador,Padrão acumulador,487,100,round10,=,0.0445,6,52,round10@MethodInvocation@Assignment@StatementExpression@MethodDeclaration@Sta...
padrao_acumulador,Padrão acumulador,487,25,int,abs,0.0442,9,218,int@BasicType@FormalParameter@MethodDeclaration@IfStatement@BinaryOperation@M...
padrao_acumulador,Padrão acumulador,494,41,nums,=,0.0442,7,51,nums@FormalParameter@MethodDeclaration@ForStatement@BlockStatement@StatementE...
padrao_acumulador,Padrão acumulador,487,25,int,int,0.0436,5,218,int@BasicType@LocalVariableDeclaration@MethodDeclaration@LocalVariableDeclara...
padrao_acumulador,Padrão acumulador,494,107,int,nums,0.0436,39,354,int@BasicType@VariableDeclaration@ForControl@BinaryOperation@BinaryOperation@...
padrao_acumulador,Padrão acumulador,494,107,int,boolean,0.0434,5,354,int@BasicType@FormalParameter@MethodDeclaration@LocalVariableDeclaration@Basi...
padrao_acumulador,Padrão acumulador,494,104,++,=,0.0424,10,207,++@MemberReference@ForControl@ForStatement@BlockStatement@StatementExpression...
padrao_acumulador,Padrão acumulador,487,22,<=,fixTeen,0.0407,14,288,<PAD/UNK>
padrao_acumulador,Padrão acumulador,494,107,int,j,0.04,16,354,int@BasicType@VariableDeclaration@VariableDeclarator@j
padrao_acumulador,Padrão acumulador,492,36,String,"""e""",0.0391,7,141,<PAD/UNK>
padrao_acumulador,Padrão acumulador,494,107,int,nums,0.0391,5,354,int@BasicType@MethodDeclaration@FormalParameter@nums
padrao_acumulador,Padrão acumulador,494,107,int,++,0.0388,30,354,int@BasicType@VariableDeclaration@ForControl@MemberReference@++
padrao_acumulador,Padrão acumulador,494,107,clump,=,0.0383,18,354,clump@MemberReference@Assignment@=
padrao_acumulador,Padrão acumulador,494,107,int,j,0.0383,12,354,int@BasicType@VariableDeclaration@ForControl@MemberReference@j
padrao_acumulador,Padrão acumulador,494,104,<PAD/UNK>,=,0.0379,12,207,<PAD/UNK>
padrao_acumulador,Padrão acumulador,494,104,int,++,0.0375,6,207,int@BasicType@VariableDeclaration@ForControl@MemberReference@++
padrao_acumulador,Padrão acumulador,494,107,clump,+,0.0366,5,354,clump@MemberReference@Assignment@BinaryOperation@+
padrao_acumulador,Padrão acumulador,487,22,int,fixTeen,0.0361,52,288,int@BasicType@FormalParameter@MethodDeclaration@StatementExpression@MethodInv...
padrao_acumulador,Padrão acumulador,494,41,int,nums,0.0361,14,51,int@BasicType@FormalParameter@nums
padrao_acumulador,Padrão acumulador,494,107,nums,<,0.0354,9,354,nums@FormalParameter@MethodDeclaration@ForStatement@ForControl@BinaryOperation@<
padrao_acumulador,Padrão acumulador,487,25,int,false,0.0349,5,218,int@BasicType@FormalParameter@MethodDeclaration@IfStatement@ReturnStatement@L...
padrao_acumulador,Padrão acumulador,487,22,int,b,0.0349,14,288,int@BasicType@FormalParameter@MethodDeclaration@FormalParameter@b
padrao_acumulador,Padrão acumulador,487,21,int,13,0.0345,7,113,int@BasicType@FormalParameter@MethodDeclaration@IfStatement@BinaryOperation@L...
padrao_acumulador,Padrão acumulador,494,104,<,length,0.0338,7,207,<@BinaryOperation@BinaryOperation@MemberReference@length
padrao_acumulador,Padrão acumulador,494,104,int,length,0.0337,9,207,int@BasicType@VariableDeclaration@ForControl@BinaryOperation@BinaryOperation@...
padrao_acumulador,Padrão acumulador,502,56,count,0,0.0335,7,173,count@VariableDeclarator@LocalVariableDeclaration@MethodDeclaration@LocalVari...
padrao_acumulador,Padrão acumulador,494,104,nums,0,0.0334,7,207,nums@MemberReference@BinaryOperation@Literal@0
padrao_acumulador,Padrão acumulador,487,25,int,==,0.0329,29,218,int@BasicType@FormalParameter@MethodDeclaration@IfStatement@BinaryOperation@==
padrao_acumulador,Padrão acumulador,492,36,&&,str,0.0323,5,141,&&@BinaryOperation@MethodInvocation@str
padrao_acumulador,Padrão acumulador,502,56,count,0,0.0323,6,173,count@VariableDeclarator@Literal@0
padrao_acumulador,Padrão acumulador,494,41,int,+,0.0316,9,51,int@BasicType@FormalParameter@MethodDeclaration@ReturnStatement@BinaryOperati...
padrao_acumulador,Padrão acumulador,494,107,<,length,0.0311,15,354,<@BinaryOperation@BinaryOperation@MemberReference@length
padrao_acumulador,Padrão acumulador,494,49,nums,=,0.0309,7,120,nums@MemberReference@BinaryOperation@Assignment@=
padrao_acumulador,Padrão acumulador,502,56,nums,=,0.0298,7,173,nums@MemberReference@Assignment@StatementExpression@BlockStatement@StatementE...
padrao_acumulador,Padrão acumulador,487,22,int,c,0.0297,26,288,int@BasicType@FormalParameter@MethodDeclaration@ReturnStatement@BinaryOperati...
padrao_acumulador,Padrão acumulador,494,49,0,=,0.0292,9,120,0@Literal@Assignment@=
padrao_acumulador,Padrão acumulador,494,107,nums,=,0.0288,5,354,nums@FormalParameter@MethodDeclaration@ForStatement@BlockStatement@IfStatemen...
padrao_acumulador,Padrão acumulador,487,22,c,fixTeen,0.0275,13,288,c@FormalParameter@MethodDeclaration@ReturnStatement@BinaryOperation@MethodInv...
padrao_acumulador,Padrão acumulador,494,49,int,sum,0.0271,7,120,int@BasicType@FormalParameter@MethodDeclaration@LocalVariableDeclaration@Vari...
padrao_acumulador,Padrão acumulador,494,104,zeroMax,nums,0.0257,11,207,zeroMax@MethodDeclaration@FormalParameter@nums
padrao_acumulador,Padrão acumulador,487,21,int,b,0.0252,6,113,int@BasicType@FormalParameter@MethodDeclaration@FormalParameter@b
padrao_acumulador,Padrão acumulador,487,25,int,-,0.0249,11,218,int@BasicType@FormalParameter@MethodDeclaration@IfStatement@BinaryOperation@B...
padrao_acumulador,Padrão acumulador,487,25,boolean,<PAD/UNK>,0.0247,5,218,<PAD/UNK>
padrao_acumulador,Padrão acumulador,494,44,nums,2,0.0245,12,88,nums@MemberReference@BinaryOperation@Literal@2
padrao_acumulador,Padrão acumulador,494,104,nums,largeOdd,0.0242,5,207,<PAD/UNK>
padrao_acumulador,Padrão acumulador,492,36,&&,3,0.024,8,141,&&@BinaryOperation@BinaryOperation@MethodInvocation@BinaryOperation@Literal@3
padrao_acumulador,Padrão acumulador,494,107,nums,++,0.024,8,354,nums@MemberReference@BinaryOperation@BinaryOperation@ForControl@MemberReferen...
padrao_acumulador,Padrão acumulador,487,25,||,c,0.0236,5,218,||@BinaryOperation@BinaryOperation@MemberReference@c
padrao_acumulador,Padrão acumulador,494,44,int,nums,0.0235,16,88,int@BasicType@FormalParameter@nums
padrao_acumulador,Padrão acumulador,494,49,<,length,0.0235,8,120,<@BinaryOperation@MemberReference@length
padrao_acumulador,Padrão acumulador,494,104,int,nums,0.0227,10,207,int@BasicType@MethodDeclaration@FormalParameter@nums
padrao_acumulador,Padrão acumulador,494,49,<,1,0.0225,5,120,<@BinaryOperation@BinaryOperation@Literal@1
padrao_acumulador,Padrão acumulador,494,107,i,==,0.0215,6,354,<PAD/UNK>
padrao_acumulador,Padrão acumulador,487,22,b,fixTeen,0.0194,5,288,b@FormalParameter@MethodDeclaration@StatementExpression@Assignment@MethodInvo...
padrao_acumulador,Padrão acumulador,494,107,end,length,0.0186,6,354,end@VariableDeclarator@BinaryOperation@MemberReference@length
padrao_acumulador,Padrão acumulador,494,44,int,1,0.0184,7,88,int@BasicType@LocalVariableDeclaration@VariableDeclarator@BinaryOperation@Lit...
padrao_acumulador,Padrão acumulador,494,107,int,start,0.0177,6,354,int@BasicType@FormalParameter@MethodDeclaration@LocalVariableDeclaration@Vari...
padrao_acumulador,Padrão acumulador,494,104,int,findMaxOdd,0.0166,8,207,<PAD/UNK>
padrao_acumulador,Padrão acumulador,494,107,nums,=,0.016,29,354,nums@MemberReference@BinaryOperation@IfStatement@BlockStatement@StatementExpr...
padrao_acumulador,Padrão acumulador,494,41,sum3,+,0.0159,9,51,sum3@MethodDeclaration@ReturnStatement@BinaryOperation@BinaryOperation@+
padrao_acumulador,Padrão acumulador,492,36,count,str,0.0128,5,141,count@VariableDeclarator@LocalVariableDeclaration@MethodDeclaration@LocalVari...
padrao_acumulador,Padrão acumulador,494,44,countEvens,==,0.0128,8,88,countEvens@MethodDeclaration@ForStatement@BlockStatement@IfStatement@BinaryOp...
padrao_acumulador,Padrão acumulador,492,36,countCode,String,0.0116,12,141,countCode@MethodDeclaration@FormalParameter@ReferenceType@String
padrao_acumulador,Padrão acumulador,492,36,||,str,0.0115,5,141,||@BinaryOperation@BinaryOperation@BinaryOperation@BinaryOperation@BinaryOper...
padrao_acumulador,Padrão acumulador,492,36,charAt,=,0.0114,5,141,charAt@MethodInvocation@Assignment@=
padrao_acumulador,Padrão acumulador,492,36,str,str,0.0113,7,141,str@MethodInvocation@BinaryOperation@BinaryOperation@BinaryOperation@MethodIn...
padrao_acumulador,Padrão acumulador,487,22,&&,19,0.0095,5,288,&&@BinaryOperation@BinaryOperation@Literal@19
padrao_acumulador,Padrão acumulador,487,22,int,&&,0.0088,10,288,int@BasicType@FormalParameter@MethodDeclaration@IfStatement@BinaryOperation@B...
padrao_acumulador,Padrão acumulador,492,36,==,-,0.0085,6,141,<PAD/UNK>
padrao_acumulador,Padrão acumulador,492,36,str,str,0.0082,6,141,str@FormalParameter@MethodDeclaration@ForStatement@ForControl@BinaryOperation...
padrao_acumulador,Padrão acumulador,494,104,int,length,0.0078,8,207,int@BasicType@LocalVariableDeclaration@VariableDeclarator@ArrayCreator@Member...
padrao_acumulador,Padrão acumulador,494,104,int,n,0.0072,7,207,int@BasicType@FormalParameter@MethodDeclaration@ForStatement@ForControl@Membe...
padrao_acumulador,Padrão acumulador,487,25,||,c,0.0051,7,218,||@BinaryOperation@BinaryOperation@BinaryOperation@MemberReference@c
padrao_acumulador,Padrão acumulador,494,104,>,+,0.0049,6,207,>@BinaryOperation@MemberReference@ArraySelector@BinaryOperation@+
padrao_acumulador,Padrão acumulador,494,104,n,==,0.0045,6,207,n@MemberReference@ForControl@ForStatement@BlockStatement@IfStatement@BinaryOp...
padrao_acumulador,Padrão acumulador,492,36,==,+,0.0014,6,141,==@BinaryOperation@MethodInvocation@BinaryOperation@+
padrao_acumulador,Padrão acumulador,492,36,str,-,0.0009,6,141,str@FormalParameter@MethodDeclaration@ForStatement@ForControl@BinaryOperation...
padrao_acumulador,Padrão acumulador,492,36,String,++,0.0006,5,141,String@ReferenceType@FormalParameter@MethodDeclaration@ForStatement@ForContro...
padrao_acumulador,Padrão acumulador,492,36,countCode,count,0.0002,5,141,countCode@MethodDeclaration@LocalVariableDeclaration@VariableDeclarator@count
parametros_metodo,Uso de parâmetros de método em computação,439,1,int,sum,0.8354,7,82,int@BasicType@FieldDeclaration@VariableDeclarator@sum
parametros_metodo,Uso de parâmetros de método em computação,439,1,b,==,0.5684,13,82,b@FormalParameter@MethodDeclaration@IfStatement@BinaryOperation@BinaryOperati...
parametros_metodo,Uso de parâmetros de método em computação,439,1,int,sum,0.5619,6,82,int@BasicType@FormalParameter@MethodDeclaration@LocalVariableDeclaration@Vari...
parametros_metodo,Uso de parâmetros de método em computação,439,1,b,=,0.2353,5,82,b@MemberReference@BinaryOperation@Assignment@=
parametros_metodo,Uso de parâmetros de método em computação,439,1,int,||,0.1435,12,82,int@BasicType@FormalParameter@MethodDeclaration@IfStatement@BinaryOperation@||
parametros_metodo,Uso de parâmetros de método em computação,439,1,private,sum,0.139,7,82,private@Modifier@FieldDeclaration@VariableDeclarator@sum
parametros_metodo,Uso de parâmetros de método em computação,439,1,int,==,0.1206,5,82,int@BasicType@LocalVariableDeclaration@MethodDeclaration@IfStatement@BinaryOp...
parametros_metodo,Uso de parâmetros de método em computação,439,1,b,+,0.1181,6,82,b@MemberReference@BinaryOperation@BinaryOperation@BinaryOperation@BinaryOpera...
parametros_metodo,Uso de parâmetros de método em computação,439,1,int,>=,0.1058,13,82,int@BasicType@FormalParameter@MethodDeclaration@IfStatement@BinaryOperation@B...
parametros_metodo,Uso de parâmetros de método em computação,439,1,int,==,0.1005,6,82,int@BasicType@FormalParameter@MethodDeclaration@IfStatement@BinaryOperation@B...
parametros_metodo,Uso de parâmetros de método em computação,439,1,int,&&,0.0161,6,82,int@BasicType@FormalParameter@MethodDeclaration@IfStatement@BinaryOperation@&&
restricoes_negativas,Enforcement de restrições negativas,492,38,<,str,0.757,5,254,<@BinaryOperation@BinaryOperation@MethodInvocation@str
restricoes_negativas,Enforcement de restrições negativas,492,38,==,str,0.6132,7,254,==@BinaryOperation@BinaryOperation@BinaryOperation@MethodInvocation@str
restricoes_negativas,Enforcement de restrições negativas,492,38,'.',str,0.4364,6,254,<PAD/UNK>
restricoes_negativas,Enforcement de restrições negativas,492,38,String,String,0.4354,5,254,String@ReferenceType@LocalVariableDeclaration@MethodDeclaration@LocalVariable...
restricoes_negativas,Enforcement de restrições negativas,492,38,<PAD/UNK>,str,0.4228,7,254,<PAD/UNK>
restricoes_negativas,Enforcement de restrições negativas,492,38,String,str,0.3886,9,254,String@ReferenceType@FormalParameter@MethodDeclaration@StatementExpression@As...
restricoes_negativas,Enforcement de restrições negativas,492,38,<,str,0.3755,5,254,<PAD/UNK>
restricoes_negativas,Enforcement de restrições negativas,492,38,-,2,0.3571,5,254,-@BinaryOperation@Literal@2
restricoes_negativas,Enforcement de restrições negativas,492,38,substring,str,0.2903,7,254,<PAD/UNK>
restricoes_negativas,Enforcement de restrições negativas,492,38,String,str,0.2888,24,254,String@ReferenceType@FormalParameter@MethodDeclaration@IfStatement@MethodInvo...
restricoes_negativas,Enforcement de restrições negativas,492,38,String,str,0.2417,15,254,String@ReferenceType@FormalParameter@MethodDeclaration@LocalVariableDeclarati...
restricoes_negativas,Enforcement de restrições negativas,492,38,"""xyz""",str,0.2294,6,254,<PAD/UNK>
restricoes_negativas,Enforcement de restrições negativas,492,38,str,str,0.1971,16,254,str@FormalParameter@MethodDeclaration@LocalVariableDeclaration@VariableDeclar...
restricoes_negativas,Enforcement de restrições negativas,492,38,String,str,0.1698,75,254,String@ReferenceType@FormalParameter@str
restricoes_negativas,Enforcement de restrições negativas,492,38,==,str,0.1546,31,254,==@BinaryOperation@MethodInvocation@str
restricoes_negativas,Enforcement de restrições negativas,492,38,String,-,0.1508,6,254,String@ReferenceType@FormalParameter@MethodDeclaration@LocalVariableDeclarati...
restricoes_negativas,Enforcement de restrições negativas,492,38,=,str,0.1477,7,254,=@Assignment@StatementExpression@MethodDeclaration@IfStatement@BinaryOperatio...
restricoes_negativas,Enforcement de restrições negativas,492,38,==,str,0.1466,5,254,==@BinaryOperation@IfStatement@IfStatement@BinaryOperation@MethodInvocation@str
restricoes_negativas,Enforcement de restrições negativas,492,38,count,str,0.1377,5,254,count@VariableDeclarator@LocalVariableDeclaration@MethodDeclaration@IfStateme...
restricoes_negativas,Enforcement de restrições negativas,492,38,&&,str,0.1358,8,254,&&@BinaryOperation@IfStatement@BlockStatement@IfStatement@BinaryOperation@Met...
restricoes_negativas,Enforcement de restrições negativas,492,38,String,a,0.1246,5,254,String@ReferenceType@FormalParameter@MethodDeclaration@StatementExpression@As...
restricoes_negativas,Enforcement de restrições negativas,492,38,xyzThere,str,0.1179,8,254,xyzThere@MethodDeclaration@ForStatement@ForControl@BinaryOperation@BinaryOper...
restricoes_negativas,Enforcement de restrições negativas,492,38,String,<,0.1155,5,254,String@ReferenceType@LocalVariableDeclaration@MethodDeclaration@ForStatement@...
restricoes_negativas,Enforcement de restrições negativas,492,38,xyzThere,str,0.1089,48,254,xyzThere@MethodDeclaration@FormalParameter@str
restricoes_negativas,Enforcement de restrições negativas,492,38,String,str,0.1034,5,254,String@ReferenceType@LocalVariableDeclaration@MethodDeclaration@IfStatement@M...
restricoes_negativas,Enforcement de restrições negativas,492,38,a,String,0.103,5,254,a@FormalParameter@MethodDeclaration@FormalParameter@ReferenceType@String
restricoes_negativas,Enforcement de restrições negativas,492,38,str,str,0.102,11,254,<PAD/UNK>
restricoes_negativas,Enforcement de restrições negativas,492,38,String,str,0.1018,13,254,String@ReferenceType@FormalParameter@MethodDeclaration@StatementExpression@As...
restricoes_negativas,Enforcement de restrições negativas,492,38,String,a,0.0986,11,254,String@ReferenceType@FormalParameter@MethodDeclaration@StatementExpression@As...
restricoes_negativas,Enforcement de restrições negativas,492,38,String,<PAD/UNK>,0.0964,8,254,<PAD/UNK>
restricoes_negativas,Enforcement de restrições negativas,492,38,xyzThere,str,0.093,16,254,xyzThere@MethodDeclaration@StatementExpression@Assignment@MethodInvocation@str
restricoes_negativas,Enforcement de restrições negativas,492,38,&&,str,0.0927,12,254,&&@BinaryOperation@BinaryOperation@MethodInvocation@str
restricoes_negativas,Enforcement de restrições negativas,492,38,String,strlen,0.0888,6,254,<PAD/UNK>
restricoes_negativas,Enforcement de restrições negativas,492,38,a,a,0.0882,5,254,a@MemberReference@Assignment@MethodInvocation@a
restricoes_negativas,Enforcement de restrições negativas,492,38,boolean,str,0.0875,22,254,boolean@BasicType@MethodDeclaration@FormalParameter@str
restricoes_negativas,Enforcement de restrições negativas,492,38,&&,charAt,0.0789,14,254,&&@BinaryOperation@BinaryOperation@MethodInvocation@charAt
restricoes_negativas,Enforcement de restrições negativas,492,38,!=,str,0.0737,6,254,!=@BinaryOperation@MethodInvocation@str
restricoes_negativas,Enforcement de restrições negativas,492,38,int,str,0.0687,5,254,<PAD/UNK>
restricoes_negativas,Enforcement de restrições negativas,492,38,xyzThere,str,0.0473,11,254,xyzThere@MethodDeclaration@IfStatement@MethodInvocation@str
restricoes_negativas,Enforcement de restrições negativas,492,38,String,false,0.0446,11,254,<PAD/UNK>
retorno_antecipado,Retorno antecipado em controle de fluxo,439,235,int,vacation,0.9761,26,180,int@BasicType@FormalParameter@MethodDeclaration@FormalParameter@vacation
retorno_antecipado,Retorno antecipado em controle de fluxo,439,232,int,vacation,0.9685,155,471,int@BasicType@FormalParameter@MethodDeclaration@FormalParameter@vacation
retorno_antecipado,Retorno antecipado em controle de fluxo,492,128,bobThere,str,0.8516,47,126,bobThere@MethodDeclaration@FormalParameter@str
retorno_antecipado,Retorno antecipado em controle de fluxo,439,232,caughtSpeeding,speed,0.8433,25,471,caughtSpeeding@MethodDeclaration@FormalParameter@speed
retorno_antecipado,Retorno antecipado em controle de fluxo,439,235,int,&&,0.8261,6,180,int@BasicType@FormalParameter@MethodDeclaration@IfStatement@IfStatement@Binar...
retorno_antecipado,Retorno antecipado em controle de fluxo,494,67,int,0,0.8154,19,228,int@BasicType@VariableDeclaration@VariableDeclarator@Literal@0
retorno_antecipado,Retorno antecipado em controle de fluxo,494,106,int,0,0.7714,36,228,int@BasicType@VariableDeclaration@VariableDeclarator@Literal@0
retorno_antecipado,Retorno antecipado em controle de fluxo,439,236,int,isWeekend,0.6161,18,223,int@BasicType@FormalParameter@MethodDeclaration@IfStatement@MemberReference@i...
retorno_antecipado,Retorno antecipado em controle de fluxo,439,236,int,&&,0.6158,8,223,int@BasicType@FormalParameter@MethodDeclaration@IfStatement@IfStatement@Binar...
retorno_antecipado,Retorno antecipado em controle de fluxo,492,40,String,str,0.61,10,212,String@ReferenceType@FormalParameter@MethodDeclaration@ReturnStatement@Method...
retorno_antecipado,Retorno antecipado em controle de fluxo,439,234,boolean,isWeekend,0.6089,10,197,boolean@BasicType@FormalParameter@MethodDeclaration@IfStatement@BinaryOperati...
retorno_antecipado,Retorno antecipado em controle de fluxo,439,234,int,isWeekend,0.5905,31,197,int@BasicType@FormalParameter@MethodDeclaration@IfStatement@MemberReference@i...
retorno_antecipado,Retorno antecipado em controle de fluxo,494,67,int,length,0.5698,20,228,int@BasicType@VariableDeclaration@ForControl@BinaryOperation@MemberReference@...
retorno_antecipado,Retorno antecipado em controle de fluxo,439,233,int,sum,0.5413,9,250,int@BasicType@FormalParameter@MethodDeclaration@LocalVariableDeclaration@Vari...
retorno_antecipado,Retorno antecipado em controle de fluxo,494,106,int,result,0.536,7,228,int@BasicType@FormalParameter@MethodDeclaration@LocalVariableDeclaration@Vari...
retorno_antecipado,Retorno antecipado em controle de fluxo,487,20,&&,=,0.5329,6,152,<PAD/UNK>
retorno_antecipado,Retorno antecipado em controle de fluxo,439,236,c,==,0.5007,10,223,c@MemberReference@BinaryOperation@BinaryOperation@BinaryOperation@BinaryOpera...
retorno_antecipado,Retorno antecipado em controle de fluxo,494,67,int,==,0.4528,11,228,int@BasicType@FormalParameter@MethodDeclaration@IfStatement@BinaryOperation@==
retorno_antecipado,Retorno antecipado em controle de fluxo,439,234,int,isWeekend,0.4517,68,197,int@BasicType@FormalParameter@MethodDeclaration@FormalParameter@isWeekend
retorno_antecipado,Retorno antecipado em controle de fluxo,439,235,int,&&,0.4511,8,180,int@BasicType@FormalParameter@MethodDeclaration@IfStatement@BinaryOperation@B...
retorno_antecipado,Retorno antecipado em controle de fluxo,494,106,>,==,0.4473,13,228,>@BinaryOperation@BinaryOperation@BinaryOperation@==
retorno_antecipado,Retorno antecipado em controle de fluxo,492,128,String,str,0.4423,5,126,String@ReferenceType@FormalParameter@MethodDeclaration@IfStatement@BinaryOper...
retorno_antecipado,Retorno antecipado em controle de fluxo,494,106,nums,=,0.4401,25,228,nums@MemberReference@Assignment@=
retorno_antecipado,Retorno antecipado em controle de fluxo,439,236,int,isWeekend,0.4377,32,223,int@BasicType@FormalParameter@MethodDeclaration@FormalParameter@isWeekend
retorno_antecipado,Retorno antecipado em controle de fluxo,439,232,int,&&,0.4364,6,471,int@BasicType@FormalParameter@MethodDeclaration@IfStatement@BinaryOperation@B...
retorno_antecipado,Retorno antecipado em controle de fluxo,439,233,b,==,0.4297,61,250,b@FormalParameter@MethodDeclaration@IfStatement@BinaryOperation@BinaryOperati...
retorno_antecipado,Retorno antecipado em controle de fluxo,494,67,nums,==,0.4284,28,228,nums@MemberReference@BinaryOperation@IfStatement@BlockStatement@IfStatement@B...
retorno_antecipado,Retorno antecipado em controle de fluxo,439,236,b,==,0.419,39,223,b@FormalParameter@MethodDeclaration@IfStatement@BinaryOperation@BinaryOperati...
retorno_antecipado,Retorno antecipado em controle de fluxo,494,67,<,==,0.4183,9,228,<@BinaryOperation@ForControl@ForStatement@BlockStatement@IfStatement@BinaryOp...
retorno_antecipado,Retorno antecipado em controle de fluxo,487,24,int,b,0.4149,15,150,int@BasicType@FormalParameter@b
retorno_antecipado,Retorno antecipado em controle de fluxo,494,106,int,end,0.4141,44,228,int@BasicType@LocalVariableDeclaration@VariableDeclarator@end
retorno_antecipado,Retorno antecipado em controle de fluxo,439,235,int,>=,0.4022,24,180,int@BasicType@LocalVariableDeclaration@MethodDeclaration@IfStatement@BinaryOp...
retorno_antecipado,Retorno antecipado em controle de fluxo,492,40,String,str,0.4015,22,212,String@ReferenceType@FormalParameter@MethodDeclaration@IfStatement@BinaryOper...
retorno_antecipado,Retorno antecipado em controle de fluxo,487,22,>=,fixTeen,0.4013,19,288,<PAD/UNK>
retorno_antecipado,Retorno antecipado em controle de fluxo,439,234,int,&&,0.3934,5,197,int@BasicType@FormalParameter@MethodDeclaration@IfStatement@IfStatement@Binar...
retorno_antecipado,Retorno antecipado em controle de fluxo,494,67,int,1,0.3933,14,228,int@BasicType@VariableDeclaration@ForControl@BinaryOperation@BinaryOperation@...
retorno_antecipado,Retorno antecipado em controle de fluxo,439,232,int,&&,0.3817,13,471,int@BasicType@FormalParameter@MethodDeclaration@IfStatement@IfStatement@Binar...
retorno_antecipado,Retorno antecipado em controle de fluxo,439,236,int,&&,0.381,28,223,int@BasicType@FormalParameter@MethodDeclaration@IfStatement@BinaryOperation@B...
retorno_antecipado,Retorno antecipado em controle de fluxo,494,67,int,==,0.3646,6,228,int@BasicType@FormalParameter@MethodDeclaration@IfStatement@BinaryOperation@B...
retorno_antecipado,Retorno antecipado em controle de fluxo,439,234,int,||,0.3631,36,197,int@BasicType@FormalParameter@MethodDeclaration@IfStatement@BinaryOperation@||
retorno_antecipado,Retorno antecipado em controle de fluxo,487,22,int,b,0.3545,64,288,int@BasicType@FormalParameter@b
retorno_antecipado,Retorno antecipado em controle de fluxo,487,20,int,c,0.3353,35,152,int@BasicType@FormalParameter@c
retorno_antecipado,Retorno antecipado em controle de fluxo,439,235,int,you,0.3265,9,180,int@BasicType@FormalParameter@you
retorno_antecipado,Retorno antecipado em controle de fluxo,439,233,boolean,boolean,0.325,84,250,boolean@BasicType@FormalParameter@MethodDeclaration@FormalParameter@BasicType...
retorno_antecipado,Retorno antecipado em controle de fluxo,494,106,int,length,0.3236,9,228,int@BasicType@VariableDeclaration@ForControl@BinaryOperation@MemberReference@...
retorno_antecipado,Retorno antecipado em controle de fluxo,439,232,int,speed,0.3227,20,471,int@BasicType@MethodDeclaration@FormalParameter@speed
retorno_antecipado,Retorno antecipado em controle de fluxo,494,106,int,end,0.3192,46,228,int@BasicType@FormalParameter@MethodDeclaration@LocalVariableDeclaration@Vari...
retorno_antecipado,Retorno antecipado em controle de fluxo,439,236,b,&&,0.3188,10,223,b@MemberReference@BinaryOperation@BinaryOperation@IfStatement@IfStatement@Bin...
retorno_antecipado,Retorno antecipado em controle de fluxo,439,233,int,true,0.3164,17,250,int@BasicType@FormalParameter@MethodDeclaration@IfStatement@ReturnStatement@L...
retorno_antecipado,Retorno antecipado em controle de fluxo,487,22,&&,fixTeen,0.3153,23,288,<PAD/UNK>
retorno_antecipado,Retorno antecipado em controle de fluxo,439,235,int,||,0.3144,48,180,int@BasicType@FormalParameter@MethodDeclaration@IfStatement@BinaryOperation@||
retorno_antecipado,Retorno antecipado em controle de fluxo,487,22,int,fixTeen,0.3084,26,288,int@BasicType@FormalParameter@MethodDeclaration@ReturnStatement@BinaryOperati...
retorno_antecipado,Retorno antecipado em controle de fluxo,439,233,boolean,<PAD/UNK>,0.308,18,250,<PAD/UNK>
retorno_antecipado,Retorno antecipado em controle de fluxo,487,22,b,=,0.302,13,288,<PAD/UNK>
retorno_antecipado,Retorno antecipado em controle de fluxo,494,67,nums,13,0.2981,12,228,nums@MemberReference@BinaryOperation@Literal@13
retorno_antecipado,Retorno antecipado em controle de fluxo,487,20,&&,c,0.2934,7,152,<PAD/UNK>
retorno_antecipado,Retorno antecipado em controle de fluxo,494,67,nums,==,0.289,13,228,nums@MemberReference@BinaryOperation@BinaryOperation@BinaryOperation@BinaryOp...
retorno_antecipado,Retorno antecipado em controle de fluxo,439,236,int,=,0.2868,36,223,int@BasicType@FormalParameter@MethodDeclaration@IfStatement@Assignment@=
retorno_antecipado,Retorno antecipado em controle de fluxo,439,233,int,=,0.2866,10,250,int@BasicType@FormalParameter@MethodDeclaration@IfStatement@Assignment@=
retorno_antecipado,Retorno antecipado em controle de fluxo,494,106,int,==,0.2829,7,228,int@BasicType@FormalParameter@MethodDeclaration@IfStatement@BinaryOperation@B...
retorno_antecipado,Retorno antecipado em controle de fluxo,487,22,int,fixTeen,0.2789,11,288,int@BasicType@FormalParameter@MethodDeclaration@StatementExpression@Assignmen...
retorno_antecipado,Retorno antecipado em controle de fluxo,487,20,int,==,0.2737,8,152,int@BasicType@FormalParameter@MethodDeclaration@IfStatement@BinaryOperation@B...
retorno_antecipado,Retorno antecipado em controle de fluxo,487,20,int,c,0.2658,91,152,int@BasicType@FormalParameter@MethodDeclaration@FormalParameter@c
retorno_antecipado,Retorno antecipado em controle de fluxo,487,24,0,<=,0.2615,6,150,<PAD/UNK>
retorno_antecipado,Retorno antecipado em controle de fluxo,439,233,int,6,0.2589,7,250,int@BasicType@FormalParameter@MethodDeclaration@IfStatement@BinaryOperation@L...
retorno_antecipado,Retorno antecipado em controle de fluxo,439,236,int,=,0.2566,37,223,int@BasicType@FormalParameter@MethodDeclaration@IfStatement@Assignment@Assign...
retorno_antecipado,Retorno antecipado em controle de fluxo,439,236,c,==,0.2536,9,223,c@FormalParameter@MethodDeclaration@IfStatement@IfStatement@BinaryOperation@B...
retorno_antecipado,Retorno antecipado em controle de fluxo,487,22,int,==,0.2532,36,288,int@BasicType@FormalParameter@MethodDeclaration@IfStatement@BinaryOperation@B...
retorno_antecipado,Retorno antecipado em controle de fluxo,494,67,false,==,0.2413,5,228,<PAD/UNK>
retorno_antecipado,Retorno antecipado em controle de fluxo,439,232,boolean,week,0.2389,5,471,boolean@BasicType@FormalParameter@MethodDeclaration@LocalVariableDeclaration@...
retorno_antecipado,Retorno antecipado em controle de fluxo,439,233,int,=,0.2388,6,250,int@BasicType@FormalParameter@MethodDeclaration@IfStatement@Assignment@Assign...
retorno_antecipado,Retorno antecipado em controle de fluxo,439,233,int,-,0.2381,9,250,int@BasicType@LocalVariableDeclaration@MethodDeclaration@LocalVariableDeclara...
retorno_antecipado,Retorno antecipado em controle de fluxo,439,232,day,vacation,0.2347,10,471,day@MemberReference@BinaryOperation@BinaryOperation@BinaryOperation@MemberRef...
retorno_antecipado,Retorno antecipado em controle de fluxo,494,67,int,<,0.2346,51,228,int@BasicType@FormalParameter@MethodDeclaration@ForStatement@ForControl@Binar...
retorno_antecipado,Retorno antecipado em controle de fluxo,487,22,b,20,0.2322,8,288,<PAD/UNK>
retorno_antecipado,Retorno antecipado em controle de fluxo,487,22,<PAD/UNK>,=,0.2314,6,288,<PAD/UNK>
retorno_antecipado,Retorno antecipado em controle de fluxo,487,22,||,19,0.2306,7,288,<PAD/UNK>
retorno_antecipado,Retorno antecipado em controle de fluxo,487,22,a,fixTeen,0.2298,8,288,<PAD/UNK>
retorno_antecipado,Retorno antecipado em controle de fluxo,487,24,<=,21,0.2285,5,150,<PAD/UNK>
retorno_antecipado,Retorno antecipado em controle de fluxo,439,233,b,6,0.2275,7,250,b@MemberReference@BinaryOperation@MethodInvocation@BinaryOperation@Literal@6
retorno_antecipado,Retorno antecipado em controle de fluxo,494,67,7,==,0.2268,27,228,7@Literal@BinaryOperation@BinaryOperation@BinaryOperation@==
retorno_antecipado,Retorno antecipado em controle de fluxo,487,20,int,=,0.2252,5,152,int@BasicType@LocalVariableDeclaration@MethodDeclaration@StatementExpression@...
retorno_antecipado,Retorno antecipado em controle de fluxo,439,234,int,||,0.2251,10,197,int@BasicType@FormalParameter@MethodDeclaration@IfStatement@IfStatement@Binar...
retorno_antecipado,Retorno antecipado em controle de fluxo,439,232,5,vacation,0.225,5,471,5@Literal@BinaryOperation@BinaryOperation@BinaryOperation@MemberReference@vac...
retorno_antecipado,Retorno antecipado em controle de fluxo,439,236,c,=,0.225,12,223,c@FormalParameter@MethodDeclaration@IfStatement@IfStatement@Assignment@Assign...
retorno_antecipado,Retorno antecipado em controle de fluxo,439,232,day,4,0.2204,16,471,day@MemberReference@BinaryOperation@Literal@4
retorno_antecipado,Retorno antecipado em controle de fluxo,439,236,int,c,0.2157,47,223,int@BasicType@FormalParameter@c
retorno_antecipado,Retorno antecipado em controle de fluxo,439,236,c,10,0.2141,9,223,c@MemberReference@BinaryOperation@IfStatement@BlockStatement@ReturnStatement@...
retorno_antecipado,Retorno antecipado em controle de fluxo,439,234,boolean,isWeekend,0.2113,6,197,boolean@BasicType@LocalVariableDeclaration@MethodDeclaration@IfStatement@Memb...
retorno_antecipado,Retorno antecipado em controle de fluxo,487,22,13,19,0.211,10,288,<PAD/UNK>
retorno_antecipado,Retorno antecipado em controle de fluxo,494,67,nums,7,0.2101,42,228,nums@MemberReference@BinaryOperation@BinaryOperation@BinaryOperation@Literal@7
retorno_antecipado,Retorno antecipado em controle de fluxo,439,235,int,1,0.2075,13,180,int@BasicType@FormalParameter@MethodDeclaration@LocalVariableDeclaration@Vari...
retorno_antecipado,Retorno antecipado em controle de fluxo,494,67,nums,==,0.2072,22,228,nums@FormalParameter@MethodDeclaration@IfStatement@BlockStatement@IfStatement...
retorno_antecipado,Retorno antecipado em controle de fluxo,487,22,0,||,0.2018,11,288,<PAD/UNK>
retorno_antecipado,Retorno antecipado em controle de fluxo,494,106,int,<,0.2012,33,228,int@BasicType@FormalParameter@MethodDeclaration@ForStatement@ForControl@Binar...
retorno_antecipado,Retorno antecipado em controle de fluxo,439,236,boolean,isWeekend,0.1971,12,223,boolean@BasicType@FormalParameter@isWeekend
retorno_antecipado,Retorno antecipado em controle de fluxo,487,20,int,c,0.1971,5,152,int@BasicType@FormalParameter@MethodDeclaration@IfStatement@BinaryOperation@M...
retorno_antecipado,Retorno antecipado em controle de fluxo,439,233,b,6,0.1954,9,250,b@MemberReference@BinaryOperation@BinaryOperation@BinaryOperation@BinaryOpera...
retorno_antecipado,Retorno antecipado em controle de fluxo,439,234,boolean,isWeekend,0.1952,49,197,boolean@BasicType@FormalParameter@isWeekend
retorno_antecipado,Retorno antecipado em controle de fluxo,492,128,<,str,0.1926,7,126,<@BinaryOperation@BinaryOperation@MethodInvocation@str
retorno_antecipado,Retorno antecipado em controle de fluxo,487,22,b,fixTeen,0.1871,22,288,<PAD/UNK>
retorno_antecipado,Retorno antecipado em controle de fluxo,439,232,day,vacation,0.1863,5,471,day@FormalParameter@MethodDeclaration@IfStatement@BinaryOperation@BinaryOpera...
retorno_antecipado,Retorno antecipado em controle de fluxo,439,235,int,7,0.1816,6,180,<PAD/UNK>
retorno_antecipado,Retorno antecipado em controle de fluxo,439,236,int,||,0.1805,7,223,int@BasicType@FormalParameter@MethodDeclaration@IfStatement@IfStatement@Binar...
retorno_antecipado,Retorno antecipado em controle de fluxo,487,24,<PAD/UNK>,21,0.1787,6,150,<PAD/UNK>
retorno_antecipado,Retorno antecipado em controle de fluxo,439,232,int,2,0.1775,18,471,int@BasicType@LocalVariableDeclaration@MethodDeclaration@LocalVariableDeclara...
retorno_antecipado,Retorno antecipado em controle de fluxo,487,22,&&,c,0.1764,15,288,<PAD/UNK>
retorno_antecipado,Retorno antecipado em controle de fluxo,439,232,int,speed,0.1749,10,471,int@BasicType@FormalParameter@speed
retorno_antecipado,Retorno antecipado em controle de fluxo,487,24,int,<PAD/UNK>,0.1731,8,150,<PAD/UNK>
retorno_antecipado,Retorno antecipado em controle de fluxo,487,20,b,c,0.1714,19,152,b@MemberReference@BinaryOperation@IfStatement@IfStatement@BinaryOperation@Mem...
retorno_antecipado,Retorno antecipado em controle de fluxo,439,233,int,||,0.1709,62,250,int@BasicType@FormalParameter@MethodDeclaration@IfStatement@BinaryOperation@||
retorno_antecipado,Retorno antecipado em controle de fluxo,487,22,<,fixTeen,0.1699,19,288,<PAD/UNK>
retorno_antecipado,Retorno antecipado em controle de fluxo,487,22,int,c,0.1688,133,288,int@BasicType@FormalParameter@c
retorno_antecipado,Retorno antecipado em controle de fluxo,492,40,&&,str,0.1685,5,212,&&@BinaryOperation@IfStatement@BlockStatement@ReturnStatement@MethodInvocatio...
retorno_antecipado,Retorno antecipado em controle de fluxo,487,22,int,<PAD/UNK>,0.1659,8,288,<PAD/UNK>
retorno_antecipado,Retorno antecipado em controle de fluxo,439,232,day,!=,0.1652,8,471,day@MemberReference@BinaryOperation@BinaryOperation@BinaryOperation@!=
retorno_antecipado,Retorno antecipado em controle de fluxo,439,236,int,=,0.1647,18,223,int@BasicType@FormalParameter@MethodDeclaration@IfStatement@BinaryOperation@A...
retorno_antecipado,Retorno antecipado em controle de fluxo,487,20,int,!=,0.1636,12,152,int@BasicType@FormalParameter@MethodDeclaration@IfStatement@BinaryOperation@B...
retorno_antecipado,Retorno antecipado em controle de fluxo,487,20,int,==,0.1622,10,152,int@BasicType@FormalParameter@MethodDeclaration@IfStatement@IfStatement@Binar...
retorno_antecipado,Retorno antecipado em controle de fluxo,439,232,day,vacation,0.1604,29,471,day@FormalParameter@MethodDeclaration@IfStatement@MemberReference@vacation
retorno_antecipado,Retorno antecipado em controle de fluxo,439,235,int,1,0.1602,9,180,int@BasicType@FormalParameter@MethodDeclaration@ReturnStatement@Literal@1
retorno_antecipado,Retorno antecipado em controle de fluxo,494,106,int,ends,0.1592,9,228,<PAD/UNK>
retorno_antecipado,Retorno antecipado em controle de fluxo,492,40,str,str,0.1586,9,212,str@FormalParameter@MethodDeclaration@LocalVariableDeclaration@VariableDeclar...
retorno_antecipado,Retorno antecipado em controle de fluxo,439,232,boolean,vacation,0.1582,69,471,boolean@BasicType@FormalParameter@MethodDeclaration@IfStatement@MemberReferen...
retorno_antecipado,Retorno antecipado em controle de fluxo,494,67,nums,+,0.1571,12,228,nums@MemberReference@BinaryOperation@MemberReference@ArraySelector@BinaryOper...
retorno_antecipado,Retorno antecipado em controle de fluxo,494,106,int,-,0.1564,8,228,int@BasicType@VariableDeclaration@VariableDeclarator@BinaryOperation@-
retorno_antecipado,Retorno antecipado em controle de fluxo,487,20,<PAD/UNK>,=,0.156,14,152,<PAD/UNK>
retorno_antecipado,Retorno antecipado em controle de fluxo,439,234,int,boolean,0.1552,9,197,int@BasicType@FormalParameter@MethodDeclaration@LocalVariableDeclaration@Basi...
retorno_antecipado,Retorno antecipado em controle de fluxo,439,235,int,&&,0.1548,10,180,int@BasicType@FormalParameter@MethodDeclaration@IfStatement@BinaryOperation@&&
retorno_antecipado,Retorno antecipado em controle de fluxo,439,236,c,==,0.1541,22,223,c@FormalParameter@MethodDeclaration@IfStatement@BinaryOperation@BinaryOperati...
retorno_antecipado,Retorno antecipado em controle de fluxo,487,22,int,10,0.1538,8,288,int@BasicType@FormalParameter@MethodDeclaration@IfStatement@ReturnStatement@L...
retorno_antecipado,Retorno antecipado em controle de fluxo,439,233,int,||,0.1503,10,250,int@BasicType@FormalParameter@MethodDeclaration@IfStatement@IfStatement@Binar...
retorno_antecipado,Retorno antecipado em controle de fluxo,487,22,!=,fixTeen,0.1488,6,288,<PAD/UNK>
retorno_antecipado,Retorno antecipado em controle de fluxo,439,236,b,==,0.1475,33,223,b@FormalParameter@MethodDeclaration@IfStatement@BinaryOperation@==
retorno_antecipado,Retorno antecipado em controle de fluxo,492,40,var,str,0.1474,6,212,<PAD/UNK>
retorno_antecipado,Retorno antecipado em controle de fluxo,439,233,boolean,boolean,0.1472,34,250,boolean@BasicType@MethodDeclaration@FormalParameter@BasicType@boolean
retorno_antecipado,Retorno antecipado em controle de fluxo,494,106,int,begin,0.1469,5,228,<PAD/UNK>
retorno_antecipado,Retorno antecipado em controle de fluxo,487,24,&&,answer,0.1452,5,150,<PAD/UNK>
retorno_antecipado,Retorno antecipado em controle de fluxo,439,236,b,=,0.1435,15,223,b@MemberReference@Assignment@Assignment@=
retorno_antecipado,Retorno antecipado em controle de fluxo,494,106,int,len,0.1419,7,228,int@BasicType@VariableDeclaration@ForControl@BinaryOperation@MemberReference@len
retorno_antecipado,Retorno antecipado em controle de fluxo,439,236,c,10,0.1416,12,223,c@FormalParameter@MethodDeclaration@IfStatement@BlockStatement@ReturnStatemen...
retorno_antecipado,Retorno antecipado em controle de fluxo,492,128,str,str,0.1408,11,126,str@FormalParameter@MethodDeclaration@LocalVariableDeclaration@VariableDeclar...
retorno_antecipado,Retorno antecipado em controle de fluxo,494,67,int,false,0.1403,5,228,int@BasicType@FormalParameter@MethodDeclaration@LocalVariableDeclaration@Vari...
retorno_antecipado,Retorno antecipado em controle de fluxo,487,22,int,fixTeen,0.1383,9,288,int@BasicType@LocalVariableDeclaration@VariableDeclarator@BinaryOperation@Met...
retorno_antecipado,Retorno antecipado em controle de fluxo,494,106,int,+,0.138,14,228,int@BasicType@VariableDeclaration@VariableDeclarator@BinaryOperation@+
retorno_antecipado,Retorno antecipado em controle de fluxo,439,232,int,week,0.136,5,471,int@BasicType@FormalParameter@MethodDeclaration@LocalVariableDeclaration@Vari...
retorno_antecipado,Retorno antecipado em controle de fluxo,487,22,int,c,0.1342,142,288,int@BasicType@FormalParameter@MethodDeclaration@FormalParameter@c
retorno_antecipado,Retorno antecipado em controle de fluxo,494,67,nums,7,0.1322,6,228,<PAD/UNK>
retorno_antecipado,Retorno antecipado em controle de fluxo,494,106,int,-,0.1319,13,228,int@BasicType@LocalVariableDeclaration@MethodDeclaration@LocalVariableDeclara...
retorno_antecipado,Retorno antecipado em controle de fluxo,439,235,int,||,0.1308,15,180,int@BasicType@FormalParameter@MethodDeclaration@IfStatement@IfStatement@Binar...
retorno_antecipado,Retorno antecipado em controle de fluxo,494,106,int,1,0.1293,14,228,int@BasicType@LocalVariableDeclaration@VariableDeclarator@BinaryOperation@Lit...
retorno_antecipado,Retorno antecipado em controle de fluxo,494,67,+,7,0.1282,27,228,+@BinaryOperation@ArraySelector@MemberReference@BinaryOperation@Literal@7
retorno_antecipado,Retorno antecipado em controle de fluxo,439,236,c,=,0.1281,10,223,c@MemberReference@Assignment@=
retorno_antecipado,Retorno antecipado em controle de fluxo,439,236,c,=,0.1253,10,223,c@FormalParameter@MethodDeclaration@IfStatement@BlockStatement@IfStatement@As...
retorno_antecipado,Retorno antecipado em controle de fluxo,487,22,17,==,0.1244,6,288,<PAD/UNK>
retorno_antecipado,Retorno antecipado em controle de fluxo,494,106,int,a,0.1242,6,228,int@BasicType@FormalParameter@MethodDeclaration@LocalVariableDeclaration@Vari...
retorno_antecipado,Retorno antecipado em controle de fluxo,492,40,getSandwich,str,0.1233,67,212,getSandwich@MethodDeclaration@FormalParameter@str
retorno_antecipado,Retorno antecipado em controle de fluxo,487,22,int,||,0.1203,8,288,int@BasicType@FormalParameter@MethodDeclaration@IfStatement@BinaryOperation@||
retorno_antecipado,Retorno antecipado em controle de fluxo,487,20,int,<PAD/UNK>,0.1201,10,152,<PAD/UNK>
retorno_antecipado,Retorno antecipado em controle de fluxo,439,233,==,-,0.1199,13,250,==@BinaryOperation@MethodInvocation@BinaryOperation@-
retorno_antecipado,Retorno antecipado em controle de fluxo,439,232,day,day,0.1198,27,471,day@MemberReference@BinaryOperation@Assignment@Assignment@BinaryOperation@Mem...
retorno_antecipado,Retorno antecipado em controle de fluxo,439,233,int,==,0.1198,36,250,int@BasicType@LocalVariableDeclaration@MethodDeclaration@IfStatement@BinaryOp...
retorno_antecipado,Retorno antecipado em controle de fluxo,439,233,b,6,0.1192,19,250,b@MemberReference@BinaryOperation@Literal@6
retorno_antecipado,Retorno antecipado em controle de fluxo,487,24,int,>,0.1192,25,150,int@BasicType@FormalParameter@MethodDeclaration@IfStatement@BinaryOperation@B...
retorno_antecipado,Retorno antecipado em controle de fluxo,439,233,b,=,0.1189,17,250,b@MemberReference@BinaryOperation@Assignment@=
retorno_antecipado,Retorno antecipado em controle de fluxo,439,233,b,6,0.1178,14,250,b@MemberReference@BinaryOperation@Assignment@Literal@6
retorno_antecipado,Retorno antecipado em controle de fluxo,439,233,int,==,0.1167,88,250,int@BasicType@FormalParameter@MethodDeclaration@IfStatement@BinaryOperation@B...
retorno_antecipado,Retorno antecipado em controle de fluxo,487,22,13,<,0.1167,5,288,<PAD/UNK>
retorno_antecipado,Retorno antecipado em controle de fluxo,494,67,nums,==,0.1154,23,228,nums@FormalParameter@MethodDeclaration@IfStatement@BinaryOperation@==
retorno_antecipado,Retorno antecipado em controle de fluxo,494,106,int,<PAD/UNK>,0.1153,76,228,<PAD/UNK>
retorno_antecipado,Retorno antecipado em controle de fluxo,439,232,day,==,0.1148,42,471,day@MemberReference@BinaryOperation@BinaryOperation@BinaryOperation@BinaryOpe...
retorno_antecipado,Retorno antecipado em controle de fluxo,439,233,int,d,0.111,7,250,int@BasicType@LocalVariableDeclaration@MethodDeclaration@LocalVariableDeclara...
retorno_antecipado,Retorno antecipado em controle de fluxo,439,235,int,date,0.1106,13,180,int@BasicType@FormalParameter@MethodDeclaration@FormalParameter@date
retorno_antecipado,Retorno antecipado em controle de fluxo,439,232,day,=,0.1101,32,471,day@MemberReference@Assignment@=
retorno_antecipado,Retorno antecipado em controle de fluxo,439,235,int,>=,0.1101,55,180,int@BasicType@FormalParameter@MethodDeclaration@IfStatement@BinaryOperation@B...
retorno_antecipado,Retorno antecipado em controle de fluxo,494,106,++,=,0.11,11,228,++@MemberReference@ForControl@ForStatement@BlockStatement@StatementExpression...
retorno_antecipado,Retorno antecipado em controle de fluxo,492,40,String,String,0.1092,10,212,String@ReferenceType@FormalParameter@MethodDeclaration@LocalVariableDeclarati...
retorno_antecipado,Retorno antecipado em controle de fluxo,439,236,b,=,0.1089,30,223,b@MemberReference@Assignment@=
retorno_antecipado,Retorno antecipado em controle de fluxo,439,233,int,=,0.1076,12,250,int@BasicType@FormalParameter@MethodDeclaration@IfStatement@IfStatement@Assig...
retorno_antecipado,Retorno antecipado em controle de fluxo,492,40,String,String,0.1071,35,212,String@ReferenceType@MethodDeclaration@FormalParameter@ReferenceType@String
retorno_antecipado,Retorno antecipado em controle de fluxo,439,233,public,boolean,0.1052,19,250,<PAD/UNK>
retorno_antecipado,Retorno antecipado em controle de fluxo,492,40,String,str,0.1052,7,212,String@ReferenceType@FormalParameter@MethodDeclaration@LocalVariableDeclarati...
retorno_antecipado,Retorno antecipado em controle de fluxo,492,40,&&,str,0.1049,28,212,&&@BinaryOperation@MethodInvocation@str
retorno_antecipado,Retorno antecipado em controle de fluxo,494,106,int,two,0.1049,5,228,int@BasicType@FormalParameter@MethodDeclaration@LocalVariableDeclaration@Vari...
retorno_antecipado,Retorno antecipado em controle de fluxo,439,235,>=,&&,0.1038,20,180,>=@BinaryOperation@BinaryOperation@IfStatement@MethodDeclaration@IfStatement@...
retorno_antecipado,Retorno antecipado em controle de fluxo,439,233,int,-,0.1032,7,250,int@BasicType@FormalParameter@MethodDeclaration@LocalVariableDeclaration@Vari...
retorno_antecipado,Retorno antecipado em controle de fluxo,492,40,String,str,0.1005,40,212,String@ReferenceType@FormalParameter@str
retorno_antecipado,Retorno antecipado em controle de fluxo,439,236,c,=,0.0997,9,223,c@MemberReference@BinaryOperation@Assignment@Assignment@Assignment@=
retorno_antecipado,Retorno antecipado em controle de fluxo,439,232,int,6,0.0996,11,471,<PAD/UNK>
retorno_antecipado,Retorno antecipado em controle de fluxo,439,232,int,vacation,0.098,32,471,int@BasicType@FormalParameter@MethodDeclaration@IfStatement@MemberReference@v...
retorno_antecipado,Retorno antecipado em controle de fluxo,439,232,boolean,speed,0.0979,7,471,boolean@BasicType@FormalParameter@MethodDeclaration@IfStatement@BinaryOperati...
retorno_antecipado,Retorno antecipado em controle de fluxo,487,24,int,answer,0.0979,6,150,int@BasicType@FormalParameter@MethodDeclaration@LocalVariableDeclaration@Vari...
retorno_antecipado,Retorno antecipado em controle de fluxo,487,20,a,c,0.0946,6,152,<PAD/UNK>
retorno_antecipado,Retorno antecipado em controle de fluxo,487,22,||,<,0.0944,7,288,<PAD/UNK>
retorno_antecipado,Retorno antecipado em controle de fluxo,439,232,day,boolean,0.0943,108,471,day@FormalParameter@MethodDeclaration@FormalParameter@BasicType@boolean
retorno_antecipado,Retorno antecipado em controle de fluxo,439,232,int,||,0.0942,5,471,int@BasicType@FormalParameter@MethodDeclaration@IfStatement@BinaryOperation@||
retorno_antecipado,Retorno antecipado em controle de fluxo,439,235,int,you,0.0915,20,180,int@BasicType@FormalParameter@MethodDeclaration@IfStatement@BinaryOperation@M...
retorno_antecipado,Retorno antecipado em controle de fluxo,492,40,String,<PAD/UNK>,0.0905,10,212,<PAD/UNK>
retorno_antecipado,Retorno antecipado em controle de fluxo,494,67,nums,7,0.0896,52,228,nums@MemberReference@BinaryOperation@Literal@7
retorno_antecipado,Retorno antecipado em controle de fluxo,439,232,boolean,vacation,0.0884,5,471,boolean@BasicType@FormalParameter@MethodDeclaration@IfStatement@BinaryOperati...
retorno_antecipado,Retorno antecipado em controle de fluxo,494,67,nums,==,0.0881,24,228,nums@FormalParameter@MethodDeclaration@ForStatement@BlockStatement@IfStatemen...
retorno_antecipado,Retorno antecipado em controle de fluxo,439,232,day,vacation,0.0877,14,471,day@FormalParameter@MethodDeclaration@FormalParameter@vacation
retorno_antecipado,Retorno antecipado em controle de fluxo,487,22,a,+,0.0866,6,288,<PAD/UNK>
retorno_antecipado,Retorno antecipado em controle de fluxo,487,22,>,fixTeen,0.0862,8,288,<PAD/UNK>
retorno_antecipado,Retorno antecipado em controle de fluxo,439,232,int,"""7:00""",0.0853,9,471,int@BasicType@LocalVariableDeclaration@MethodDeclaration@LocalVariableDeclara...
retorno_antecipado,Retorno antecipado em controle de fluxo,439,234,cigarParty,isWeekend,0.0845,9,197,cigarParty@MethodDeclaration@FormalParameter@isWeekend
retorno_antecipado,Retorno antecipado em controle de fluxo,494,67,int,7,0.0844,23,228,int@BasicType@FormalParameter@MethodDeclaration@IfStatement@BinaryOperation@L...
retorno_antecipado,Retorno antecipado em controle de fluxo,439,235,day,==,0.0829,5,180,day@MemberReference@BinaryOperation@BinaryOperation@BinaryOperation@BinaryOpe...
retorno_antecipado,Retorno antecipado em controle de fluxo,494,106,int,-,0.0806,6,228,int@BasicType@FormalParameter@MethodDeclaration@LocalVariableDeclaration@Vari...
retorno_antecipado,Retorno antecipado em controle de fluxo,494,67,has77,==,0.0791,5,228,<PAD/UNK>
retorno_antecipado,Retorno antecipado em controle de fluxo,487,22,int,sum,0.0783,7,288,int@BasicType@LocalVariableDeclaration@MethodDeclaration@ReturnStatement@Memb...
retorno_antecipado,Retorno antecipado em controle de fluxo,439,236,int,==,0.0778,79,223,int@BasicType@FormalParameter@MethodDeclaration@IfStatement@BinaryOperation@B...
retorno_antecipado,Retorno antecipado em controle de fluxo,439,233,b,=,0.0778,8,250,b@FormalParameter@MethodDeclaration@IfStatement@IfStatement@Assignment@=
retorno_antecipado,Retorno antecipado em controle de fluxo,439,236,int,=,0.0768,17,223,int@BasicType@FormalParameter@MethodDeclaration@IfStatement@IfStatement@Assig...
retorno_antecipado,Retorno antecipado em controle de fluxo,487,22,>=,10,0.0767,5,288,<PAD/UNK>
retorno_antecipado,Retorno antecipado em controle de fluxo,439,235,int,2,0.0757,7,180,int@BasicType@LocalVariableDeclaration@MethodDeclaration@LocalVariableDeclara...
retorno_antecipado,Retorno antecipado em controle de fluxo,439,234,boolean,&&,0.0754,10,197,boolean@BasicType@FormalParameter@MethodDeclaration@IfStatement@BinaryOperati...
retorno_antecipado,Retorno antecipado em controle de fluxo,487,20,int,13,0.0744,13,152,int@BasicType@FormalParameter@MethodDeclaration@IfStatement@BinaryOperation@L...
retorno_antecipado,Retorno antecipado em controle de fluxo,487,22,c,fixTeen,0.0744,22,288,<PAD/UNK>
retorno_antecipado,Retorno antecipado em controle de fluxo,487,22,int,+,0.0743,7,288,int@BasicType@LocalVariableDeclaration@VariableDeclarator@BinaryOperation@Bin...
retorno_antecipado,Retorno antecipado em controle de fluxo,439,232,>,speed,0.0741,6,471,>@BinaryOperation@MemberReference@speed
retorno_antecipado,Retorno antecipado em controle de fluxo,439,235,int,no,0.0739,10,180,int@BasicType@LocalVariableDeclaration@VariableDeclarator@no
retorno_antecipado,Retorno antecipado em controle de fluxo,494,67,int,nums,0.0739,18,228,int@BasicType@FormalParameter@nums
retorno_antecipado,Retorno antecipado em controle de fluxo,439,234,int,you,0.0737,18,197,int@BasicType@MethodDeclaration@FormalParameter@you
retorno_antecipado,Retorno antecipado em controle de fluxo,492,128,String,str,0.0737,31,126,String@ReferenceType@FormalParameter@str
retorno_antecipado,Retorno antecipado em controle de fluxo,487,22,19,<,0.0727,6,288,<PAD/UNK>
retorno_antecipado,Retorno antecipado em controle de fluxo,487,24,<PAD/UNK>,b,0.0708,6,150,<PAD/UNK>
retorno_antecipado,Retorno antecipado em controle de fluxo,494,67,int,nums,0.0698,14,228,int@BasicType@VariableDeclaration@ForControl@BinaryOperation@BinaryOperation@...
retorno_antecipado,Retorno antecipado em controle de fluxo,494,67,nums,!=,0.0696,5,228,nums@FormalParameter@MethodDeclaration@ForStatement@BlockStatement@IfStatemen...
retorno_antecipado,Retorno antecipado em controle de fluxo,494,106,int,boolean,0.0693,15,228,int@BasicType@FormalParameter@MethodDeclaration@LocalVariableDeclaration@Basi...
retorno_antecipado,Retorno antecipado em controle de fluxo,494,67,nums,2,0.0676,9,228,nums@MemberReference@BinaryOperation@Literal@2
retorno_antecipado,Retorno antecipado em controle de fluxo,487,22,||,a,0.0668,6,288,<PAD/UNK>
retorno_antecipado,Retorno antecipado em controle de fluxo,439,236,b,==,0.0664,12,223,b@FormalParameter@MethodDeclaration@IfStatement@IfStatement@BinaryOperation@B...
retorno_antecipado,Retorno antecipado em controle de fluxo,439,236,b,=,0.0651,18,223,b@FormalParameter@MethodDeclaration@IfStatement@IfStatement@Assignment@=
retorno_antecipado,Retorno antecipado em controle de fluxo,494,67,has77,==,0.0643,10,228,has77@MethodDeclaration@ForStatement@BlockStatement@IfStatement@BinaryOperati...
retorno_antecipado,Retorno antecipado em controle de fluxo,494,106,int,length,0.0639,11,228,int@BasicType@LocalVariableDeclaration@VariableDeclarator@BinaryOperation@Mem...
retorno_antecipado,Retorno antecipado em controle de fluxo,439,235,int,you,0.0633,23,180,int@BasicType@MethodDeclaration@FormalParameter@you
retorno_antecipado,Retorno antecipado em controle de fluxo,439,233,int,love6,0.0627,5,250,int@BasicType@FormalParameter@MethodDeclaration@LocalVariableDeclaration@Vari...
retorno_antecipado,Retorno antecipado em controle de fluxo,439,236,b,=,0.062,6,223,b@MemberReference@BinaryOperation@Assignment@=
retorno_antecipado,Retorno antecipado em controle de fluxo,494,106,<,=,0.0616,10,228,<@BinaryOperation@ForControl@ForStatement@BlockStatement@StatementExpression@...
retorno_antecipado,Retorno antecipado em controle de fluxo,439,236,int,==,0.0614,9,223,int@BasicType@FormalParameter@MethodDeclaration@IfStatement@BinaryOperation@==
retorno_antecipado,Retorno antecipado em controle de fluxo,439,232,int,<PAD/UNK>,0.0594,11,471,<PAD/UNK>
retorno_antecipado,Retorno antecipado em controle de fluxo,439,236,int,!=,0.0592,21,223,int@BasicType@FormalParameter@MethodDeclaration@IfStatement@BinaryOperation@B...
retorno_antecipado,Retorno antecipado em controle de fluxo,439,235,int,no,0.059,14,180,int@BasicType@FormalParameter@MethodDeclaration@LocalVariableDeclaration@Vari...
retorno_antecipado,Retorno antecipado em controle de fluxo,439,234,int,>=,0.0585,11,197,int@BasicType@FormalParameter@MethodDeclaration@IfStatement@BinaryOperation@B...
retorno_antecipado,Retorno antecipado em controle de fluxo,492,128,&&,str,0.0581,8,126,&&@BinaryOperation@MethodInvocation@str
retorno_antecipado,Retorno antecipado em controle de fluxo,494,106,nums,==,0.058,21,228,nums@FormalParameter@MethodDeclaration@ForStatement@BlockStatement@IfStatemen...
retorno_antecipado,Retorno antecipado em controle de fluxo,494,106,int,n,0.0574,9,228,int@BasicType@LocalVariableDeclaration@VariableDeclarator@BinaryOperation@Mem...
retorno_antecipado,Retorno antecipado em controle de fluxo,487,24,int,b,0.0566,14,150,int@BasicType@FormalParameter@MethodDeclaration@FormalParameter@b
retorno_antecipado,Retorno antecipado em controle de fluxo,439,236,b,=,0.056,9,223,b@MemberReference@BinaryOperation@Assignment@Assignment@=
retorno_antecipado,Retorno antecipado em controle de fluxo,439,236,b,&&,0.0556,7,223,b@FormalParameter@MethodDeclaration@IfStatement@BinaryOperation@&&
retorno_antecipado,Retorno antecipado em controle de fluxo,487,22,int,||,0.0543,10,288,int@BasicType@FormalParameter@MethodDeclaration@IfStatement@BinaryOperation@B...
retorno_antecipado,Retorno antecipado em controle de fluxo,439,236,int,c,0.053,21,223,int@BasicType@FormalParameter@MethodDeclaration@IfStatement@BinaryOperation@M...
retorno_antecipado,Retorno antecipado em controle de fluxo,494,67,nums,==,0.0525,15,228,nums@MemberReference@BinaryOperation@BinaryOperation@BinaryOperation@==
retorno_antecipado,Retorno antecipado em controle de fluxo,492,128,String,-,0.0523,5,126,<PAD/UNK>
retorno_antecipado,Retorno antecipado em controle de fluxo,494,106,int,x,0.0523,6,228,int@BasicType@FormalParameter@MethodDeclaration@ForStatement@ForControl@Membe...
retorno_antecipado,Retorno antecipado em controle de fluxo,494,106,int,len,0.0523,11,228,int@BasicType@LocalVariableDeclaration@MethodDeclaration@LocalVariableDeclara...
retorno_antecipado,Retorno antecipado em controle de fluxo,494,106,int,++,0.0522,9,228,int@BasicType@VariableDeclaration@ForControl@MemberReference@++
retorno_antecipado,Retorno antecipado em controle de fluxo,494,67,nums,7,0.0521,23,228,nums@FormalParameter@MethodDeclaration@IfStatement@BinaryOperation@Literal@7
retorno_antecipado,Retorno antecipado em controle de fluxo,439,235,||,&&,0.0517,5,180,||@BinaryOperation@IfStatement@MethodDeclaration@IfStatement@BinaryOperation@...
retorno_antecipado,Retorno antecipado em controle de fluxo,439,236,int,c,0.0514,60,223,int@BasicType@FormalParameter@MethodDeclaration@FormalParameter@c
retorno_antecipado,Retorno antecipado em controle de fluxo,439,233,a,==,0.0514,5,250,a@MemberReference@BinaryOperation@BinaryOperation@BinaryOperation@==
retorno_antecipado,Retorno antecipado em controle de fluxo,494,67,++,==,0.0514,7,228,++@MemberReference@ForControl@ForStatement@BlockStatement@IfStatement@BinaryO...
retorno_antecipado,Retorno antecipado em controle de fluxo,494,67,nums,=,0.0514,5,228,nums@MemberReference@BinaryOperation@IfStatement@BlockStatement@StatementExpr...
retorno_antecipado,Retorno antecipado em controle de fluxo,439,233,b,6,0.0508,5,250,b@MemberReference@BinaryOperation@BinaryOperation@Literal@6
retorno_antecipado,Retorno antecipado em controle de fluxo,494,67,int,false,0.0502,15,228,int@BasicType@FormalParameter@MethodDeclaration@ReturnStatement@Literal@false
retorno_antecipado,Retorno antecipado em controle de fluxo,494,106,int,front,0.0494,8,228,int@BasicType@FormalParameter@MethodDeclaration@LocalVariableDeclaration@Vari...
retorno_antecipado,Retorno antecipado em controle de fluxo,494,67,int,<PAD/UNK>,0.0494,7,228,<PAD/UNK>
retorno_antecipado,Retorno antecipado em controle de fluxo,439,232,alarmClock,vacation,0.0493,20,471,alarmClock@MethodDeclaration@FormalParameter@vacation
retorno_antecipado,Retorno antecipado em controle de fluxo,492,40,str,-,0.0489,7,212,str@FormalParameter@MethodDeclaration@LocalVariableDeclaration@VariableDeclar...
retorno_antecipado,Retorno antecipado em controle de fluxo,494,106,int,len,0.0478,30,228,int@BasicType@LocalVariableDeclaration@MethodDeclaration@ForStatement@ForCont...
retorno_antecipado,Retorno antecipado em controle de fluxo,439,236,c,c,0.0476,6,223,c@MemberReference@BinaryOperation@BinaryOperation@BinaryOperation@BinaryOpera...
retorno_antecipado,Retorno antecipado em controle de fluxo,487,22,==,fixTeen,0.0462,6,288,<PAD/UNK>
retorno_antecipado,Retorno antecipado em controle de fluxo,494,67,<,length,0.0449,5,228,<@BinaryOperation@BinaryOperation@MemberReference@length
retorno_antecipado,Retorno antecipado em controle de fluxo,439,233,b,6,0.0442,8,250,b@FormalParameter@MethodDeclaration@IfStatement@BinaryOperation@BinaryOperati...
retorno_antecipado,Retorno antecipado em controle de fluxo,439,234,date,2,0.0441,5,197,date@MemberReference@BinaryOperation@Literal@2
retorno_antecipado,Retorno antecipado em controle de fluxo,439,236,b,&&,0.0441,10,223,b@MemberReference@BinaryOperation@BinaryOperation@BinaryOperation@BinaryOpera...
retorno_antecipado,Retorno antecipado em controle de fluxo,439,236,cigarParty,isWeekend,0.044,8,223,cigarParty@MethodDeclaration@FormalParameter@isWeekend
retorno_antecipado,Retorno antecipado em controle de fluxo,487,20,int,==,0.0436,6,152,int@BasicType@FormalParameter@MethodDeclaration@IfStatement@BinaryOperation@==
retorno_antecipado,Retorno antecipado em controle de fluxo,439,236,boolean,isWeekend,0.0422,15,223,boolean@BasicType@FormalParameter@MethodDeclaration@IfStatement@MemberReferen...
retorno_antecipado,Retorno antecipado em controle de fluxo,439,232,vacation,vacation,0.0415,50,471,vacation@FormalParameter@MethodDeclaration@IfStatement@MemberReference@vacation
retorno_antecipado,Retorno antecipado em controle de fluxo,439,234,int,==,0.0414,6,197,int@BasicType@FormalParameter@MethodDeclaration@IfStatement@BinaryOperation@B...
retorno_antecipado,Retorno antecipado em controle de fluxo,494,106,nums,0,0.0413,5,228,nums@MemberReference@BinaryOperation@Literal@0
retorno_antecipado,Retorno antecipado em controle de fluxo,487,22,<=,fixTeen,0.0407,14,288,<PAD/UNK>
retorno_antecipado,Retorno antecipado em controle de fluxo,494,106,int,n,0.0407,10,228,int@BasicType@FormalParameter@n
retorno_antecipado,Retorno antecipado em controle de fluxo,494,106,nums,==,0.0405,11,228,nums@MemberReference@BinaryOperation@BinaryOperation@BinaryOperation@==
retorno_antecipado,Retorno antecipado em controle de fluxo,439,234,boolean,isWeekend,0.0404,23,197,boolean@BasicType@FormalParameter@MethodDeclaration@IfStatement@MemberReferen...
retorno_antecipado,Retorno antecipado em controle de fluxo,439,232,boolean,vacation,0.0398,96,471,boolean@BasicType@FormalParameter@vacation
retorno_antecipado,Retorno antecipado em controle de fluxo,494,67,<,length,0.0384,8,228,<@BinaryOperation@MemberReference@length
retorno_antecipado,Retorno antecipado em controle de fluxo,487,20,int,b,0.0377,19,152,int@BasicType@FormalParameter@MethodDeclaration@IfStatement@BinaryOperation@M...
retorno_antecipado,Retorno antecipado em controle de fluxo,492,40,String,something,0.0374,7,212,<PAD/UNK>
retorno_antecipado,Retorno antecipado em controle de fluxo,439,236,b,!=,0.0366,8,223,b@MemberReference@BinaryOperation@BinaryOperation@BinaryOperation@BinaryOpera...
retorno_antecipado,Retorno antecipado em controle de fluxo,492,128,bobThere,str,0.0365,9,126,bobThere@MethodDeclaration@LocalVariableDeclaration@VariableDeclarator@Binary...
retorno_antecipado,Retorno antecipado em controle de fluxo,487,24,&&,>,0.0364,12,150,&&@BinaryOperation@BinaryOperation@>
retorno_antecipado,Retorno antecipado em controle de fluxo,487,22,int,fixTeen,0.0361,52,288,int@BasicType@FormalParameter@MethodDeclaration@StatementExpression@MethodInv...
retorno_antecipado,Retorno antecipado em controle de fluxo,439,233,a,==,0.0353,7,250,a@FormalParameter@MethodDeclaration@IfStatement@BinaryOperation@BinaryOperati...
retorno_antecipado,Retorno antecipado em controle de fluxo,439,232,int,String,0.0351,13,471,int@BasicType@FormalParameter@MethodDeclaration@LocalVariableDeclaration@Refe...
retorno_antecipado,Retorno antecipado em controle de fluxo,439,234,||,2,0.0351,9,197,||@BinaryOperation@BinaryOperation@Literal@2
retorno_antecipado,Retorno antecipado em controle de fluxo,487,22,int,b,0.0349,14,288,int@BasicType@FormalParameter@MethodDeclaration@FormalParameter@b
retorno_antecipado,Retorno antecipado em controle de fluxo,492,128,x,str,0.0349,5,126,<PAD/UNK>
retorno_antecipado,Retorno antecipado em controle de fluxo,439,232,day,"""7:00""",0.0348,9,471,day@FormalParameter@MethodDeclaration@IfStatement@BlockStatement@ReturnStatem...
retorno_antecipado,Retorno antecipado em controle de fluxo,439,233,int,|,0.0347,12,250,<PAD/UNK>
retorno_antecipado,Retorno antecipado em controle de fluxo,439,234,int,date,0.0345,12,197,int@BasicType@FormalParameter@MethodDeclaration@FormalParameter@date
retorno_antecipado,Retorno antecipado em controle de fluxo,494,106,int,nums,0.0341,14,228,int@BasicType@FormalParameter@nums
retorno_antecipado,Retorno antecipado em controle de fluxo,439,233,true,==,0.0334,5,250,true@Literal@ReturnStatement@IfStatement@IfStatement@BinaryOperation@BinaryOp...
retorno_antecipado,Retorno antecipado em controle de fluxo,439,235,day,boolean,0.0305,19,180,day@FormalParameter@MethodDeclaration@FormalParameter@BasicType@boolean
retorno_antecipado,Retorno antecipado em controle de fluxo,494,106,d,==,0.0303,10,228,<PAD/UNK>
retorno_antecipado,Retorno antecipado em controle de fluxo,487,22,int,c,0.0297,26,288,int@BasicType@FormalParameter@MethodDeclaration@ReturnStatement@BinaryOperati...
retorno_antecipado,Retorno antecipado em controle de fluxo,494,67,int,sum,0.0297,8,228,int@BasicType@FormalParameter@MethodDeclaration@LocalVariableDeclaration@Vari...
retorno_antecipado,Retorno antecipado em controle de fluxo,487,20,+,c,0.0296,14,152,+@BinaryOperation@MemberReference@c
retorno_antecipado,Retorno antecipado em controle de fluxo,487,20,int,b,0.0282,37,152,int@BasicType@FormalParameter@MethodDeclaration@FormalParameter@b
retorno_antecipado,Retorno antecipado em controle de fluxo,494,106,int,n,0.0279,17,228,int@BasicType@FormalParameter@MethodDeclaration@FormalParameter@n
retorno_antecipado,Retorno antecipado em controle de fluxo,439,235,boolean,vacation,0.0278,6,180,boolean@BasicType@FormalParameter@MethodDeclaration@IfStatement@MemberReferen...
retorno_antecipado,Retorno antecipado em controle de fluxo,487,22,c,fixTeen,0.0275,13,288,c@FormalParameter@MethodDeclaration@ReturnStatement@BinaryOperation@MethodInv...
retorno_antecipado,Retorno antecipado em controle de fluxo,492,40,String,split,0.0273,8,212,<PAD/UNK>
retorno_antecipado,Retorno antecipado em controle de fluxo,439,233,b,==,0.0259,7,250,b@MemberReference@BinaryOperation@BinaryOperation@BinaryOperation@BinaryOpera...
retorno_antecipado,Retorno antecipado em controle de fluxo,494,106,nums,=,0.0254,7,228,nums@MemberReference@BinaryOperation@IfStatement@BlockStatement@StatementExpr...
retorno_antecipado,Retorno antecipado em controle de fluxo,492,128,bobThere,String,0.0251,21,126,bobThere@MethodDeclaration@FormalParameter@ReferenceType@String
retorno_antecipado,Retorno antecipado em controle de fluxo,439,232,day,||,0.0237,8,471,day@MemberReference@Assignment@Assignment@BinaryOperation@||
retorno_antecipado,Retorno antecipado em controle de fluxo,494,106,int,arr,0.0229,5,228,<PAD/UNK>
retorno_antecipado,Retorno antecipado em controle de fluxo,439,233,int,||,0.0226,8,250,int@BasicType@FormalParameter@MethodDeclaration@IfStatement@BinaryOperation@B...
retorno_antecipado,Retorno antecipado em controle de fluxo,439,234,cigars,isWeekend,0.021,46,197,cigars@FormalParameter@MethodDeclaration@FormalParameter@isWeekend
retorno_antecipado,Retorno antecipado em controle de fluxo,487,24,a,21,0.021,5,150,a@MemberReference@BinaryOperation@BinaryOperation@BinaryOperation@BinaryOpera...
retorno_antecipado,Retorno antecipado em controle de fluxo,439,236,int,isWeekend,0.0201,6,223,int@BasicType@FormalParameter@MethodDeclaration@IfStatement@BinaryOperation@M...
retorno_antecipado,Retorno antecipado em controle de fluxo,492,128,bobThere,2,0.02,14,126,bobThere@MethodDeclaration@LocalVariableDeclaration@VariableDeclarator@Binary...
retorno_antecipado,Retorno antecipado em controle de fluxo,487,22,b,fixTeen,0.0194,5,288,b@FormalParameter@MethodDeclaration@StatementExpression@Assignment@MethodInvo...
retorno_antecipado,Retorno antecipado em controle de fluxo,494,106,end,length,0.0193,30,228,end@VariableDeclarator@BinaryOperation@MemberReference@length
retorno_antecipado,Retorno antecipado em controle de fluxo,494,67,int,++,0.0193,7,228,int@BasicType@VariableDeclaration@ForControl@MemberReference@++
retorno_antecipado,Retorno antecipado em controle de fluxo,439,236,cigars,isWeekend,0.0192,18,223,cigars@FormalParameter@MethodDeclaration@FormalParameter@isWeekend
retorno_antecipado,Retorno antecipado em controle de fluxo,439,236,cigars,isWeekend,0.0192,11,223,cigars@FormalParameter@MethodDeclaration@IfStatement@MemberReference@isWeekend
retorno_antecipado,Retorno antecipado em controle de fluxo,492,128,&&,str,0.0182,9,126,&&@BinaryOperation@BinaryOperation@MethodInvocation@str
retorno_antecipado,Retorno antecipado em controle de fluxo,494,106,int,start,0.0182,24,228,int@BasicType@FormalParameter@MethodDeclaration@LocalVariableDeclaration@Vari...
retorno_antecipado,Retorno antecipado em controle de fluxo,494,67,nums,1,0.0181,6,228,nums@FormalParameter@MethodDeclaration@IfStatement@BinaryOperation@BinaryOper...
retorno_antecipado,Retorno antecipado em controle de fluxo,439,234,cigars,isWeekend,0.0179,20,197,cigars@FormalParameter@MethodDeclaration@IfStatement@MemberReference@isWeekend
retorno_antecipado,Retorno antecipado em controle de fluxo,439,232,day,==,0.0176,10,471,day@MemberReference@BinaryOperation@BinaryOperation@BinaryOperation@==
retorno_antecipado,Retorno antecipado em controle de fluxo,439,232,day,=,0.017,5,471,day@MemberReference@BinaryOperation@BinaryOperation@IfStatement@IfStatement@A...
retorno_antecipado,Retorno antecipado em controle de fluxo,439,235,day,==,0.017,5,180,day@MemberReference@BinaryOperation@BinaryOperation@BinaryOperation@==
retorno_antecipado,Retorno antecipado em controle de fluxo,439,232,boolean,&&,0.0168,9,471,boolean@BasicType@FormalParameter@MethodDeclaration@IfStatement@BinaryOperati...
retorno_antecipado,Retorno antecipado em controle de fluxo,439,234,int,isWeekend,0.0164,9,197,int@BasicType@FormalParameter@MethodDeclaration@IfStatement@BinaryOperation@M...
retorno_antecipado,Retorno antecipado em controle de fluxo,439,234,>=,1,0.0154,6,197,>=@BinaryOperation@BinaryOperation@IfStatement@BlockStatement@ReturnStatement...
retorno_antecipado,Retorno antecipado em controle de fluxo,439,235,vacation,vacation,0.015,9,180,vacation@FormalParameter@MethodDeclaration@IfStatement@MemberReference@vacation
retorno_antecipado,Retorno antecipado em controle de fluxo,494,67,1,7,0.0132,5,228,1@Literal@BinaryOperation@ArraySelector@MemberReference@BinaryOperation@Liter...
retorno_antecipado,Retorno antecipado em controle de fluxo,439,232,!,vacation,0.0131,10,471,!@MemberReference@vacation
retorno_antecipado,Retorno antecipado em controle de fluxo,439,232,60,speed,0.0128,5,471,60@Literal@BinaryOperation@IfStatement@IfStatement@BinaryOperation@MemberRefe...
retorno_antecipado,Retorno antecipado em controle de fluxo,439,233,answerCell,boolean,0.0125,14,250,answerCell@MethodDeclaration@FormalParameter@BasicType@boolean
retorno_antecipado,Retorno antecipado em controle de fluxo,439,235,boolean,==,0.0124,5,180,boolean@BasicType@FormalParameter@MethodDeclaration@IfStatement@BinaryOperati...
retorno_antecipado,Retorno antecipado em controle de fluxo,439,233,==,true,0.0116,6,250,==@BinaryOperation@Literal@true
retorno_antecipado,Retorno antecipado em controle de fluxo,439,232,61,speed,0.0115,6,471,61@Literal@BinaryOperation@BinaryOperation@BinaryOperation@MemberReference@speed
retorno_antecipado,Retorno antecipado em controle de fluxo,439,234,isWeekend,isWeekend,0.0108,6,197,isWeekend@FormalParameter@MethodDeclaration@IfStatement@BinaryOperation@Membe...
retorno_antecipado,Retorno antecipado em controle de fluxo,439,232,int,=,0.0095,6,471,int@BasicType@FormalParameter@MethodDeclaration@IfStatement@Assignment@=
retorno_antecipado,Retorno antecipado em controle de fluxo,487,22,&&,19,0.0095,5,288,&&@BinaryOperation@BinaryOperation@Literal@19
retorno_antecipado,Retorno antecipado em controle de fluxo,439,232,>=,speed,0.0089,6,471,>=@BinaryOperation@MemberReference@speed
retorno_antecipado,Retorno antecipado em controle de fluxo,487,22,int,&&,0.0088,10,288,int@BasicType@FormalParameter@MethodDeclaration@IfStatement@BinaryOperation@B...
retorno_antecipado,Retorno antecipado em controle de fluxo,439,235,boolean,vacation,0.0083,9,180,boolean@BasicType@FormalParameter@vacation
retorno_antecipado,Retorno antecipado em controle de fluxo,439,232,<=,speed,0.008,24,471,<=@BinaryOperation@MemberReference@speed
retorno_antecipado,Retorno antecipado em controle de fluxo,439,233,boolean,false,0.0077,10,250,boolean@BasicType@FormalParameter@MethodDeclaration@IfStatement@ReturnStateme...
retorno_antecipado,Retorno antecipado em controle de fluxo,439,234,!,isWeekend,0.0071,11,197,!@MemberReference@isWeekend
retorno_antecipado,Retorno antecipado em controle de fluxo,439,232,int,"""""",0.0064,15,471,int@BasicType@FormalParameter@MethodDeclaration@LocalVariableDeclaration@Vari...
retorno_antecipado,Retorno antecipado em controle de fluxo,439,232,vacation,day,0.0062,5,471,vacation@MemberReference@IfStatement@IfStatement@BinaryOperation@BinaryOperat...
retorno_antecipado,Retorno antecipado em controle de fluxo,439,232,day,vacation,0.0037,10,471,day@MemberReference@Assignment@BinaryOperation@MemberReference@vacation
retorno_antecipado,Retorno antecipado em controle de fluxo,439,232,int,day,0.0035,92,471,int@BasicType@FormalParameter@day
retorno_antecipado,Retorno antecipado em controle de fluxo,439,232,int,=,0.0035,9,471,int@BasicType@FormalParameter@MethodDeclaration@IfStatement@BinaryOperation@A...
retorno_antecipado,Retorno antecipado em controle de fluxo,439,234,int,boolean,0.0034,7,197,int@BasicType@FormalParameter@MethodDeclaration@FormalParameter@BasicType@boo...
retorno_antecipado,Retorno antecipado em controle de fluxo,439,234,cigars,>=,0.0032,5,197,cigars@FormalParameter@MethodDeclaration@IfStatement@BlockStatement@IfStateme...
retorno_antecipado,Retorno antecipado em controle de fluxo,439,232,int,boolean,0.0031,66,471,int@BasicType@FormalParameter@MethodDeclaration@FormalParameter@BasicType@boo...
retorno_antecipado,Retorno antecipado em controle de fluxo,439,236,int,boolean,0.0027,7,223,int@BasicType@FormalParameter@MethodDeclaration@FormalParameter@BasicType@boo...
retorno_antecipado,Retorno antecipado em controle de fluxo,439,232,boolean,==,0.0026,10,471,boolean@BasicType@FormalParameter@MethodDeclaration@IfStatement@BinaryOperati...
retorno_antecipado,Retorno antecipado em controle de fluxo,439,232,int,=,0.0023,15,471,int@BasicType@FormalParameter@MethodDeclaration@IfStatement@StatementExpressi...
retorno_antecipado,Retorno antecipado em controle de fluxo,439,235,int,day,0.0017,12,180,int@BasicType@FormalParameter@day
retorno_antecipado,Retorno antecipado em controle de fluxo,439,232,boolean,>=,0.0016,5,471,boolean@BasicType@FormalParameter@MethodDeclaration@IfStatement@BinaryOperati...
retorno_antecipado,Retorno antecipado em controle de fluxo,439,232,boolean,=,0.0015,6,471,boolean@BasicType@FormalParameter@MethodDeclaration@IfStatement@BinaryOperati...
retorno_antecipado,Retorno antecipado em controle de fluxo,439,235,int,boolean,0.0013,11,180,int@BasicType@FormalParameter@MethodDeclaration@FormalParameter@BasicType@boo...
retorno_antecipado,Retorno antecipado em controle de fluxo,439,235,>=,>=,0.0013,5,180,>=@BinaryOperation@BinaryOperation@BinaryOperation@>=
retorno_antecipado,Retorno antecipado em controle de fluxo,439,232,caughtSpeeding,boolean,0.0012,5,471,caughtSpeeding@MethodDeclaration@FormalParameter@BasicType@boolean
retorno_antecipado,Retorno antecipado em controle de fluxo,439,232,day,&&,0.0011,6,471,day@FormalParameter@MethodDeclaration@IfStatement@IfStatement@BinaryOperation@&&
retorno_antecipado,Retorno antecipado em controle de fluxo,439,232,day,6,0.0008,6,471,day@MemberReference@BinaryOperation@Assignment@Literal@6
retorno_antecipado,Retorno antecipado em controle de fluxo,439,232,day,"""7:00""",0.0007,9,471,day@MemberReference@Assignment@IfStatement@BlockStatement@ReturnStatement@Lit...
retorno_antecipado,Retorno antecipado em controle de fluxo,439,232,day,&&,0.0006,6,471,day@MemberReference@BinaryOperation@BinaryOperation@IfStatement@IfStatement@B...
retorno_antecipado,Retorno antecipado em controle de fluxo,439,235,<,8,0.0004,5,180,<@BinaryOperation@Literal@8
retorno_antecipado,Retorno antecipado em controle de fluxo,439,235,8,8,0.0004,5,180,8@Literal@BinaryOperation@BinaryOperation@BinaryOperation@Literal@8
retorno_para_recursos,Valor de retorno para gestão de recursos,487,101,int,*,0.4832,5,483,<PAD/UNK>
retorno_para_recursos,Valor de retorno para gestão de recursos,487,100,int,21,0.4229,6,52,int@BasicType@FormalParameter@MethodDeclaration@IfStatement@BinaryOperation@L...
retorno_para_recursos,Valor de retorno para gestão de recursos,487,100,int,d,0.4079,6,52,<PAD/UNK>
retorno_para_recursos,Valor de retorno para gestão de recursos,487,101,int,smalls,0.3922,11,483,<PAD/UNK>
retorno_para_recursos,Valor de retorno para gestão de recursos,487,101,int,*,0.3762,5,483,int@BasicType@LocalVariableDeclaration@VariableDeclarator@BinaryOperation@*
retorno_para_recursos,Valor de retorno para gestão de recursos,487,101,>=,=,0.3709,5,483,<PAD/UNK>
retorno_para_recursos,Valor de retorno para gestão de recursos,487,101,int,choco,0.3655,7,483,<PAD/UNK>
retorno_para_recursos,Valor de retorno para gestão de recursos,487,101,int,c,0.3053,19,483,int@BasicType@FormalParameter@c
retorno_para_recursos,Valor de retorno para gestão de recursos,487,101,int,%,0.3044,11,483,int@BasicType@FormalParameter@MethodDeclaration@IfStatement@BinaryOperation@B...
retorno_para_recursos,Valor de retorno para gestão de recursos,487,101,5,-,0.2999,9,483,<PAD/UNK>
retorno_para_recursos,Valor de retorno para gestão de recursos,487,101,big,>,0.2943,5,483,<PAD/UNK>
retorno_para_recursos,Valor de retorno para gestão de recursos,487,101,int,count,0.2898,18,483,<PAD/UNK>
retorno_para_recursos,Valor de retorno para gestão de recursos,487,101,<PAD/UNK>,*,0.2784,6,483,<PAD/UNK>
retorno_para_recursos,Valor de retorno para gestão de recursos,487,101,int,%,0.2751,11,483,<PAD/UNK>
retorno_para_recursos,Valor de retorno para gestão de recursos,487,101,int,%,0.2617,8,483,int@BasicType@LocalVariableDeclaration@VariableDeclarator@BinaryOperation@%
retorno_para_recursos,Valor de retorno para gestão de recursos,487,101,without2,str,0.2558,5,483,without2@MethodDeclaration@FormalParameter@str
retorno_para_recursos,Valor de retorno para gestão de recursos,487,101,int,c,0.2494,25,483,int@BasicType@FormalParameter@MethodDeclaration@FormalParameter@c
retorno_para_recursos,Valor de retorno para gestão de recursos,487,101,0,big,0.2441,5,483,<PAD/UNK>
retorno_para_recursos,Valor de retorno para gestão de recursos,487,100,int,c,0.2418,18,52,int@BasicType@FormalParameter@MethodDeclaration@FormalParameter@c
retorno_para_recursos,Valor de retorno para gestão de recursos,487,101,big,==,0.2342,6,483,<PAD/UNK>
retorno_para_recursos,Valor de retorno para gestão de recursos,487,101,>=,remaining,0.2279,10,483,<PAD/UNK>
retorno_para_recursos,Valor de retorno para gestão de recursos,487,101,int,goal,0.2226,8,483,<PAD/UNK>
retorno_para_recursos,Valor de retorno para gestão de recursos,487,101,<PAD/UNK>,=,0.2174,8,483,<PAD/UNK>
retorno_para_recursos,Valor de retorno para gestão de recursos,487,101,big,--,0.2158,8,483,<PAD/UNK>
retorno_para_recursos,Valor de retorno para gestão de recursos,487,101,<PAD/UNK>,%,0.2089,13,483,<PAD/UNK>
retorno_para_recursos,Valor de retorno para gestão de recursos,487,101,int,/,0.2017,6,483,int@BasicType@FormalParameter@MethodDeclaration@LocalVariableDeclaration@Vari...
retorno_para_recursos,Valor de retorno para gestão de recursos,487,100,int,b,0.1889,22,52,int@BasicType@FormalParameter@b
retorno_para_recursos,Valor de retorno para gestão de recursos,487,101,int,<PAD/UNK>,0.1861,76,483,<PAD/UNK>
retorno_para_recursos,Valor de retorno para gestão de recursos,487,100,int,c,0.1837,9,52,int@BasicType@FormalParameter@c
retorno_para_recursos,Valor de retorno para gestão de recursos,487,101,int,%,0.1763,5,483,int@BasicType@FormalParameter@MethodDeclaration@LocalVariableDeclaration@Vari...
retorno_para_recursos,Valor de retorno para gestão de recursos,487,101,small,*,0.1659,6,483,small@MemberReference@BinaryOperation@BinaryOperation@*
retorno_para_recursos,Valor de retorno para gestão de recursos,487,101,0,-,0.1633,5,483,<PAD/UNK>
retorno_para_recursos,Valor de retorno para gestão de recursos,487,101,<PAD/UNK>,/,0.1569,14,483,<PAD/UNK>
retorno_para_recursos,Valor de retorno para gestão de recursos,487,101,x,goal,0.1503,9,483,<PAD/UNK>
retorno_para_recursos,Valor de retorno para gestão de recursos,487,101,int,goal,0.1477,134,483,int@BasicType@FormalParameter@MethodDeclaration@FormalParameter@goal
retorno_para_recursos,Valor de retorno para gestão de recursos,487,101,big,-,0.1472,14,483,<PAD/UNK>
retorno_para_recursos,Valor de retorno para gestão de recursos,487,101,k,%,0.1413,5,483,<PAD/UNK>
retorno_para_recursos,Valor de retorno para gestão de recursos,487,101,big,big,0.1382,5,483,<PAD/UNK>
retorno_para_recursos,Valor de retorno para gestão de recursos,487,101,int,*,0.1373,15,483,int@BasicType@LocalVariableDeclaration@VariableDeclarator@BinaryOperation@Bin...
retorno_para_recursos,Valor de retorno para gestão de recursos,487,101,int,k,0.1316,8,483,<PAD/UNK>
retorno_para_recursos,Valor de retorno para gestão de recursos,487,101,||,goal,0.1268,5,483,<PAD/UNK>
retorno_para_recursos,Valor de retorno para gestão de recursos,487,100,int,round10,0.1261,6,52,int@BasicType@FormalParameter@MethodDeclaration@StatementExpression@Assignmen...
retorno_para_recursos,Valor de retorno para gestão de recursos,487,101,<PAD/UNK>,goal,0.1256,17,483,<PAD/UNK>
retorno_para_recursos,Valor de retorno para gestão de recursos,487,101,+,>,0.1225,7,483,<PAD/UNK>
retorno_para_recursos,Valor de retorno para gestão de recursos,487,101,5,5,0.114,5,483,<PAD/UNK>
retorno_para_recursos,Valor de retorno para gestão de recursos,487,101,int,makeChocolate,0.1107,28,483,int@BasicType@MethodDeclaration@makeChocolate
retorno_para_recursos,Valor de retorno para gestão de recursos,487,101,5,=,0.11,6,483,5@Literal@BinaryOperation@Assignment@=
retorno_para_recursos,Valor de retorno para gestão de recursos,487,101,+,-,0.1072,6,483,<PAD/UNK>
retorno_para_recursos,Valor de retorno para gestão de recursos,487,101,>=,choco,0.1067,6,483,<PAD/UNK>
retorno_para_recursos,Valor de retorno para gestão de recursos,487,101,++,s,0.1036,7,483,<PAD/UNK>
retorno_para_recursos,Valor de retorno para gestão de recursos,487,101,small,-,0.1018,6,483,<PAD/UNK>
retorno_para_recursos,Valor de retorno para gestão de recursos,487,100,int,<PAD/UNK>,0.0976,9,52,<PAD/UNK>
retorno_para_recursos,Valor de retorno para gestão de recursos,487,101,int,=,0.096,6,483,int@BasicType@FormalParameter@MethodDeclaration@StatementExpression@Assignment@=
retorno_para_recursos,Valor de retorno para gestão de recursos,487,101,int,1,0.0952,6,483,int@BasicType@FormalParameter@MethodDeclaration@IfStatement@ReturnStatement@L...
retorno_para_recursos,Valor de retorno para gestão de recursos,487,101,<PAD/UNK>,2,0.0931,5,483,<PAD/UNK>
retorno_para_recursos,Valor de retorno para gestão de recursos,487,101,<PAD/UNK>,>,0.0901,11,483,<PAD/UNK>
retorno_para_recursos,Valor de retorno para gestão de recursos,487,101,small,x,0.0894,7,483,<PAD/UNK>
retorno_para_recursos,Valor de retorno para gestão de recursos,487,101,smallNum,>,0.0859,6,483,<PAD/UNK>
retorno_para_recursos,Valor de retorno para gestão de recursos,487,101,big,*,0.0842,11,483,big@FormalParameter@MethodDeclaration@LocalVariableDeclaration@VariableDeclar...
retorno_para_recursos,Valor de retorno para gestão de recursos,487,101,0,s,0.084,6,483,<PAD/UNK>
retorno_para_recursos,Valor de retorno para gestão de recursos,487,101,<PAD/UNK>,<=,0.0833,6,483,<PAD/UNK>
retorno_para_recursos,Valor de retorno para gestão de recursos,487,101,>=,*,0.0819,6,483,>=@BinaryOperation@IfStatement@BlockStatement@ReturnStatement@BinaryOperation...
retorno_para_recursos,Valor de retorno para gestão de recursos,487,101,int,round10,0.0698,24,483,int@BasicType@FormalParameter@MethodDeclaration@ReturnStatement@BinaryOperati...
retorno_para_recursos,Valor de retorno para gestão de recursos,487,100,int,round10,0.0692,6,52,int@BasicType@FormalParameter@MethodDeclaration@ReturnStatement@BinaryOperati...
retorno_para_recursos,Valor de retorno para gestão de recursos,487,101,<PAD/UNK>,small,0.0676,5,483,<PAD/UNK>
retorno_para_recursos,Valor de retorno para gestão de recursos,487,101,int,||,0.0644,6,483,int@BasicType@FormalParameter@MethodDeclaration@IfStatement@BinaryOperation@||
retorno_para_recursos,Valor de retorno para gestão de recursos,487,101,small,choco,0.0636,5,483,<PAD/UNK>
retorno_para_recursos,Valor de retorno para gestão de recursos,487,100,<PAD/UNK>,toString,0.0627,9,52,<PAD/UNK>
retorno_para_recursos,Valor de retorno para gestão de recursos,487,101,int,*,0.0607,6,483,int@BasicType@FormalParameter@MethodDeclaration@LocalVariableDeclaration@Vari...
retorno_para_recursos,Valor de retorno para gestão de recursos,487,101,<PAD/UNK>,5,0.0589,7,483,<PAD/UNK>
retorno_para_recursos,Valor de retorno para gestão de recursos,487,100,int,round10,0.0552,6,52,int@BasicType@FormalParameter@MethodDeclaration@StatementExpression@MethodInv...
retorno_para_recursos,Valor de retorno para gestão de recursos,487,100,round10,=,0.0445,6,52,round10@MethodInvocation@Assignment@StatementExpression@MethodDeclaration@Sta...
retorno_para_recursos,Valor de retorno para gestão de recursos,487,101,int,goal,0.0444,6,483,int@BasicType@FormalParameter@goal
retorno_para_recursos,Valor de retorno para gestão de recursos,487,101,int,<=,0.0321,5,483,int@BasicType@LocalVariableDeclaration@MethodDeclaration@IfStatement@BinaryOp...
retorno_para_recursos,Valor de retorno para gestão de recursos,487,101,int,roundSum,0.0277,12,483,int@BasicType@MethodDeclaration@roundSum
sentinela,Padrão sentinela em buscas,492,40,String,str,0.61,10,212,String@ReferenceType@FormalParameter@MethodDeclaration@ReturnStatement@Method...
sentinela,Padrão sentinela em buscas,492,40,String,str,0.4015,22,212,String@ReferenceType@FormalParameter@MethodDeclaration@IfStatement@BinaryOper...
sentinela,Padrão sentinela em buscas,492,40,&&,str,0.1685,5,212,&&@BinaryOperation@IfStatement@BlockStatement@ReturnStatement@MethodInvocatio...
sentinela,Padrão sentinela em buscas,492,40,str,str,0.1586,9,212,str@FormalParameter@MethodDeclaration@LocalVariableDeclaration@VariableDeclar...
sentinela,Padrão sentinela em buscas,492,40,var,str,0.1474,6,212,<PAD/UNK>
sentinela,Padrão sentinela em buscas,492,40,getSandwich,str,0.1233,67,212,getSandwich@MethodDeclaration@FormalParameter@str
sentinela,Padrão sentinela em buscas,492,40,String,String,0.1092,10,212,String@ReferenceType@FormalParameter@MethodDeclaration@LocalVariableDeclarati...
sentinela,Padrão sentinela em buscas,492,40,String,String,0.1071,35,212,String@ReferenceType@MethodDeclaration@FormalParameter@ReferenceType@String
sentinela,Padrão sentinela em buscas,492,40,String,str,0.1052,7,212,String@ReferenceType@FormalParameter@MethodDeclaration@LocalVariableDeclarati...
sentinela,Padrão sentinela em buscas,492,40,&&,str,0.1049,28,212,&&@BinaryOperation@MethodInvocation@str
sentinela,Padrão sentinela em buscas,492,40,String,str,0.1005,40,212,String@ReferenceType@FormalParameter@str
sentinela,Padrão sentinela em buscas,492,40,String,<PAD/UNK>,0.0905,10,212,<PAD/UNK>
sentinela,Padrão sentinela em buscas,492,40,str,-,0.0489,7,212,str@FormalParameter@MethodDeclaration@LocalVariableDeclaration@VariableDeclar...
sentinela,Padrão sentinela em buscas,492,40,String,something,0.0374,7,212,<PAD/UNK>
sentinela,Padrão sentinela em buscas,492,40,String,split,0.0273,8,212,<PAD/UNK>
tipos_retorno,Tipos e formato de retorno de método,439,235,int,vacation,0.9761,26,180,int@BasicType@FormalParameter@MethodDeclaration@FormalParameter@vacation
tipos_retorno,Tipos e formato de retorno de método,439,232,int,vacation,0.9685,155,471,int@BasicType@FormalParameter@MethodDeclaration@FormalParameter@vacation
tipos_retorno,Tipos e formato de retorno de método,439,13,caughtSpeeding,speed,0.883,142,460,caughtSpeeding@MethodDeclaration@FormalParameter@speed
tipos_retorno,Tipos e formato de retorno de método,494,44,int,0,0.8587,15,88,int@BasicType@VariableDeclaration@VariableDeclarator@Literal@0
tipos_retorno,Tipos e formato de retorno de método,494,41,int,+,0.8466,10,51,int@BasicType@FormalParameter@MethodDeclaration@ReturnStatement@BinaryOperati...
tipos_retorno,Tipos e formato de retorno de método,439,232,caughtSpeeding,speed,0.8433,25,471,caughtSpeeding@MethodDeclaration@FormalParameter@speed
tipos_retorno,Tipos e formato de retorno de método,439,1,int,sum,0.8354,7,82,int@BasicType@FieldDeclaration@VariableDeclarator@sum
tipos_retorno,Tipos e formato de retorno de método,494,46,int,0,0.8311,18,172,int@BasicType@VariableDeclaration@VariableDeclarator@Literal@0
tipos_retorno,Tipos e formato de retorno de método,492,39,bobThere,str,0.8271,14,162,bobThere@MethodDeclaration@FormalParameter@str
tipos_retorno,Tipos e formato de retorno de método,439,235,int,&&,0.8261,6,180,int@BasicType@FormalParameter@MethodDeclaration@IfStatement@IfStatement@Binar...
tipos_retorno,Tipos e formato de retorno de método,439,12,int,&&,0.8258,14,94,int@BasicType@FormalParameter@MethodDeclaration@IfStatement@IfStatement@Binar...
tipos_retorno,Tipos e formato de retorno de método,494,43,int,+,0.8226,12,259,int@BasicType@FormalParameter@MethodDeclaration@ReturnStatement@BinaryOperati...
tipos_retorno,Tipos e formato de retorno de método,494,67,int,0,0.8154,19,228,int@BasicType@VariableDeclaration@VariableDeclarator@Literal@0
tipos_retorno,Tipos e formato de retorno de método,494,43,int,==,0.7911,7,259,int@BasicType@LocalVariableDeclaration@BlockStatement@IfStatement@IfStatement...
tipos_retorno,Tipos e formato de retorno de método,494,106,int,0,0.7714,36,228,int@BasicType@VariableDeclaration@VariableDeclarator@Literal@0
tipos_retorno,Tipos e formato de retorno de método,492,39,<PAD/UNK>,str,0.7242,11,162,<PAD/UNK>
tipos_retorno,Tipos e formato de retorno de método,494,43,int,==,0.6701,6,259,int@BasicType@FormalParameter@MethodDeclaration@IfStatement@IfStatement@Binar...
tipos_retorno,Tipos e formato de retorno de método,439,234,boolean,isWeekend,0.6089,10,197,boolean@BasicType@FormalParameter@MethodDeclaration@IfStatement@BinaryOperati...
tipos_retorno,Tipos e formato de retorno de método,439,234,int,isWeekend,0.5905,31,197,int@BasicType@FormalParameter@MethodDeclaration@IfStatement@MemberReference@i...
tipos_retorno,Tipos e formato de retorno de método,492,39,xyBalance,str,0.5742,5,162,xyBalance@MethodDeclaration@ForStatement@ForControl@BinaryOperation@MethodInv...
tipos_retorno,Tipos e formato de retorno de método,494,67,int,length,0.5698,20,228,int@BasicType@VariableDeclaration@ForControl@BinaryOperation@MemberReference@...
tipos_retorno,Tipos e formato de retorno de método,439,1,b,==,0.5684,13,82,b@FormalParameter@MethodDeclaration@IfStatement@BinaryOperation@BinaryOperati...
tipos_retorno,Tipos e formato de retorno de método,439,1,int,sum,0.5619,6,82,int@BasicType@FormalParameter@MethodDeclaration@LocalVariableDeclaration@Vari...
tipos_retorno,Tipos e formato de retorno de método,439,233,int,sum,0.5413,9,250,int@BasicType@FormalParameter@MethodDeclaration@LocalVariableDeclaration@Vari...
tipos_retorno,Tipos e formato de retorno de método,494,106,int,result,0.536,7,228,int@BasicType@FormalParameter@MethodDeclaration@LocalVariableDeclaration@Vari...
tipos_retorno,Tipos e formato de retorno de método,494,41,int,<=,0.5096,7,51,int@BasicType@LocalVariableDeclaration@MethodDeclaration@ForStatement@ForCont...
tipos_retorno,Tipos e formato de retorno de método,492,37,String,str,0.5074,7,104,String@ReferenceType@FormalParameter@MethodDeclaration@IfStatement@BinaryOper...
tipos_retorno,Tipos e formato de retorno de método,492,31,<PAD/UNK>,str,0.4988,20,202,<PAD/UNK>
tipos_retorno,Tipos e formato de retorno de método,439,12,int,&&,0.4882,7,94,int@BasicType@FormalParameter@MethodDeclaration@IfStatement@BinaryOperation@B...
tipos_retorno,Tipos e formato de retorno de método,487,101,int,*,0.4832,5,483,<PAD/UNK>
tipos_retorno,Tipos e formato de retorno de método,492,37,j,-,0.4536,5,104,<PAD/UNK>
tipos_retorno,Tipos e formato de retorno de método,494,67,int,==,0.4528,11,228,int@BasicType@FormalParameter@MethodDeclaration@IfStatement@BinaryOperation@==
tipos_retorno,Tipos e formato de retorno de método,439,234,int,isWeekend,0.4517,68,197,int@BasicType@FormalParameter@MethodDeclaration@FormalParameter@isWeekend
tipos_retorno,Tipos e formato de retorno de método,439,235,int,&&,0.4511,8,180,int@BasicType@FormalParameter@MethodDeclaration@IfStatement@BinaryOperation@B...
tipos_retorno,Tipos e formato de retorno de método,494,106,>,==,0.4473,13,228,>@BinaryOperation@BinaryOperation@BinaryOperation@==
tipos_retorno,Tipos e formato de retorno de método,439,5,b,==,0.4438,18,250,b@FormalParameter@MethodDeclaration@IfStatement@BinaryOperation@BinaryOperati...
tipos_retorno,Tipos e formato de retorno de método,492,31,<,str,0.4421,8,202,<PAD/UNK>
tipos_retorno,Tipos e formato de retorno de método,494,46,int,length,0.4421,11,172,int@BasicType@VariableDeclaration@ForControl@BinaryOperation@MemberReference@...
tipos_retorno,Tipos e formato de retorno de método,494,106,nums,=,0.4401,25,228,nums@MemberReference@Assignment@=
tipos_retorno,Tipos e formato de retorno de método,439,232,int,&&,0.4364,6,471,int@BasicType@FormalParameter@MethodDeclaration@IfStatement@BinaryOperation@B...
tipos_retorno,Tipos e formato de retorno de método,439,233,b,==,0.4297,61,250,b@FormalParameter@MethodDeclaration@IfStatement@BinaryOperation@BinaryOperati...
tipos_retorno,Tipos e formato de retorno de método,494,67,nums,==,0.4284,28,228,nums@MemberReference@BinaryOperation@IfStatement@BlockStatement@IfStatement@B...
tipos_retorno,Tipos e formato de retorno de método,494,67,<,==,0.4183,9,228,<@BinaryOperation@ForControl@ForStatement@BlockStatement@IfStatement@BinaryOp...
tipos_retorno,Tipos e formato de retorno de método,487,24,int,b,0.4149,15,150,int@BasicType@FormalParameter@b
tipos_retorno,Tipos e formato de retorno de método,492,39,==,str,0.4148,5,162,==@BinaryOperation@BinaryOperation@BinaryOperation@MethodInvocation@str
tipos_retorno,Tipos e formato de retorno de método,494,106,int,end,0.4141,44,228,int@BasicType@LocalVariableDeclaration@VariableDeclarator@end
tipos_retorno,Tipos e formato de retorno de método,494,46,int,1,0.4104,18,172,int@BasicType@VariableDeclaration@ForControl@BinaryOperation@BinaryOperation@...
tipos_retorno,Tipos e formato de retorno de método,494,43,nums,=,0.4074,51,259,nums@MemberReference@Assignment@=
tipos_retorno,Tipos e formato de retorno de método,494,43,int,<=,0.404,6,259,int@BasicType@FormalParameter@MethodDeclaration@IfStatement@BinaryOperation@<=
tipos_retorno,Tipos e formato de retorno de método,439,235,int,>=,0.4022,24,180,int@BasicType@LocalVariableDeclaration@MethodDeclaration@IfStatement@BinaryOp...
tipos_retorno,Tipos e formato de retorno de método,487,22,>=,fixTeen,0.4013,19,288,<PAD/UNK>
tipos_retorno,Tipos e formato de retorno de método,439,234,int,&&,0.3934,5,197,int@BasicType@FormalParameter@MethodDeclaration@IfStatement@IfStatement@Binar...
tipos_retorno,Tipos e formato de retorno de método,494,67,int,1,0.3933,14,228,int@BasicType@VariableDeclaration@ForControl@BinaryOperation@BinaryOperation@...
tipos_retorno,Tipos e formato de retorno de método,487,25,||,||,0.3926,7,218,<PAD/UNK>
tipos_retorno,Tipos e formato de retorno de método,487,101,int,smalls,0.3922,11,483,<PAD/UNK>
tipos_retorno,Tipos e formato de retorno de método,492,39,substring,str,0.3916,7,162,<PAD/UNK>
tipos_retorno,Tipos e formato de retorno de método,494,44,nums,=,0.391,12,88,nums@MemberReference@Assignment@=
tipos_retorno,Tipos e formato de retorno de método,494,44,int,length,0.3881,15,88,int@BasicType@VariableDeclaration@ForControl@BinaryOperation@MemberReference@...
tipos_retorno,Tipos e formato de retorno de método,439,232,int,&&,0.3817,13,471,int@BasicType@FormalParameter@MethodDeclaration@IfStatement@IfStatement@Binar...
tipos_retorno,Tipos e formato de retorno de método,487,25,without2,str,0.378,13,218,without2@MethodDeclaration@FormalParameter@str
tipos_retorno,Tipos e formato de retorno de método,487,25,big,c,0.3764,5,218,<PAD/UNK>
tipos_retorno,Tipos e formato de retorno de método,487,101,int,*,0.3762,5,483,int@BasicType@LocalVariableDeclaration@VariableDeclarator@BinaryOperation@*
tipos_retorno,Tipos e formato de retorno de método,487,101,>=,=,0.3709,5,483,<PAD/UNK>
tipos_retorno,Tipos e formato de retorno de método,487,101,int,choco,0.3655,7,483,<PAD/UNK>
tipos_retorno,Tipos e formato de retorno de método,492,39,String,Boolean,0.365,6,162,<PAD/UNK>
tipos_retorno,Tipos e formato de retorno de método,494,67,int,==,0.3646,6,228,int@BasicType@FormalParameter@MethodDeclaration@IfStatement@BinaryOperation@B...
tipos_retorno,Tipos e formato de retorno de método,439,234,int,||,0.3631,36,197,int@BasicType@FormalParameter@MethodDeclaration@IfStatement@BinaryOperation@||
tipos_retorno,Tipos e formato de retorno de método,439,5,boolean,answerCell,0.3627,5,250,<PAD/UNK>
tipos_retorno,Tipos e formato de retorno de método,492,37,String,x,0.356,18,104,String@ReferenceType@FormalParameter@MethodDeclaration@LocalVariableDeclarati...
tipos_retorno,Tipos e formato de retorno de método,487,22,int,b,0.3545,64,288,int@BasicType@FormalParameter@b
tipos_retorno,Tipos e formato de retorno de método,439,13,int,speed,0.3525,57,460,int@BasicType@MethodDeclaration@FormalParameter@speed
tipos_retorno,Tipos e formato de retorno de método,494,44,int,==,0.3374,10,88,int@BasicType@LocalVariableDeclaration@MethodDeclaration@IfStatement@BinaryOp...
tipos_retorno,Tipos e formato de retorno de método,487,25,int,c,0.333,31,218,int@BasicType@FormalParameter@c
tipos_retorno,Tipos e formato de retorno de método,494,46,int,<PAD/UNK>,0.3308,22,172,<PAD/UNK>
tipos_retorno,Tipos e formato de retorno de método,439,235,int,you,0.3265,9,180,int@BasicType@FormalParameter@you
tipos_retorno,Tipos e formato de retorno de método,487,25,int,==,0.3255,10,218,int@BasicType@FormalParameter@MethodDeclaration@IfStatement@IfStatement@Binar...
tipos_retorno,Tipos e formato de retorno de método,439,233,boolean,boolean,0.325,84,250,boolean@BasicType@FormalParameter@MethodDeclaration@FormalParameter@BasicType...
tipos_retorno,Tipos e formato de retorno de método,494,106,int,length,0.3236,9,228,int@BasicType@VariableDeclaration@ForControl@BinaryOperation@MemberReference@...
tipos_retorno,Tipos e formato de retorno de método,439,232,int,speed,0.3227,20,471,int@BasicType@MethodDeclaration@FormalParameter@speed
tipos_retorno,Tipos e formato de retorno de método,439,5,boolean,boolean,0.3224,292,250,boolean@BasicType@FormalParameter@MethodDeclaration@FormalParameter@BasicType...
tipos_retorno,Tipos e formato de retorno de método,492,31,1,str,0.3193,7,202,1@Literal@BinaryOperation@IfStatement@StatementExpression@MethodInvocation@Me...
tipos_retorno,Tipos e formato de retorno de método,494,106,int,end,0.3192,46,228,int@BasicType@FormalParameter@MethodDeclaration@LocalVariableDeclaration@Vari...
tipos_retorno,Tipos e formato de retorno de método,439,233,int,true,0.3164,17,250,int@BasicType@FormalParameter@MethodDeclaration@IfStatement@ReturnStatement@L...
tipos_retorno,Tipos e formato de retorno de método,487,22,&&,fixTeen,0.3153,23,288,<PAD/UNK>
tipos_retorno,Tipos e formato de retorno de método,439,235,int,||,0.3144,48,180,int@BasicType@FormalParameter@MethodDeclaration@IfStatement@BinaryOperation@||
tipos_retorno,Tipos e formato de retorno de método,487,22,int,fixTeen,0.3084,26,288,int@BasicType@FormalParameter@MethodDeclaration@ReturnStatement@BinaryOperati...
tipos_retorno,Tipos e formato de retorno de método,439,233,boolean,<PAD/UNK>,0.308,18,250,<PAD/UNK>
tipos_retorno,Tipos e formato de retorno de método,487,25,space,=,0.308,14,218,<PAD/UNK>
tipos_retorno,Tipos e formato de retorno de método,487,101,int,c,0.3053,19,483,int@BasicType@FormalParameter@c
tipos_retorno,Tipos e formato de retorno de método,487,101,int,%,0.3044,11,483,int@BasicType@FormalParameter@MethodDeclaration@IfStatement@BinaryOperation@B...
tipos_retorno,Tipos e formato de retorno de método,487,25,int,c,0.3029,96,218,int@BasicType@FormalParameter@MethodDeclaration@FormalParameter@c
tipos_retorno,Tipos e formato de retorno de método,487,22,b,=,0.302,13,288,<PAD/UNK>
tipos_retorno,Tipos e formato de retorno de método,487,101,5,-,0.2999,9,483,<PAD/UNK>
tipos_retorno,Tipos e formato de retorno de método,494,67,nums,13,0.2981,12,228,nums@MemberReference@BinaryOperation@Literal@13
tipos_retorno,Tipos e formato de retorno de método,492,37,String,String,0.2971,5,104,String@ReferenceType@MethodDeclaration@FormalParameter@ReferenceType@String
tipos_retorno,Tipos e formato de retorno de método,487,101,big,>,0.2943,5,483,<PAD/UNK>
tipos_retorno,Tipos e formato de retorno de método,487,101,int,count,0.2898,18,483,<PAD/UNK>
tipos_retorno,Tipos e formato de retorno de método,494,67,nums,==,0.289,13,228,nums@MemberReference@BinaryOperation@BinaryOperation@BinaryOperation@BinaryOp...
tipos_retorno,Tipos e formato de retorno de método,439,233,int,=,0.2866,10,250,int@BasicType@FormalParameter@MethodDeclaration@IfStatement@Assignment@=
tipos_retorno,Tipos e formato de retorno de método,492,37,<PAD/UNK>,a,0.2856,6,104,<PAD/UNK>
tipos_retorno,Tipos e formato de retorno de método,494,43,int,2,0.2852,7,259,int@BasicType@FormalParameter@MethodDeclaration@IfStatement@BinaryOperation@L...
tipos_retorno,Tipos e formato de retorno de método,494,46,int,result,0.2831,5,172,int@BasicType@FormalParameter@MethodDeclaration@LocalVariableDeclaration@Vari...
tipos_retorno,Tipos e formato de retorno de método,494,106,int,==,0.2829,7,228,int@BasicType@FormalParameter@MethodDeclaration@IfStatement@BinaryOperation@B...
tipos_retorno,Tipos e formato de retorno de método,439,12,isSummer,&&,0.2825,15,94,isSummer@MemberReference@IfStatement@BlockStatement@IfStatement@BinaryOperati...
tipos_retorno,Tipos e formato de retorno de método,492,39,String,str,0.2797,65,162,String@ReferenceType@FormalParameter@str
tipos_retorno,Tipos e formato de retorno de método,492,31,a,str,0.2791,5,202,<PAD/UNK>
tipos_retorno,Tipos e formato de retorno de método,487,22,int,fixTeen,0.2789,11,288,int@BasicType@FormalParameter@MethodDeclaration@StatementExpression@Assignmen...
tipos_retorno,Tipos e formato de retorno de método,494,46,int,==,0.2785,7,172,int@BasicType@FormalParameter@MethodDeclaration@IfStatement@BinaryOperation@==
tipos_retorno,Tipos e formato de retorno de método,487,101,<PAD/UNK>,*,0.2784,6,483,<PAD/UNK>
tipos_retorno,Tipos e formato de retorno de método,492,39,str,str,0.2777,16,162,str@FormalParameter@MethodDeclaration@LocalVariableDeclaration@VariableDeclar...
tipos_retorno,Tipos e formato de retorno de método,487,101,int,%,0.2751,11,483,<PAD/UNK>
tipos_retorno,Tipos e formato de retorno de método,492,37,String,String,0.2689,12,104,String@ReferenceType@LocalVariableDeclaration@MethodDeclaration@LocalVariable...
tipos_retorno,Tipos e formato de retorno de método,487,17,int,c,0.2623,19,54,int@BasicType@FormalParameter@c
tipos_retorno,Tipos e formato de retorno de método,487,101,int,%,0.2617,8,483,int@BasicType@LocalVariableDeclaration@VariableDeclarator@BinaryOperation@%
tipos_retorno,Tipos e formato de retorno de método,487,24,0,<=,0.2615,6,150,<PAD/UNK>
tipos_retorno,Tipos e formato de retorno de método,439,233,int,6,0.2589,7,250,int@BasicType@FormalParameter@MethodDeclaration@IfStatement@BinaryOperation@L...
tipos_retorno,Tipos e formato de retorno de método,487,101,without2,str,0.2558,5,483,without2@MethodDeclaration@FormalParameter@str
tipos_retorno,Tipos e formato de retorno de método,487,22,int,==,0.2532,36,288,int@BasicType@FormalParameter@MethodDeclaration@IfStatement@BinaryOperation@B...
tipos_retorno,Tipos e formato de retorno de método,487,101,int,c,0.2494,25,483,int@BasicType@FormalParameter@MethodDeclaration@FormalParameter@c
tipos_retorno,Tipos e formato de retorno de método,487,101,0,big,0.2441,5,483,<PAD/UNK>
tipos_retorno,Tipos e formato de retorno de método,494,67,false,==,0.2413,5,228,<PAD/UNK>
tipos_retorno,Tipos e formato de retorno de método,439,232,boolean,week,0.2389,5,471,boolean@BasicType@FormalParameter@MethodDeclaration@LocalVariableDeclaration@...
tipos_retorno,Tipos e formato de retorno de método,439,233,int,=,0.2388,6,250,int@BasicType@FormalParameter@MethodDeclaration@IfStatement@Assignment@Assign...
tipos_retorno,Tipos e formato de retorno de método,439,233,int,-,0.2381,9,250,int@BasicType@LocalVariableDeclaration@MethodDeclaration@LocalVariableDeclara...
tipos_retorno,Tipos e formato de retorno de método,494,43,int,<,0.238,9,259,int@BasicType@FormalParameter@MethodDeclaration@ForStatement@ForControl@Binar...
tipos_retorno,Tipos e formato de retorno de método,494,46,int,everywhere,0.2367,23,172,int@BasicType@FormalParameter@MethodDeclaration@LocalVariableDeclaration@Vari...
tipos_retorno,Tipos e formato de retorno de método,439,1,b,=,0.2353,5,82,b@MemberReference@BinaryOperation@Assignment@=
tipos_retorno,Tipos e formato de retorno de método,494,43,int,==,0.235,12,259,int@BasicType@LocalVariableDeclaration@MethodDeclaration@IfStatement@BinaryOp...
tipos_retorno,Tipos e formato de retorno de método,439,232,day,vacation,0.2347,10,471,day@MemberReference@BinaryOperation@BinaryOperation@BinaryOperation@MemberRef...
tipos_retorno,Tipos e formato de retorno de método,494,67,int,<,0.2346,51,228,int@BasicType@FormalParameter@MethodDeclaration@ForStatement@ForControl@Binar...
tipos_retorno,Tipos e formato de retorno de método,487,101,big,==,0.2342,6,483,<PAD/UNK>
tipos_retorno,Tipos e formato de retorno de método,487,22,b,20,0.2322,8,288,<PAD/UNK>
tipos_retorno,Tipos e formato de retorno de método,487,22,<PAD/UNK>,=,0.2314,6,288,<PAD/UNK>
tipos_retorno,Tipos e formato de retorno de método,487,22,||,19,0.2306,7,288,<PAD/UNK>
tipos_retorno,Tipos e formato de retorno de método,487,25,&&,==,0.23,5,218,<PAD/UNK>
tipos_retorno,Tipos e formato de retorno de método,487,22,a,fixTeen,0.2298,8,288,<PAD/UNK>
tipos_retorno,Tipos e formato de retorno de método,494,43,nums,==,0.2296,12,259,<PAD/UNK>
tipos_retorno,Tipos e formato de retorno de método,487,17,int,==,0.229,19,54,int@BasicType@FormalParameter@MethodDeclaration@IfStatement@BinaryOperation@B...
tipos_retorno,Tipos e formato de retorno de método,487,24,<=,21,0.2285,5,150,<PAD/UNK>
tipos_retorno,Tipos e formato de retorno de método,487,101,>=,remaining,0.2279,10,483,<PAD/UNK>
tipos_retorno,Tipos e formato de retorno de método,492,31,stbuild,+,0.2276,7,202,stbuild@MethodInvocation@MethodInvocation@BinaryOperation@+
tipos_retorno,Tipos e formato de retorno de método,439,233,b,6,0.2275,7,250,b@MemberReference@BinaryOperation@MethodInvocation@BinaryOperation@Literal@6
tipos_retorno,Tipos e formato de retorno de método,494,67,7,==,0.2268,27,228,7@Literal@BinaryOperation@BinaryOperation@BinaryOperation@==
tipos_retorno,Tipos e formato de retorno de método,439,234,int,||,0.2251,10,197,int@BasicType@FormalParameter@MethodDeclaration@IfStatement@IfStatement@Binar...
tipos_retorno,Tipos e formato de retorno de método,439,232,5,vacation,0.225,5,471,5@Literal@BinaryOperation@BinaryOperation@BinaryOperation@MemberReference@vac...
tipos_retorno,Tipos e formato de retorno de método,492,39,<,str,0.2241,5,162,<@BinaryOperation@BinaryOperation@MethodInvocation@str
tipos_retorno,Tipos e formato de retorno de método,487,101,int,goal,0.2226,8,483,<PAD/UNK>
tipos_retorno,Tipos e formato de retorno de método,439,232,day,4,0.2204,16,471,day@MemberReference@BinaryOperation@Literal@4
tipos_retorno,Tipos e formato de retorno de método,487,101,<PAD/UNK>,=,0.2174,8,483,<PAD/UNK>
tipos_retorno,Tipos e formato de retorno de método,487,17,int,c,0.2169,39,54,int@BasicType@FormalParameter@MethodDeclaration@FormalParameter@c
tipos_retorno,Tipos e formato de retorno de método,487,101,big,--,0.2158,8,483,<PAD/UNK>
tipos_retorno,Tipos e formato de retorno de método,492,37,str,str,0.2152,5,104,str@FormalParameter@MethodDeclaration@LocalVariableDeclaration@VariableDeclar...
tipos_retorno,Tipos e formato de retorno de método,494,43,len,==,0.2144,5,259,<PAD/UNK>
tipos_retorno,Tipos e formato de retorno de método,492,39,a,str,0.2142,10,162,a@MemberReference@Assignment@MethodInvocation@str
tipos_retorno,Tipos e formato de retorno de método,439,5,boolean,=,0.2135,15,250,boolean@BasicType@FormalParameter@MethodDeclaration@IfStatement@BinaryOperati...
tipos_retorno,Tipos e formato de retorno de método,439,234,boolean,isWeekend,0.2113,6,197,boolean@BasicType@LocalVariableDeclaration@MethodDeclaration@IfStatement@Memb...
tipos_retorno,Tipos e formato de retorno de método,487,22,13,19,0.211,10,288,<PAD/UNK>
tipos_retorno,Tipos e formato de retorno de método,492,39,==,str,0.211,54,162,==@BinaryOperation@MethodInvocation@str
tipos_retorno,Tipos e formato de retorno de método,494,67,nums,7,0.2101,42,228,nums@MemberReference@BinaryOperation@BinaryOperation@BinaryOperation@Literal@7
tipos_retorno,Tipos e formato de retorno de método,487,101,<PAD/UNK>,%,0.2089,13,483,<PAD/UNK>
tipos_retorno,Tipos e formato de retorno de método,439,235,int,1,0.2075,13,180,int@BasicType@FormalParameter@MethodDeclaration@LocalVariableDeclaration@Vari...
tipos_retorno,Tipos e formato de retorno de método,494,67,nums,==,0.2072,22,228,nums@FormalParameter@MethodDeclaration@IfStatement@BlockStatement@IfStatement...
tipos_retorno,Tipos e formato de retorno de método,492,37,String,a,0.2069,12,104,<PAD/UNK>
tipos_retorno,Tipos e formato de retorno de método,487,17,int,2,0.2054,6,54,int@BasicType@FormalParameter@MethodDeclaration@IfStatement@BinaryOperation@L...
tipos_retorno,Tipos e formato de retorno de método,439,12,outsideMode,>=,0.2039,10,94,outsideMode@MemberReference@IfStatement@BlockStatement@IfStatement@BinaryOper...
tipos_retorno,Tipos e formato de retorno de método,487,25,int,j,0.2037,9,218,<PAD/UNK>
tipos_retorno,Tipos e formato de retorno de método,487,22,0,||,0.2018,11,288,<PAD/UNK>
tipos_retorno,Tipos e formato de retorno de método,487,101,int,/,0.2017,6,483,int@BasicType@FormalParameter@MethodDeclaration@LocalVariableDeclaration@Vari...
tipos_retorno,Tipos e formato de retorno de método,494,106,int,<,0.2012,33,228,int@BasicType@FormalParameter@MethodDeclaration@ForStatement@ForControl@Binar...
tipos_retorno,Tipos e formato de retorno de método,492,39,String,x,0.2004,16,162,String@ReferenceType@FormalParameter@MethodDeclaration@LocalVariableDeclarati...
tipos_retorno,Tipos e formato de retorno de método,494,44,int,3,0.1994,10,88,int@BasicType@FormalParameter@MethodDeclaration@IfStatement@BinaryOperation@L...
tipos_retorno,Tipos e formato de retorno de método,492,31,repeatEnd,String,0.1976,80,202,repeatEnd@MethodDeclaration@FormalParameter@ReferenceType@String
tipos_retorno,Tipos e formato de retorno de método,439,233,b,6,0.1954,9,250,b@MemberReference@BinaryOperation@BinaryOperation@BinaryOperation@BinaryOpera...
tipos_retorno,Tipos e formato de retorno de método,439,234,boolean,isWeekend,0.1952,49,197,boolean@BasicType@FormalParameter@isWeekend
tipos_retorno,Tipos e formato de retorno de método,487,17,int,<PAD/UNK>,0.1934,6,54,<PAD/UNK>
tipos_retorno,Tipos e formato de retorno de método,492,39,String,xposition,0.1934,7,162,<PAD/UNK>
tipos_retorno,Tipos e formato de retorno de método,487,25,b,/,0.1926,5,218,<PAD/UNK>
tipos_retorno,Tipos e formato de retorno de método,487,25,int,==,0.1926,22,218,int@BasicType@FormalParameter@MethodDeclaration@IfStatement@BinaryOperation@B...
tipos_retorno,Tipos e formato de retorno de método,494,43,int,newNums,0.1898,18,259,<PAD/UNK>
tipos_retorno,Tipos e formato de retorno de método,494,46,int,<,0.1876,99,172,int@BasicType@FormalParameter@MethodDeclaration@ForStatement@ForControl@Binar...
tipos_retorno,Tipos e formato de retorno de método,487,22,b,fixTeen,0.1871,22,288,<PAD/UNK>
tipos_retorno,Tipos e formato de retorno de método,439,232,day,vacation,0.1863,5,471,day@FormalParameter@MethodDeclaration@IfStatement@BinaryOperation@BinaryOpera...
tipos_retorno,Tipos e formato de retorno de método,487,101,int,<PAD/UNK>,0.1861,76,483,<PAD/UNK>
tipos_retorno,Tipos e formato de retorno de método,439,5,int,c,0.1844,5,250,int@BasicType@FormalParameter@c
tipos_retorno,Tipos e formato de retorno de método,492,37,String,-,0.184,5,104,String@ReferenceType@LocalVariableDeclaration@VariableDeclarator@MethodInvoca...
tipos_retorno,Tipos e formato de retorno de método,492,39,<,yposition,0.1839,5,162,<PAD/UNK>
tipos_retorno,Tipos e formato de retorno de método,439,235,int,7,0.1816,6,180,<PAD/UNK>
tipos_retorno,Tipos e formato de retorno de método,494,43,nums,+,0.1792,6,259,nums@MemberReference@BinaryOperation@MemberReference@ArraySelector@BinaryOper...
tipos_retorno,Tipos e formato de retorno de método,487,24,<PAD/UNK>,21,0.1787,6,150,<PAD/UNK>
tipos_retorno,Tipos e formato de retorno de método,492,37,a,String,0.1782,18,104,a@FormalParameter@MethodDeclaration@FormalParameter@ReferenceType@String
tipos_retorno,Tipos e formato de retorno de método,439,232,int,2,0.1775,18,471,int@BasicType@LocalVariableDeclaration@MethodDeclaration@LocalVariableDeclara...
tipos_retorno,Tipos e formato de retorno de método,487,22,&&,c,0.1764,15,288,<PAD/UNK>
tipos_retorno,Tipos e formato de retorno de método,487,101,int,%,0.1763,5,483,int@BasicType@FormalParameter@MethodDeclaration@LocalVariableDeclaration@Vari...
tipos_retorno,Tipos e formato de retorno de método,439,232,int,speed,0.1749,10,471,int@BasicType@FormalParameter@speed
tipos_retorno,Tipos e formato de retorno de método,487,17,int,=,0.174,13,54,int@BasicType@FormalParameter@MethodDeclaration@IfStatement@Assignment@=
tipos_retorno,Tipos e formato de retorno de método,487,25,int,diffAC,0.1736,5,218,<PAD/UNK>
tipos_retorno,Tipos e formato de retorno de método,487,24,int,<PAD/UNK>,0.1731,8,150,<PAD/UNK>
tipos_retorno,Tipos e formato de retorno de método,492,39,&&,str,0.1712,5,162,&&@BinaryOperation@IfStatement@BlockStatement@IfStatement@BinaryOperation@Met...
tipos_retorno,Tipos e formato de retorno de método,439,233,int,||,0.1709,62,250,int@BasicType@FormalParameter@MethodDeclaration@IfStatement@BinaryOperation@||
tipos_retorno,Tipos e formato de retorno de método,487,22,<,fixTeen,0.1699,19,288,<PAD/UNK>
tipos_retorno,Tipos e formato de retorno de método,487,22,int,c,0.1688,133,288,int@BasicType@FormalParameter@c
tipos_retorno,Tipos e formato de retorno de método,492,31,result,-,0.1674,5,202,<PAD/UNK>
tipos_retorno,Tipos e formato de retorno de método,487,22,int,<PAD/UNK>,0.1659,8,288,<PAD/UNK>
tipos_retorno,Tipos e formato de retorno de método,487,101,small,*,0.1659,6,483,small@MemberReference@BinaryOperation@BinaryOperation@*
tipos_retorno,Tipos e formato de retorno de método,439,232,day,!=,0.1652,8,471,day@MemberReference@BinaryOperation@BinaryOperation@BinaryOperation@!=
tipos_retorno,Tipos e formato de retorno de método,439,5,boolean,boolean,0.1643,121,250,boolean@BasicType@MethodDeclaration@FormalParameter@BasicType@boolean
tipos_retorno,Tipos e formato de retorno de método,492,39,<PAD/UNK>,value,0.1641,7,162,<PAD/UNK>
tipos_retorno,Tipos e formato de retorno de método,487,101,0,-,0.1633,5,483,<PAD/UNK>
tipos_retorno,Tipos e formato de retorno de método,492,31,repeatEnd,str,0.1618,106,202,repeatEnd@MethodDeclaration@FormalParameter@str
tipos_retorno,Tipos e formato de retorno de método,494,44,int,==,0.1612,12,88,int@BasicType@FormalParameter@MethodDeclaration@IfStatement@BinaryOperation@==
tipos_retorno,Tipos e formato de retorno de método,439,232,day,vacation,0.1604,29,471,day@FormalParameter@MethodDeclaration@IfStatement@MemberReference@vacation
tipos_retorno,Tipos e formato de retorno de método,439,235,int,1,0.1602,9,180,int@BasicType@FormalParameter@MethodDeclaration@ReturnStatement@Literal@1
tipos_retorno,Tipos e formato de retorno de método,494,106,int,ends,0.1592,9,228,<PAD/UNK>
tipos_retorno,Tipos e formato de retorno de método,487,25,<PAD/UNK>,abs,0.1589,17,218,<PAD/UNK>
tipos_retorno,Tipos e formato de retorno de método,439,232,boolean,vacation,0.1582,69,471,boolean@BasicType@FormalParameter@MethodDeclaration@IfStatement@MemberReferen...
tipos_retorno,Tipos e formato de retorno de método,494,43,int,==,0.1575,14,259,int@BasicType@FormalParameter@MethodDeclaration@IfStatement@BinaryOperation@==
tipos_retorno,Tipos e formato de retorno de método,494,67,nums,+,0.1571,12,228,nums@MemberReference@BinaryOperation@MemberReference@ArraySelector@BinaryOper...
tipos_retorno,Tipos e formato de retorno de método,487,101,<PAD/UNK>,/,0.1569,14,483,<PAD/UNK>
tipos_retorno,Tipos e formato de retorno de método,494,106,int,-,0.1564,8,228,int@BasicType@VariableDeclaration@VariableDeclarator@BinaryOperation@-
tipos_retorno,Tipos e formato de retorno de método,487,25,small,&&,0.1555,10,218,<PAD/UNK>
tipos_retorno,Tipos e formato de retorno de método,439,234,int,boolean,0.1552,9,197,int@BasicType@FormalParameter@MethodDeclaration@LocalVariableDeclaration@Basi...
tipos_retorno,Tipos e formato de retorno de método,439,235,int,&&,0.1548,10,180,int@BasicType@FormalParameter@MethodDeclaration@IfStatement@BinaryOperation@&&
tipos_retorno,Tipos e formato de retorno de método,487,22,int,10,0.1538,8,288,int@BasicType@FormalParameter@MethodDeclaration@IfStatement@ReturnStatement@L...
tipos_retorno,Tipos e formato de retorno de método,492,31,String,str,0.1519,12,202,String@ReferenceType@FormalParameter@MethodDeclaration@LocalVariableDeclarati...
tipos_retorno,Tipos e formato de retorno de método,494,43,int,2,0.1518,15,259,int@BasicType@ArrayCreator@Literal@2
tipos_retorno,Tipos e formato de retorno de método,439,233,int,||,0.1503,10,250,int@BasicType@FormalParameter@MethodDeclaration@IfStatement@IfStatement@Binar...
tipos_retorno,Tipos e formato de retorno de método,487,101,x,goal,0.1503,9,483,<PAD/UNK>
tipos_retorno,Tipos e formato de retorno de método,487,25,<PAD/UNK>,=,0.1499,64,218,<PAD/UNK>
tipos_retorno,Tipos e formato de retorno de método,494,43,int,front,0.1494,14,259,int@BasicType@LocalVariableDeclaration@VariableDeclarator@front
tipos_retorno,Tipos e formato de retorno de método,487,22,!=,fixTeen,0.1488,6,288,<PAD/UNK>
tipos_retorno,Tipos e formato de retorno de método,492,37,String,endswith,0.1483,6,104,<PAD/UNK>
tipos_retorno,Tipos e formato de retorno de método,487,25,int,<PAD/UNK>,0.1479,66,218,<PAD/UNK>
tipos_retorno,Tipos e formato de retorno de método,487,101,int,goal,0.1477,134,483,int@BasicType@FormalParameter@MethodDeclaration@FormalParameter@goal
tipos_retorno,Tipos e formato de retorno de método,439,233,boolean,boolean,0.1472,34,250,boolean@BasicType@MethodDeclaration@FormalParameter@BasicType@boolean
tipos_retorno,Tipos e formato de retorno de método,487,101,big,-,0.1472,14,483,<PAD/UNK>
tipos_retorno,Tipos e formato de retorno de método,494,106,int,begin,0.1469,5,228,<PAD/UNK>
tipos_retorno,Tipos e formato de retorno de método,492,31,str,str,0.1461,21,202,str@FormalParameter@MethodDeclaration@LocalVariableDeclaration@VariableDeclar...
tipos_retorno,Tipos e formato de retorno de método,439,5,c,10,0.1453,5,250,c@FormalParameter@MethodDeclaration@IfStatement@BlockStatement@ReturnStatemen...
tipos_retorno,Tipos e formato de retorno de método,487,24,&&,answer,0.1452,5,150,<PAD/UNK>
tipos_retorno,Tipos e formato de retorno de método,494,43,int,2,0.1447,5,259,int@BasicType@VariableDeclaration@ForControl@BinaryOperation@Literal@2
tipos_retorno,Tipos e formato de retorno de método,439,12,int,boolean,0.1445,16,94,int@BasicType@FormalParameter@MethodDeclaration@FormalParameter@BasicType@boo...
tipos_retorno,Tipos e formato de retorno de método,439,1,int,||,0.1435,12,82,int@BasicType@FormalParameter@MethodDeclaration@IfStatement@BinaryOperation@||
tipos_retorno,Tipos e formato de retorno de método,492,31,-,str,0.1424,7,202,<PAD/UNK>
tipos_retorno,Tipos e formato de retorno de método,494,46,int,val,0.1422,73,172,int@BasicType@FormalParameter@MethodDeclaration@FormalParameter@val
tipos_retorno,Tipos e formato de retorno de método,494,106,int,len,0.1419,7,228,int@BasicType@VariableDeclaration@ForControl@BinaryOperation@MemberReference@len
tipos_retorno,Tipos e formato de retorno de método,487,101,k,%,0.1413,5,483,<PAD/UNK>
tipos_retorno,Tipos e formato de retorno de método,494,67,int,false,0.1403,5,228,int@BasicType@FormalParameter@MethodDeclaration@LocalVariableDeclaration@Vari...
tipos_retorno,Tipos e formato de retorno de método,494,44,nums,=,0.1398,7,88,<PAD/UNK>
tipos_retorno,Tipos e formato de retorno de método,439,1,private,sum,0.139,7,82,private@Modifier@FieldDeclaration@VariableDeclarator@sum
tipos_retorno,Tipos e formato de retorno de método,487,22,int,fixTeen,0.1383,9,288,int@BasicType@LocalVariableDeclaration@VariableDeclarator@BinaryOperation@Met...
tipos_retorno,Tipos e formato de retorno de método,487,101,big,big,0.1382,5,483,<PAD/UNK>
tipos_retorno,Tipos e formato de retorno de método,494,106,int,+,0.138,14,228,int@BasicType@VariableDeclaration@VariableDeclarator@BinaryOperation@+
tipos_retorno,Tipos e formato de retorno de método,492,37,String,x,0.1378,16,104,<PAD/UNK>
tipos_retorno,Tipos e formato de retorno de método,487,101,int,*,0.1373,15,483,int@BasicType@LocalVariableDeclaration@VariableDeclarator@BinaryOperation@Bin...
tipos_retorno,Tipos e formato de retorno de método,439,5,c,==,0.1371,23,250,c@FormalParameter@MethodDeclaration@IfStatement@BinaryOperation@BinaryOperati...
tipos_retorno,Tipos e formato de retorno de método,494,43,int,=,0.1366,5,259,int@BasicType@FormalParameter@MethodDeclaration@ForStatement@StatementExpress...
tipos_retorno,Tipos e formato de retorno de método,439,232,int,week,0.136,5,471,int@BasicType@FormalParameter@MethodDeclaration@LocalVariableDeclaration@Vari...
tipos_retorno,Tipos e formato de retorno de método,492,39,<PAD/UNK>,=,0.1358,7,162,<PAD/UNK>
tipos_retorno,Tipos e formato de retorno de método,494,46,int,false,0.1357,19,172,int@BasicType@FormalParameter@MethodDeclaration@LocalVariableDeclaration@Vari...
tipos_retorno,Tipos e formato de retorno de método,492,31,String,n,0.1349,73,202,String@ReferenceType@FormalParameter@MethodDeclaration@FormalParameter@n
tipos_retorno,Tipos e formato de retorno de método,487,22,int,c,0.1342,142,288,int@BasicType@FormalParameter@MethodDeclaration@FormalParameter@c
tipos_retorno,Tipos e formato de retorno de método,439,5,true,=,0.1341,23,250,true@Literal@ReturnStatement@BlockStatement@IfStatement@IfStatement@Assignment@=
tipos_retorno,Tipos e formato de retorno de método,494,67,nums,7,0.1322,6,228,<PAD/UNK>
tipos_retorno,Tipos e formato de retorno de método,494,106,int,-,0.1319,13,228,int@BasicType@LocalVariableDeclaration@MethodDeclaration@LocalVariableDeclara...
tipos_retorno,Tipos e formato de retorno de método,487,101,int,k,0.1316,8,483,<PAD/UNK>
tipos_retorno,Tipos e formato de retorno de método,439,235,int,||,0.1308,15,180,int@BasicType@FormalParameter@MethodDeclaration@IfStatement@IfStatement@Binar...
tipos_retorno,Tipos e formato de retorno de método,492,39,xyBalance,str,0.1294,75,162,xyBalance@MethodDeclaration@FormalParameter@str
tipos_retorno,Tipos e formato de retorno de método,494,106,int,1,0.1293,14,228,int@BasicType@LocalVariableDeclaration@VariableDeclarator@BinaryOperation@Lit...
tipos_retorno,Tipos e formato de retorno de método,494,46,val,==,0.1293,14,172,val@MemberReference@BinaryOperation@BinaryOperation@BinaryOperation@==
tipos_retorno,Tipos e formato de retorno de método,494,46,int,val,0.1288,41,172,int@BasicType@FormalParameter@val
tipos_retorno,Tipos e formato de retorno de método,494,46,int,n,0.1287,6,172,<PAD/UNK>
tipos_retorno,Tipos e formato de retorno de método,494,67,+,7,0.1282,27,228,+@BinaryOperation@ArraySelector@MemberReference@BinaryOperation@Literal@7
tipos_retorno,Tipos e formato de retorno de método,487,25,<PAD/UNK>,b,0.1276,9,218,<PAD/UNK>
tipos_retorno,Tipos e formato de retorno de método,487,25,<PAD/UNK>,false,0.1274,7,218,<PAD/UNK>
tipos_retorno,Tipos e formato de retorno de método,487,101,||,goal,0.1268,5,483,<PAD/UNK>
tipos_retorno,Tipos e formato de retorno de método,494,43,int,<PAD/UNK>,0.1258,60,259,<PAD/UNK>
tipos_retorno,Tipos e formato de retorno de método,487,101,<PAD/UNK>,goal,0.1256,17,483,<PAD/UNK>
tipos_retorno,Tipos e formato de retorno de método,439,12,outsideMode,outsideMode,0.1254,6,94,outsideMode@FormalParameter@MethodDeclaration@IfStatement@MemberReference@out...
tipos_retorno,Tipos e formato de retorno de método,487,22,17,==,0.1244,6,288,<PAD/UNK>
tipos_retorno,Tipos e formato de retorno de método,492,31,String,-,0.1243,13,202,String@ReferenceType@LocalVariableDeclaration@VariableDeclarator@MethodInvoca...
tipos_retorno,Tipos e formato de retorno de método,494,106,int,a,0.1242,6,228,int@BasicType@FormalParameter@MethodDeclaration@LocalVariableDeclaration@Vari...
tipos_retorno,Tipos e formato de retorno de método,494,43,int,front,0.1232,11,259,<PAD/UNK>
tipos_retorno,Tipos e formato de retorno de método,492,39,String,<PAD/UNK>,0.123,18,162,<PAD/UNK>
tipos_retorno,Tipos e formato de retorno de método,487,101,+,>,0.1225,7,483,<PAD/UNK>
tipos_retorno,Tipos e formato de retorno de método,492,31,String,String,0.1217,36,202,String@ReferenceType@MethodDeclaration@FormalParameter@ReferenceType@String
tipos_retorno,Tipos e formato de retorno de método,492,39,'x',str,0.1207,10,162,'x'@Literal@BinaryOperation@IfStatement@IfStatement@BinaryOperation@MethodInv...
tipos_retorno,Tipos e formato de retorno de método,439,1,int,==,0.1206,5,82,int@BasicType@LocalVariableDeclaration@MethodDeclaration@IfStatement@BinaryOp...
tipos_retorno,Tipos e formato de retorno de método,492,37,String,toLowerCase,0.1204,13,104,String@ReferenceType@FormalParameter@MethodDeclaration@LocalVariableDeclarati...
tipos_retorno,Tipos e formato de retorno de método,487,22,int,||,0.1203,8,288,int@BasicType@FormalParameter@MethodDeclaration@IfStatement@BinaryOperation@||
tipos_retorno,Tipos e formato de retorno de método,439,233,==,-,0.1199,13,250,==@BinaryOperation@MethodInvocation@BinaryOperation@-
tipos_retorno,Tipos e formato de retorno de método,439,232,day,day,0.1198,27,471,day@MemberReference@BinaryOperation@Assignment@Assignment@BinaryOperation@Mem...
tipos_retorno,Tipos e formato de retorno de método,439,233,int,==,0.1198,36,250,int@BasicType@LocalVariableDeclaration@MethodDeclaration@IfStatement@BinaryOp...
tipos_retorno,Tipos e formato de retorno de método,439,233,b,6,0.1192,19,250,b@MemberReference@BinaryOperation@Literal@6
tipos_retorno,Tipos e formato de retorno de método,487,24,int,>,0.1192,25,150,int@BasicType@FormalParameter@MethodDeclaration@IfStatement@BinaryOperation@B...
tipos_retorno,Tipos e formato de retorno de método,439,233,b,=,0.1189,17,250,b@MemberReference@BinaryOperation@Assignment@=
tipos_retorno,Tipos e formato de retorno de método,439,1,b,+,0.1181,6,82,b@MemberReference@BinaryOperation@BinaryOperation@BinaryOperation@BinaryOpera...
tipos_retorno,Tipos e formato de retorno de método,439,233,b,6,0.1178,14,250,b@MemberReference@BinaryOperation@Assignment@Literal@6
tipos_retorno,Tipos e formato de retorno de método,492,39,<PAD/UNK>,true,0.1178,18,162,<PAD/UNK>
tipos_retorno,Tipos e formato de retorno de método,492,31,String,newString,0.1171,6,202,String@ReferenceType@FormalParameter@MethodDeclaration@LocalVariableDeclarati...
tipos_retorno,Tipos e formato de retorno de método,439,233,int,==,0.1167,88,250,int@BasicType@FormalParameter@MethodDeclaration@IfStatement@BinaryOperation@B...
tipos_retorno,Tipos e formato de retorno de método,487,22,13,<,0.1167,5,288,<PAD/UNK>
tipos_retorno,Tipos e formato de retorno de método,494,67,nums,==,0.1154,23,228,nums@FormalParameter@MethodDeclaration@IfStatement@BinaryOperation@==
tipos_retorno,Tipos e formato de retorno de método,494,106,int,<PAD/UNK>,0.1153,76,228,<PAD/UNK>
tipos_retorno,Tipos e formato de retorno de método,492,39,boolean,str,0.1151,17,162,boolean@BasicType@MethodDeclaration@FormalParameter@str
tipos_retorno,Tipos e formato de retorno de método,494,43,int,=,0.1151,16,259,int@BasicType@ArrayCreator@Assignment@=
tipos_retorno,Tipos e formato de retorno de método,439,232,day,==,0.1148,42,471,day@MemberReference@BinaryOperation@BinaryOperation@BinaryOperation@BinaryOpe...
tipos_retorno,Tipos e formato de retorno de método,494,43,int,nums,0.1142,5,259,<PAD/UNK>
tipos_retorno,Tipos e formato de retorno de método,487,101,5,5,0.114,5,483,<PAD/UNK>
tipos_retorno,Tipos e formato de retorno de método,494,46,int,0,0.1131,5,172,int@BasicType@FormalParameter@MethodDeclaration@IfStatement@BinaryOperation@L...
tipos_retorno,Tipos e formato de retorno de método,492,31,String,String,0.1128,25,202,String@ReferenceType@LocalVariableDeclaration@MethodDeclaration@LocalVariable...
tipos_retorno,Tipos e formato de retorno de método,487,25,ac,=,0.112,6,218,<PAD/UNK>
tipos_retorno,Tipos e formato de retorno de método,494,43,int,=,0.1119,14,259,int@BasicType@LocalVariableDeclaration@BlockStatement@StatementExpression@Ass...
tipos_retorno,Tipos e formato de retorno de método,494,43,nums,=,0.1114,12,259,nums@FormalParameter@MethodDeclaration@IfStatement@BlockStatement@StatementEx...
tipos_retorno,Tipos e formato de retorno de método,439,233,int,d,0.111,7,250,int@BasicType@LocalVariableDeclaration@MethodDeclaration@LocalVariableDeclara...
tipos_retorno,Tipos e formato de retorno de método,487,101,int,makeChocolate,0.1107,28,483,int@BasicType@MethodDeclaration@makeChocolate
tipos_retorno,Tipos e formato de retorno de método,439,235,int,date,0.1106,13,180,int@BasicType@FormalParameter@MethodDeclaration@FormalParameter@date
tipos_retorno,Tipos e formato de retorno de método,439,232,day,=,0.1101,32,471,day@MemberReference@Assignment@=
tipos_retorno,Tipos e formato de retorno de método,439,235,int,>=,0.1101,55,180,int@BasicType@FormalParameter@MethodDeclaration@IfStatement@BinaryOperation@B...
tipos_retorno,Tipos e formato de retorno de método,487,101,5,=,0.11,6,483,5@Literal@BinaryOperation@Assignment@=
tipos_retorno,Tipos e formato de retorno de método,494,106,++,=,0.11,11,228,++@MemberReference@ForControl@ForStatement@BlockStatement@StatementExpression...
tipos_retorno,Tipos e formato de retorno de método,439,13,int,speed,0.1082,21,460,int@BasicType@FormalParameter@speed
tipos_retorno,Tipos e formato de retorno de método,439,233,int,=,0.1076,12,250,int@BasicType@FormalParameter@MethodDeclaration@IfStatement@IfStatement@Assig...
tipos_retorno,Tipos e formato de retorno de método,487,101,+,-,0.1072,6,483,<PAD/UNK>
tipos_retorno,Tipos e formato de retorno de método,487,101,>=,choco,0.1067,6,483,<PAD/UNK>
tipos_retorno,Tipos e formato de retorno de método,439,1,int,>=,0.1058,13,82,int@BasicType@FormalParameter@MethodDeclaration@IfStatement@BinaryOperation@B...
tipos_retorno,Tipos e formato de retorno de método,439,233,public,boolean,0.1052,19,250,<PAD/UNK>
tipos_retorno,Tipos e formato de retorno de método,494,106,int,two,0.1049,5,228,int@BasicType@FormalParameter@MethodDeclaration@LocalVariableDeclaration@Vari...
tipos_retorno,Tipos e formato de retorno de método,439,12,100,60,0.1047,8,94,100@Literal@BinaryOperation@BinaryOperation@BinaryOperation@Literal@60
tipos_retorno,Tipos e formato de retorno de método,492,31,String,str,0.1042,15,202,String@ReferenceType@LocalVariableDeclaration@VariableDeclarator@MethodInvoca...
tipos_retorno,Tipos e formato de retorno de método,439,235,>=,&&,0.1038,20,180,>=@BinaryOperation@BinaryOperation@IfStatement@MethodDeclaration@IfStatement@...
tipos_retorno,Tipos e formato de retorno de método,487,101,++,s,0.1036,7,483,<PAD/UNK>
tipos_retorno,Tipos e formato de retorno de método,494,43,int,0,0.1036,6,259,int@BasicType@LocalVariableDeclaration@MethodDeclaration@IfStatement@BinaryOp...
tipos_retorno,Tipos e formato de retorno de método,439,233,int,-,0.1032,7,250,int@BasicType@FormalParameter@MethodDeclaration@LocalVariableDeclaration@Vari...
tipos_retorno,Tipos e formato de retorno de método,492,31,=,str,0.1024,13,202,<PAD/UNK>
tipos_retorno,Tipos e formato de retorno de método,487,101,small,-,0.1018,6,483,<PAD/UNK>
tipos_retorno,Tipos e formato de retorno de método,492,39,"""x""",str,0.1018,5,162,"""x""@Literal@MethodInvocation@MethodInvocation@IfStatement@IfStatement@MethodI..."
tipos_retorno,Tipos e formato de retorno de método,492,37,String,a,0.1014,6,104,String@ReferenceType@FormalParameter@a
tipos_retorno,Tipos e formato de retorno de método,494,44,int,nums,0.1007,6,88,<PAD/UNK>
tipos_retorno,Tipos e formato de retorno de método,439,1,int,==,0.1005,6,82,int@BasicType@FormalParameter@MethodDeclaration@IfStatement@BinaryOperation@B...
tipos_retorno,Tipos e formato de retorno de método,494,46,nums,val,0.0997,40,172,nums@MemberReference@BinaryOperation@MemberReference@val
tipos_retorno,Tipos e formato de retorno de método,439,232,int,6,0.0996,11,471,<PAD/UNK>
tipos_retorno,Tipos e formato de retorno de método,494,46,int,length,0.099,5,172,int@BasicType@FormalParameter@MethodDeclaration@IfStatement@BinaryOperation@M...
tipos_retorno,Tipos e formato de retorno de método,492,39,String,str,0.0984,11,162,String@ReferenceType@FormalParameter@MethodDeclaration@StatementExpression@As...
tipos_retorno,Tipos e formato de retorno de método,439,13,boolean,speed,0.0983,9,460,boolean@BasicType@FormalParameter@MethodDeclaration@IfStatement@BinaryOperati...
tipos_retorno,Tipos e formato de retorno de método,439,232,int,vacation,0.098,32,471,int@BasicType@FormalParameter@MethodDeclaration@IfStatement@MemberReference@v...
tipos_retorno,Tipos e formato de retorno de método,439,232,boolean,speed,0.0979,7,471,boolean@BasicType@FormalParameter@MethodDeclaration@IfStatement@BinaryOperati...
tipos_retorno,Tipos e formato de retorno de método,487,24,int,answer,0.0979,6,150,int@BasicType@FormalParameter@MethodDeclaration@LocalVariableDeclaration@Vari...
tipos_retorno,Tipos e formato de retorno de método,492,39,j,strLength,0.0971,7,162,<PAD/UNK>
tipos_retorno,Tipos e formato de retorno de método,492,37,getSandwich,str,0.0971,8,104,getSandwich@MethodDeclaration@FormalParameter@str
tipos_retorno,Tipos e formato de retorno de método,487,101,int,=,0.096,6,483,int@BasicType@FormalParameter@MethodDeclaration@StatementExpression@Assignment@=
tipos_retorno,Tipos e formato de retorno de método,439,5,boolean,&&,0.0959,10,250,boolean@BasicType@FormalParameter@MethodDeclaration@IfStatement@IfStatement@B...
tipos_retorno,Tipos e formato de retorno de método,492,37,<,BreakStatement,0.0957,5,104,<PAD/UNK>
tipos_retorno,Tipos e formato de retorno de método,487,101,int,1,0.0952,6,483,int@BasicType@FormalParameter@MethodDeclaration@IfStatement@ReturnStatement@L...
tipos_retorno,Tipos e formato de retorno de método,439,5,public,boolean,0.0951,5,250,<PAD/UNK>
tipos_retorno,Tipos e formato de retorno de método,492,39,&&,str,0.0949,14,162,&&@BinaryOperation@BinaryOperation@MethodInvocation@str
tipos_retorno,Tipos e formato de retorno de método,487,22,||,<,0.0944,7,288,<PAD/UNK>
tipos_retorno,Tipos e formato de retorno de método,439,232,day,boolean,0.0943,108,471,day@FormalParameter@MethodDeclaration@FormalParameter@BasicType@boolean
tipos_retorno,Tipos e formato de retorno de método,439,232,int,||,0.0942,5,471,int@BasicType@FormalParameter@MethodDeclaration@IfStatement@BinaryOperation@||
tipos_retorno,Tipos e formato de retorno de método,439,5,int,||,0.0931,6,250,int@BasicType@FormalParameter@MethodDeclaration@IfStatement@BinaryOperation@||
tipos_retorno,Tipos e formato de retorno de método,487,101,<PAD/UNK>,2,0.0931,5,483,<PAD/UNK>
tipos_retorno,Tipos e formato de retorno de método,494,43,int,length,0.0927,14,259,int@BasicType@FormalParameter@MethodDeclaration@IfStatement@BinaryOperation@M...
tipos_retorno,Tipos e formato de retorno de método,439,235,int,you,0.0915,20,180,int@BasicType@FormalParameter@MethodDeclaration@IfStatement@BinaryOperation@M...
tipos_retorno,Tipos e formato de retorno de método,492,37,String,<PAD/UNK>,0.0912,12,104,<PAD/UNK>
tipos_retorno,Tipos e formato de retorno de método,494,44,int,<,0.0912,24,88,int@BasicType@FormalParameter@MethodDeclaration@ForStatement@ForControl@Binar...
tipos_retorno,Tipos e formato de retorno de método,494,41,int,x,0.0907,5,51,int@BasicType@VariableDeclaration@VariableDeclarator@x
tipos_retorno,Tipos e formato de retorno de método,492,31,n,str,0.0906,8,202,<PAD/UNK>
tipos_retorno,Tipos e formato de retorno de método,492,39,str,-,0.0905,7,162,str@FormalParameter@MethodDeclaration@LocalVariableDeclaration@VariableDeclar...
tipos_retorno,Tipos e formato de retorno de método,487,101,<PAD/UNK>,>,0.0901,11,483,<PAD/UNK>
tipos_retorno,Tipos e formato de retorno de método,494,67,nums,7,0.0896,52,228,nums@MemberReference@BinaryOperation@Literal@7
tipos_retorno,Tipos e formato de retorno de método,487,101,small,x,0.0894,7,483,<PAD/UNK>
tipos_retorno,Tipos e formato de retorno de método,439,232,boolean,vacation,0.0884,5,471,boolean@BasicType@FormalParameter@MethodDeclaration@IfStatement@BinaryOperati...
tipos_retorno,Tipos e formato de retorno de método,494,67,nums,==,0.0881,24,228,nums@FormalParameter@MethodDeclaration@ForStatement@BlockStatement@IfStatemen...
tipos_retorno,Tipos e formato de retorno de método,439,232,day,vacation,0.0877,14,471,day@FormalParameter@MethodDeclaration@FormalParameter@vacation
tipos_retorno,Tipos e formato de retorno de método,439,5,boolean,==,0.0877,15,250,boolean@BasicType@FormalParameter@MethodDeclaration@IfStatement@BinaryOperati...
tipos_retorno,Tipos e formato de retorno de método,487,25,b,space,0.0877,10,218,<PAD/UNK>
tipos_retorno,Tipos e formato de retorno de método,439,5,boolean,&&,0.0876,36,250,boolean@BasicType@FormalParameter@MethodDeclaration@IfStatement@BinaryOperati...
tipos_retorno,Tipos e formato de retorno de método,494,43,nums,=,0.0868,9,259,nums@FormalParameter@MethodDeclaration@ForStatement@StatementExpression@Assig...
tipos_retorno,Tipos e formato de retorno de método,487,22,a,+,0.0866,6,288,<PAD/UNK>
tipos_retorno,Tipos e formato de retorno de método,487,22,>,fixTeen,0.0862,8,288,<PAD/UNK>
tipos_retorno,Tipos e formato de retorno de método,487,101,smallNum,>,0.0859,6,483,<PAD/UNK>
tipos_retorno,Tipos e formato de retorno de método,439,232,int,"""7:00""",0.0853,9,471,int@BasicType@LocalVariableDeclaration@MethodDeclaration@LocalVariableDeclara...
tipos_retorno,Tipos e formato de retorno de método,439,234,cigarParty,isWeekend,0.0845,9,197,cigarParty@MethodDeclaration@FormalParameter@isWeekend
tipos_retorno,Tipos e formato de retorno de método,494,67,int,7,0.0844,23,228,int@BasicType@FormalParameter@MethodDeclaration@IfStatement@BinaryOperation@L...
tipos_retorno,Tipos e formato de retorno de método,487,101,big,*,0.0842,11,483,big@FormalParameter@MethodDeclaration@LocalVariableDeclaration@VariableDeclar...
tipos_retorno,Tipos e formato de retorno de método,487,101,0,s,0.084,6,483,<PAD/UNK>
tipos_retorno,Tipos e formato de retorno de método,487,101,<PAD/UNK>,<=,0.0833,6,483,<PAD/UNK>
tipos_retorno,Tipos e formato de retorno de método,494,43,1,==,0.0831,6,259,1@Literal@BinaryOperation@IfStatement@MethodDeclaration@IfStatement@BinaryOpe...
tipos_retorno,Tipos e formato de retorno de método,439,235,day,==,0.0829,5,180,day@MemberReference@BinaryOperation@BinaryOperation@BinaryOperation@BinaryOpe...
tipos_retorno,Tipos e formato de retorno de método,494,46,nums,==,0.0822,14,172,nums@FormalParameter@MethodDeclaration@ForStatement@BlockStatement@IfStatemen...
tipos_retorno,Tipos e formato de retorno de método,494,44,=,=,0.0821,5,88,=@Assignment@StatementExpression@BlockStatement@StatementExpression@Assignment@=
tipos_retorno,Tipos e formato de retorno de método,487,101,>=,*,0.0819,6,483,>=@BinaryOperation@IfStatement@BlockStatement@ReturnStatement@BinaryOperation...
tipos_retorno,Tipos e formato de retorno de método,492,39,<,x,0.0816,14,162,<@BinaryOperation@MemberReference@x
tipos_retorno,Tipos e formato de retorno de método,494,106,int,-,0.0806,6,228,int@BasicType@FormalParameter@MethodDeclaration@LocalVariableDeclaration@Vari...
tipos_retorno,Tipos e formato de retorno de método,492,39,==,<PAD/UNK>,0.0804,6,162,<PAD/UNK>
tipos_retorno,Tipos e formato de retorno de método,492,31,result,n,0.0799,6,202,<PAD/UNK>
tipos_retorno,Tipos e formato de retorno de método,494,67,has77,==,0.0791,5,228,<PAD/UNK>
tipos_retorno,Tipos e formato de retorno de método,492,39,&&,charAt,0.0789,12,162,&&@BinaryOperation@BinaryOperation@MethodInvocation@charAt
tipos_retorno,Tipos e formato de retorno de método,487,22,int,sum,0.0783,7,288,int@BasicType@LocalVariableDeclaration@MethodDeclaration@ReturnStatement@Memb...
tipos_retorno,Tipos e formato de retorno de método,439,5,int,==,0.0782,43,250,int@BasicType@FormalParameter@MethodDeclaration@IfStatement@BinaryOperation@B...
tipos_retorno,Tipos e formato de retorno de método,492,31,String,sb,0.0781,7,202,<PAD/UNK>
tipos_retorno,Tipos e formato de retorno de método,439,233,b,=,0.0778,8,250,b@FormalParameter@MethodDeclaration@IfStatement@IfStatement@Assignment@=
tipos_retorno,Tipos e formato de retorno de método,494,44,nums,=,0.0776,14,88,nums@FormalParameter@MethodDeclaration@IfStatement@BlockStatement@StatementEx...
tipos_retorno,Tipos e formato de retorno de método,487,22,>=,10,0.0767,5,288,<PAD/UNK>
tipos_retorno,Tipos e formato de retorno de método,494,46,int,2,0.0761,7,172,int@BasicType@VariableDeclaration@ForControl@BinaryOperation@BinaryOperation@...
tipos_retorno,Tipos e formato de retorno de método,494,43,int,add,0.0758,7,259,<PAD/UNK>
tipos_retorno,Tipos e formato de retorno de método,439,235,int,2,0.0757,7,180,int@BasicType@LocalVariableDeclaration@MethodDeclaration@LocalVariableDeclara...
tipos_retorno,Tipos e formato de retorno de método,439,234,boolean,&&,0.0754,10,197,boolean@BasicType@FormalParameter@MethodDeclaration@IfStatement@BinaryOperati...
tipos_retorno,Tipos e formato de retorno de método,439,12,isSummer,&&,0.0749,21,94,isSummer@FormalParameter@MethodDeclaration@IfStatement@BlockStatement@IfState...
tipos_retorno,Tipos e formato de retorno de método,487,22,c,fixTeen,0.0744,22,288,<PAD/UNK>
tipos_retorno,Tipos e formato de retorno de método,494,43,=,=,0.0744,13,259,=@Assignment@StatementExpression@BlockStatement@StatementExpression@Assignment@=
tipos_retorno,Tipos e formato de retorno de método,487,22,int,+,0.0743,7,288,int@BasicType@LocalVariableDeclaration@VariableDeclarator@BinaryOperation@Bin...
tipos_retorno,Tipos e formato de retorno de método,439,232,>,speed,0.0741,6,471,>@BinaryOperation@MemberReference@speed
tipos_retorno,Tipos e formato de retorno de método,439,235,int,no,0.0739,10,180,int@BasicType@LocalVariableDeclaration@VariableDeclarator@no
tipos_retorno,Tipos e formato de retorno de método,494,67,int,nums,0.0739,18,228,int@BasicType@FormalParameter@nums
tipos_retorno,Tipos e formato de retorno de método,439,234,int,you,0.0737,18,197,int@BasicType@MethodDeclaration@FormalParameter@you
tipos_retorno,Tipos e formato de retorno de método,494,43,int,length,0.0735,9,259,int@BasicType@LocalVariableDeclaration@MethodDeclaration@IfStatement@BinaryOp...
tipos_retorno,Tipos e formato de retorno de método,494,46,int,countEvens,0.0733,9,172,int@BasicType@MethodDeclaration@countEvens
tipos_retorno,Tipos e formato de retorno de método,487,22,19,<,0.0727,6,288,<PAD/UNK>
tipos_retorno,Tipos e formato de retorno de método,492,37,a,a,0.0725,10,104,a@MemberReference@Assignment@MethodInvocation@a
tipos_retorno,Tipos e formato de retorno de método,494,44,nums,=,0.0725,5,88,nums@FormalParameter@MethodDeclaration@ForStatement@BlockStatement@IfStatemen...
tipos_retorno,Tipos e formato de retorno de método,492,37,String,a,0.0722,12,104,String@ReferenceType@FormalParameter@MethodDeclaration@StatementExpression@As...
tipos_retorno,Tipos e formato de retorno de método,494,46,int,boolean,0.0719,15,172,int@BasicType@FormalParameter@MethodDeclaration@LocalVariableDeclaration@Basi...
tipos_retorno,Tipos e formato de retorno de método,492,31,String,word,0.0715,5,202,String@ReferenceType@FormalParameter@word
tipos_retorno,Tipos e formato de retorno de método,487,25,space,>,0.0712,10,218,<PAD/UNK>
tipos_retorno,Tipos e formato de retorno de método,492,31,plusOut,String,0.0712,5,202,plusOut@MethodDeclaration@FormalParameter@ReferenceType@String
tipos_retorno,Tipos e formato de retorno de método,487,24,<PAD/UNK>,b,0.0708,6,150,<PAD/UNK>
tipos_retorno,Tipos e formato de retorno de método,494,44,countEvens,==,0.0708,10,88,<PAD/UNK>
tipos_retorno,Tipos e formato de retorno de método,492,31,String,StringBuilder,0.0699,6,202,String@ReferenceType@FormalParameter@MethodDeclaration@LocalVariableDeclarati...
tipos_retorno,Tipos e formato de retorno de método,487,101,int,round10,0.0698,24,483,int@BasicType@FormalParameter@MethodDeclaration@ReturnStatement@BinaryOperati...
tipos_retorno,Tipos e formato de retorno de método,494,67,int,nums,0.0698,14,228,int@BasicType@VariableDeclaration@ForControl@BinaryOperation@BinaryOperation@...
tipos_retorno,Tipos e formato de retorno de método,492,37,j,1,0.0697,5,104,<PAD/UNK>
tipos_retorno,Tipos e formato de retorno de método,494,67,nums,!=,0.0696,5,228,nums@FormalParameter@MethodDeclaration@ForStatement@BlockStatement@IfStatemen...
tipos_retorno,Tipos e formato de retorno de método,492,37,temp,compareTo,0.0694,5,104,temp@MethodInvocation@compareTo
tipos_retorno,Tipos e formato de retorno de método,494,106,int,boolean,0.0693,15,228,int@BasicType@FormalParameter@MethodDeclaration@LocalVariableDeclaration@Basi...
tipos_retorno,Tipos e formato de retorno de método,492,31,String,str,0.0686,23,202,String@ReferenceType@FormalParameter@str
tipos_retorno,Tipos e formato de retorno de método,492,39,y,str,0.0682,6,162,y@MemberReference@BinaryOperation@MethodInvocation@str
tipos_retorno,Tipos e formato de retorno de método,492,39,int,str,0.0681,10,162,int@BasicType@LocalVariableDeclaration@VariableDeclarator@BinaryOperation@Met...
tipos_retorno,Tipos e formato de retorno de método,492,31,String,str,0.0681,5,202,String@ReferenceType@LocalVariableDeclaration@VariableDeclarator@MethodInvoca...
tipos_retorno,Tipos e formato de retorno de método,487,25,int,>,0.0678,7,218,int@BasicType@LocalVariableDeclaration@MethodDeclaration@IfStatement@BinaryOp...
tipos_retorno,Tipos e formato de retorno de método,487,101,<PAD/UNK>,small,0.0676,5,483,<PAD/UNK>
tipos_retorno,Tipos e formato de retorno de método,494,67,nums,2,0.0676,9,228,nums@MemberReference@BinaryOperation@Literal@2
tipos_retorno,Tipos e formato de retorno de método,487,22,||,a,0.0668,6,288,<PAD/UNK>
tipos_retorno,Tipos e formato de retorno de método,487,17,int,redTicket,0.0667,6,54,int@BasicType@MethodDeclaration@redTicket
tipos_retorno,Tipos e formato de retorno de método,492,39,int,str,0.0665,5,162,int@BasicType@VariableDeclaration@ForControl@BinaryOperation@MethodInvocation...
tipos_retorno,Tipos e formato de retorno de método,439,5,boolean,==,0.0663,5,250,boolean@BasicType@FormalParameter@MethodDeclaration@IfStatement@IfStatement@B...
tipos_retorno,Tipos e formato de retorno de método,487,101,int,||,0.0644,6,483,int@BasicType@FormalParameter@MethodDeclaration@IfStatement@BinaryOperation@||
tipos_retorno,Tipos e formato de retorno de método,494,67,has77,==,0.0643,10,228,has77@MethodDeclaration@ForStatement@BlockStatement@IfStatement@BinaryOperati...
tipos_retorno,Tipos e formato de retorno de método,494,106,int,length,0.0639,11,228,int@BasicType@LocalVariableDeclaration@VariableDeclarator@BinaryOperation@Mem...
tipos_retorno,Tipos e formato de retorno de método,487,101,small,choco,0.0636,5,483,<PAD/UNK>
tipos_retorno,Tipos e formato de retorno de método,439,235,int,you,0.0633,23,180,int@BasicType@MethodDeclaration@FormalParameter@you
tipos_retorno,Tipos e formato de retorno de método,494,43,nums,==,0.0631,6,259,nums@FormalParameter@MethodDeclaration@IfStatement@BinaryOperation@==
tipos_retorno,Tipos e formato de retorno de método,492,39,<,strLength,0.0628,5,162,<PAD/UNK>
tipos_retorno,Tipos e formato de retorno de método,439,233,int,love6,0.0627,5,250,int@BasicType@FormalParameter@MethodDeclaration@LocalVariableDeclaration@Vari...
tipos_retorno,Tipos e formato de retorno de método,494,106,<,=,0.0616,10,228,<@BinaryOperation@ForControl@ForStatement@BlockStatement@StatementExpression@...
tipos_retorno,Tipos e formato de retorno de método,492,37,str,str,0.0612,5,104,str@MethodInvocation@BinaryOperation@BinaryOperation@BinaryOperation@MethodIn...
tipos_retorno,Tipos e formato de retorno de método,487,101,int,*,0.0607,6,483,int@BasicType@FormalParameter@MethodDeclaration@LocalVariableDeclaration@Vari...
tipos_retorno,Tipos e formato de retorno de método,492,39,i,str,0.0605,6,162,i@MemberReference@BinaryOperation@MethodInvocation@str
tipos_retorno,Tipos e formato de retorno de método,487,25,int,Math,0.0604,18,218,int@BasicType@FormalParameter@MethodDeclaration@IfStatement@BinaryOperation@M...
tipos_retorno,Tipos e formato de retorno de método,494,46,val,==,0.0604,5,172,val@FormalParameter@MethodDeclaration@ForStatement@BlockStatement@IfStatement...
tipos_retorno,Tipos e formato de retorno de método,494,41,nums,2,0.0601,16,51,nums@MemberReference@BinaryOperation@BinaryOperation@MemberReference@ArraySel...
tipos_retorno,Tipos e formato de retorno de método,439,232,int,<PAD/UNK>,0.0594,11,471,<PAD/UNK>
tipos_retorno,Tipos e formato de retorno de método,492,37,<,<PAD/UNK>,0.0593,5,104,<PAD/UNK>
tipos_retorno,Tipos e formato de retorno de método,439,235,int,no,0.059,14,180,int@BasicType@FormalParameter@MethodDeclaration@LocalVariableDeclaration@Vari...
tipos_retorno,Tipos e formato de retorno de método,492,39,xposition,<,0.059,5,162,<PAD/UNK>
tipos_retorno,Tipos e formato de retorno de método,487,101,<PAD/UNK>,5,0.0589,7,483,<PAD/UNK>
tipos_retorno,Tipos e formato de retorno de método,494,43,>=,==,0.0586,5,259,<PAD/UNK>
tipos_retorno,Tipos e formato de retorno de método,439,234,int,>=,0.0585,11,197,int@BasicType@FormalParameter@MethodDeclaration@IfStatement@BinaryOperation@B...
tipos_retorno,Tipos e formato de retorno de método,492,37,String,a,0.0582,21,104,String@ReferenceType@FormalParameter@MethodDeclaration@StatementExpression@As...
tipos_retorno,Tipos e formato de retorno de método,494,106,nums,==,0.058,21,228,nums@FormalParameter@MethodDeclaration@ForStatement@BlockStatement@IfStatemen...
tipos_retorno,Tipos e formato de retorno de método,439,12,isSummer,&&,0.0574,7,94,isSummer@FormalParameter@MethodDeclaration@IfStatement@BinaryOperation@&&
tipos_retorno,Tipos e formato de retorno de método,494,106,int,n,0.0574,9,228,int@BasicType@LocalVariableDeclaration@VariableDeclarator@BinaryOperation@Mem...
tipos_retorno,Tipos e formato de retorno de método,492,31,String,str,0.057,7,202,String@ReferenceType@MethodDeclaration@FormalParameter@str
tipos_retorno,Tipos e formato de retorno de método,492,39,len,str,0.0568,17,162,len@VariableDeclarator@MethodInvocation@str
tipos_retorno,Tipos e formato de retorno de método,487,24,int,b,0.0566,14,150,int@BasicType@FormalParameter@MethodDeclaration@FormalParameter@b
tipos_retorno,Tipos e formato de retorno de método,494,43,int,newNums,0.0555,9,259,int@BasicType@LocalVariableDeclaration@VariableDeclarator@newNums
tipos_retorno,Tipos e formato de retorno de método,494,43,nums,2,0.0552,22,259,nums@MemberReference@BinaryOperation@BinaryOperation@MemberReference@ArraySel...
tipos_retorno,Tipos e formato de retorno de método,487,22,int,||,0.0543,10,288,int@BasicType@FormalParameter@MethodDeclaration@IfStatement@BinaryOperation@B...
tipos_retorno,Tipos e formato de retorno de método,494,44,nums,==,0.0539,10,88,nums@FormalParameter@MethodDeclaration@IfStatement@BinaryOperation@==
tipos_retorno,Tipos e formato de retorno de método,494,43,int,=,0.0538,9,259,int@BasicType@LocalVariableDeclaration@MethodDeclaration@StatementExpression@...
tipos_retorno,Tipos e formato de retorno de método,439,5,boolean,=,0.0532,16,250,boolean@BasicType@FormalParameter@MethodDeclaration@IfStatement@Assignment@As...
tipos_retorno,Tipos e formato de retorno de método,439,12,temp,&&,0.0529,17,94,temp@FormalParameter@MethodDeclaration@IfStatement@BlockStatement@IfStatement...
tipos_retorno,Tipos e formato de retorno de método,487,25,int,diff1,0.0526,5,218,int@BasicType@FormalParameter@MethodDeclaration@LocalVariableDeclaration@Vari...
tipos_retorno,Tipos e formato de retorno de método,492,31,<PAD/UNK>,String,0.0526,17,202,<PAD/UNK>
tipos_retorno,Tipos e formato de retorno de método,494,44,nums,==,0.0525,6,88,nums@FormalParameter@MethodDeclaration@ForStatement@BlockStatement@IfStatemen...
tipos_retorno,Tipos e formato de retorno de método,494,67,nums,==,0.0525,15,228,nums@MemberReference@BinaryOperation@BinaryOperation@BinaryOperation@==
tipos_retorno,Tipos e formato de retorno de método,494,106,int,x,0.0523,6,228,int@BasicType@FormalParameter@MethodDeclaration@ForStatement@ForControl@Membe...
tipos_retorno,Tipos e formato de retorno de método,494,106,int,len,0.0523,11,228,int@BasicType@LocalVariableDeclaration@MethodDeclaration@LocalVariableDeclara...
tipos_retorno,Tipos e formato de retorno de método,494,106,int,++,0.0522,9,228,int@BasicType@VariableDeclaration@ForControl@MemberReference@++
tipos_retorno,Tipos e formato de retorno de método,494,67,nums,7,0.0521,23,228,nums@FormalParameter@MethodDeclaration@IfStatement@BinaryOperation@Literal@7
tipos_retorno,Tipos e formato de retorno de método,439,235,||,&&,0.0517,5,180,||@BinaryOperation@IfStatement@MethodDeclaration@IfStatement@BinaryOperation@...
tipos_retorno,Tipos e formato de retorno de método,439,233,a,==,0.0514,5,250,a@MemberReference@BinaryOperation@BinaryOperation@BinaryOperation@==
tipos_retorno,Tipos e formato de retorno de método,494,67,++,==,0.0514,7,228,++@MemberReference@ForControl@ForStatement@BlockStatement@IfStatement@BinaryO...
tipos_retorno,Tipos e formato de retorno de método,494,67,nums,=,0.0514,5,228,nums@MemberReference@BinaryOperation@IfStatement@BlockStatement@StatementExpr...
tipos_retorno,Tipos e formato de retorno de método,487,25,int,b,0.0509,28,218,int@BasicType@FormalParameter@MethodDeclaration@FormalParameter@b
tipos_retorno,Tipos e formato de retorno de método,439,233,b,6,0.0508,5,250,b@MemberReference@BinaryOperation@BinaryOperation@Literal@6
tipos_retorno,Tipos e formato de retorno de método,494,67,int,false,0.0502,15,228,int@BasicType@FormalParameter@MethodDeclaration@ReturnStatement@Literal@false
tipos_retorno,Tipos e formato de retorno de método,494,41,int,sum3,0.0497,5,51,<PAD/UNK>
tipos_retorno,Tipos e formato de retorno de método,439,13,>,speed,0.0494,56,460,>@BinaryOperation@MemberReference@speed
tipos_retorno,Tipos e formato de retorno de método,494,106,int,front,0.0494,8,228,int@BasicType@FormalParameter@MethodDeclaration@LocalVariableDeclaration@Vari...
tipos_retorno,Tipos e formato de retorno de método,494,67,int,<PAD/UNK>,0.0494,7,228,<PAD/UNK>
tipos_retorno,Tipos e formato de retorno de método,439,232,alarmClock,vacation,0.0493,20,471,alarmClock@MethodDeclaration@FormalParameter@vacation
tipos_retorno,Tipos e formato de retorno de método,439,13,int,boolean,0.0481,7,460,int@BasicType@FormalParameter@MethodDeclaration@FormalParameter@BasicType@boo...
tipos_retorno,Tipos e formato de retorno de método,494,43,nums,2,0.0481,5,259,nums@MemberReference@BinaryOperation@Literal@2
tipos_retorno,Tipos e formato de retorno de método,494,43,nums,<PAD/UNK>,0.0479,7,259,<PAD/UNK>
tipos_retorno,Tipos e formato de retorno de método,494,106,int,len,0.0478,30,228,int@BasicType@LocalVariableDeclaration@MethodDeclaration@ForStatement@ForCont...
tipos_retorno,Tipos e formato de retorno de método,494,44,int,countEvens,0.0477,8,88,int@BasicType@MethodDeclaration@countEvens
tipos_retorno,Tipos e formato de retorno de método,439,12,int,isSummer,0.0475,33,94,int@BasicType@FormalParameter@MethodDeclaration@FormalParameter@isSummer
tipos_retorno,Tipos e formato de retorno de método,439,13,int,speed,0.047,6,460,int@BasicType@LocalVariableDeclaration@MethodDeclaration@IfStatement@BinaryOp...
tipos_retorno,Tipos e formato de retorno de método,492,31,wLen,word,0.0468,7,202,wLen@VariableDeclarator@MethodInvocation@word
tipos_retorno,Tipos e formato de retorno de método,487,22,==,fixTeen,0.0462,6,288,<PAD/UNK>
tipos_retorno,Tipos e formato de retorno de método,492,31,stbuild,-,0.0457,7,202,stbuild@MethodInvocation@MethodInvocation@BinaryOperation@-
tipos_retorno,Tipos e formato de retorno de método,494,67,<,length,0.0449,5,228,<@BinaryOperation@BinaryOperation@MemberReference@length
tipos_retorno,Tipos e formato de retorno de método,487,101,int,goal,0.0444,6,483,int@BasicType@FormalParameter@goal
tipos_retorno,Tipos e formato de retorno de método,439,233,b,6,0.0442,8,250,b@FormalParameter@MethodDeclaration@IfStatement@BinaryOperation@BinaryOperati...
tipos_retorno,Tipos e formato de retorno de método,487,25,int,abs,0.0442,9,218,int@BasicType@FormalParameter@MethodDeclaration@IfStatement@BinaryOperation@M...
tipos_retorno,Tipos e formato de retorno de método,494,41,nums,=,0.0442,7,51,nums@FormalParameter@MethodDeclaration@ForStatement@BlockStatement@StatementE...
tipos_retorno,Tipos e formato de retorno de método,439,234,date,2,0.0441,5,197,date@MemberReference@BinaryOperation@Literal@2
tipos_retorno,Tipos e formato de retorno de método,492,31,String,Statement,0.044,7,202,String@ReferenceType@LocalVariableDeclaration@MethodDeclaration@ForStatement@...
tipos_retorno,Tipos e formato de retorno de método,487,25,int,int,0.0436,5,218,int@BasicType@LocalVariableDeclaration@MethodDeclaration@LocalVariableDeclara...
tipos_retorno,Tipos e formato de retorno de método,494,43,int,nums,0.0434,20,259,int@BasicType@FormalParameter@nums
tipos_retorno,Tipos e formato de retorno de método,494,46,+,==,0.0421,5,172,+@BinaryOperation@BinaryOperation@BinaryOperation@BinaryOperation@==
tipos_retorno,Tipos e formato de retorno de método,494,46,nums,0,0.0417,7,172,nums@MemberReference@BinaryOperation@BinaryOperation@Literal@0
tipos_retorno,Tipos e formato de retorno de método,439,232,vacation,vacation,0.0415,50,471,vacation@FormalParameter@MethodDeclaration@IfStatement@MemberReference@vacation
tipos_retorno,Tipos e formato de retorno de método,439,234,int,==,0.0414,6,197,int@BasicType@FormalParameter@MethodDeclaration@IfStatement@BinaryOperation@B...
tipos_retorno,Tipos e formato de retorno de método,494,106,nums,0,0.0413,5,228,nums@MemberReference@BinaryOperation@Literal@0
tipos_retorno,Tipos e formato de retorno de método,494,43,front,==,0.041,5,259,<PAD/UNK>
tipos_retorno,Tipos e formato de retorno de método,487,22,<=,fixTeen,0.0407,14,288,<PAD/UNK>
tipos_retorno,Tipos e formato de retorno de método,494,106,int,n,0.0407,10,228,int@BasicType@FormalParameter@n
tipos_retorno,Tipos e formato de retorno de método,494,106,nums,==,0.0405,11,228,nums@MemberReference@BinaryOperation@BinaryOperation@BinaryOperation@==
tipos_retorno,Tipos e formato de retorno de método,439,234,boolean,isWeekend,0.0404,23,197,boolean@BasicType@FormalParameter@MethodDeclaration@IfStatement@MemberReferen...
tipos_retorno,Tipos e formato de retorno de método,439,13,80,speed,0.0399,6,460,80@Literal@BinaryOperation@MemberReference@speed
tipos_retorno,Tipos e formato de retorno de método,439,232,boolean,vacation,0.0398,96,471,boolean@BasicType@FormalParameter@vacation
tipos_retorno,Tipos e formato de retorno de método,494,46,&&,==,0.0396,5,172,&&@BinaryOperation@BinaryOperation@==
tipos_retorno,Tipos e formato de retorno de método,492,39,i,str,0.0393,6,162,i@MemberReference@ForControl@ForStatement@BlockStatement@IfStatement@MethodIn...
tipos_retorno,Tipos e formato de retorno de método,439,5,boolean,&&,0.0388,15,250,boolean@BasicType@FormalParameter@MethodDeclaration@IfStatement@BinaryOperati...
tipos_retorno,Tipos e formato de retorno de método,494,67,<,length,0.0384,8,228,<@BinaryOperation@MemberReference@length
tipos_retorno,Tipos e formato de retorno de método,494,43,arr,=,0.0378,6,259,<PAD/UNK>
tipos_retorno,Tipos e formato de retorno de método,487,24,&&,>,0.0364,12,150,&&@BinaryOperation@BinaryOperation@>
tipos_retorno,Tipos e formato de retorno de método,494,43,<PAD/UNK>,==,0.0363,5,259,<PAD/UNK>
tipos_retorno,Tipos e formato de retorno de método,487,22,int,fixTeen,0.0361,52,288,int@BasicType@FormalParameter@MethodDeclaration@StatementExpression@MethodInv...
tipos_retorno,Tipos e formato de retorno de método,494,41,int,nums,0.0361,14,51,int@BasicType@FormalParameter@nums
tipos_retorno,Tipos e formato de retorno de método,439,233,a,==,0.0353,7,250,a@FormalParameter@MethodDeclaration@IfStatement@BinaryOperation@BinaryOperati...
tipos_retorno,Tipos e formato de retorno de método,439,232,int,String,0.0351,13,471,int@BasicType@FormalParameter@MethodDeclaration@LocalVariableDeclaration@Refe...
tipos_retorno,Tipos e formato de retorno de método,439,234,||,2,0.0351,9,197,||@BinaryOperation@BinaryOperation@Literal@2
tipos_retorno,Tipos e formato de retorno de método,487,25,int,false,0.0349,5,218,int@BasicType@FormalParameter@MethodDeclaration@IfStatement@ReturnStatement@L...
tipos_retorno,Tipos e formato de retorno de método,487,22,int,b,0.0349,14,288,int@BasicType@FormalParameter@MethodDeclaration@FormalParameter@b
tipos_retorno,Tipos e formato de retorno de método,439,232,day,"""7:00""",0.0348,9,471,day@FormalParameter@MethodDeclaration@IfStatement@BlockStatement@ReturnStatem...
tipos_retorno,Tipos e formato de retorno de método,439,233,int,|,0.0347,12,250,<PAD/UNK>
tipos_retorno,Tipos e formato de retorno de método,439,234,int,date,0.0345,12,197,int@BasicType@FormalParameter@MethodDeclaration@FormalParameter@date
tipos_retorno,Tipos e formato de retorno de método,494,43,length,==,0.0344,8,259,<PAD/UNK>
tipos_retorno,Tipos e formato de retorno de método,494,106,int,nums,0.0341,14,228,int@BasicType@FormalParameter@nums
tipos_retorno,Tipos e formato de retorno de método,439,233,true,==,0.0334,5,250,true@Literal@ReturnStatement@IfStatement@IfStatement@BinaryOperation@BinaryOp...
tipos_retorno,Tipos e formato de retorno de método,487,25,int,==,0.0329,29,218,int@BasicType@FormalParameter@MethodDeclaration@IfStatement@BinaryOperation@==
tipos_retorno,Tipos e formato de retorno de método,487,101,int,<=,0.0321,5,483,int@BasicType@LocalVariableDeclaration@MethodDeclaration@IfStatement@BinaryOp...
tipos_retorno,Tipos e formato de retorno de método,494,41,int,+,0.0316,9,51,int@BasicType@FormalParameter@MethodDeclaration@ReturnStatement@BinaryOperati...
tipos_retorno,Tipos e formato de retorno de método,487,17,int,b,0.0314,9,54,int@BasicType@FormalParameter@MethodDeclaration@FormalParameter@b
tipos_retorno,Tipos e formato de retorno de método,494,43,int,length,0.031,10,259,int@BasicType@LocalVariableDeclaration@VariableDeclarator@length
tipos_retorno,Tipos e formato de retorno de método,439,5,answerCell,boolean,0.0307,56,250,answerCell@MethodDeclaration@FormalParameter@BasicType@boolean
tipos_retorno,Tipos e formato de retorno de método,439,235,day,boolean,0.0305,19,180,day@FormalParameter@MethodDeclaration@FormalParameter@BasicType@boolean
tipos_retorno,Tipos e formato de retorno de método,494,43,int,+,0.0305,10,259,int@BasicType@FormalParameter@MethodDeclaration@ReturnStatement@BinaryOperati...
tipos_retorno,Tipos e formato de retorno de método,439,13,int,true,0.0304,6,460,int@BasicType@FormalParameter@MethodDeclaration@IfStatement@Assignment@Litera...
tipos_retorno,Tipos e formato de retorno de método,439,5,isMorning,true,0.0303,12,250,isMorning@MemberReference@BinaryOperation@BinaryOperation@BinaryOperation@Lit...
tipos_retorno,Tipos e formato de retorno de método,439,5,boolean,isMorning,0.0303,14,250,boolean@BasicType@FormalParameter@MethodDeclaration@IfStatement@MemberReferen...
tipos_retorno,Tipos e formato de retorno de método,494,106,d,==,0.0303,10,228,<PAD/UNK>
tipos_retorno,Tipos e formato de retorno de método,487,22,int,c,0.0297,26,288,int@BasicType@FormalParameter@MethodDeclaration@ReturnStatement@BinaryOperati...
tipos_retorno,Tipos e formato de retorno de método,494,67,int,sum,0.0297,8,228,int@BasicType@FormalParameter@MethodDeclaration@LocalVariableDeclaration@Vari...
tipos_retorno,Tipos e formato de retorno de método,494,46,int,length,0.0291,5,172,int@BasicType@VariableDeclaration@ForControl@BinaryOperation@BinaryOperation@...
tipos_retorno,Tipos e formato de retorno de método,494,43,int,front,0.0287,6,259,int@BasicType@LocalVariableDeclaration@BlockStatement@StatementExpression@Ass...
tipos_retorno,Tipos e formato de retorno de método,494,106,int,n,0.0279,17,228,int@BasicType@FormalParameter@MethodDeclaration@FormalParameter@n
tipos_retorno,Tipos e formato de retorno de método,439,235,boolean,vacation,0.0278,6,180,boolean@BasicType@FormalParameter@MethodDeclaration@IfStatement@MemberReferen...
tipos_retorno,Tipos e formato de retorno de método,487,101,int,roundSum,0.0277,12,483,int@BasicType@MethodDeclaration@roundSum
tipos_retorno,Tipos e formato de retorno de método,487,22,c,fixTeen,0.0275,13,288,c@FormalParameter@MethodDeclaration@ReturnStatement@BinaryOperation@MethodInv...
tipos_retorno,Tipos e formato de retorno de método,439,233,b,==,0.0259,7,250,b@MemberReference@BinaryOperation@BinaryOperation@BinaryOperation@BinaryOpera...
tipos_retorno,Tipos e formato de retorno de método,494,106,nums,=,0.0254,7,228,nums@MemberReference@BinaryOperation@IfStatement@BlockStatement@StatementExpr...
tipos_retorno,Tipos e formato de retorno de método,494,46,<PAD/UNK>,<,0.025,5,172,<PAD/UNK>
tipos_retorno,Tipos e formato de retorno de método,487,25,int,-,0.0249,11,218,int@BasicType@FormalParameter@MethodDeclaration@IfStatement@BinaryOperation@B...
tipos_retorno,Tipos e formato de retorno de método,487,25,boolean,<PAD/UNK>,0.0247,5,218,<PAD/UNK>
tipos_retorno,Tipos e formato de retorno de método,494,44,nums,2,0.0245,12,88,nums@MemberReference@BinaryOperation@Literal@2
tipos_retorno,Tipos e formato de retorno de método,494,46,<,length,0.0244,12,172,<@BinaryOperation@MemberReference@length
tipos_retorno,Tipos e formato de retorno de método,439,232,day,||,0.0237,8,471,day@MemberReference@Assignment@Assignment@BinaryOperation@||
tipos_retorno,Tipos e formato de retorno de método,439,13,<,speed,0.0237,48,460,<@BinaryOperation@MemberReference@speed
tipos_retorno,Tipos e formato de retorno de método,487,25,||,c,0.0236,5,218,||@BinaryOperation@BinaryOperation@MemberReference@c
tipos_retorno,Tipos e formato de retorno de método,494,44,int,nums,0.0235,16,88,int@BasicType@FormalParameter@nums
tipos_retorno,Tipos e formato de retorno de método,492,37,int,a,0.023,13,104,int@BasicType@LocalVariableDeclaration@VariableDeclarator@MethodInvocation@a
tipos_retorno,Tipos e formato de retorno de método,494,106,int,arr,0.0229,5,228,<PAD/UNK>
tipos_retorno,Tipos e formato de retorno de método,439,233,int,||,0.0226,8,250,int@BasicType@FormalParameter@MethodDeclaration@IfStatement@BinaryOperation@B...
tipos_retorno,Tipos e formato de retorno de método,494,43,int,nums,0.0218,6,259,int@BasicType@FormalParameter@MethodDeclaration@IfStatement@BinaryOperation@M...
tipos_retorno,Tipos e formato de retorno de método,494,43,nums,=,0.0215,6,259,nums@MethodInvocation@BinaryOperation@IfStatement@BlockStatement@StatementExp...
tipos_retorno,Tipos e formato de retorno de método,439,234,cigars,isWeekend,0.021,46,197,cigars@FormalParameter@MethodDeclaration@FormalParameter@isWeekend
tipos_retorno,Tipos e formato de retorno de método,487,24,a,21,0.021,5,150,a@MemberReference@BinaryOperation@BinaryOperation@BinaryOperation@BinaryOpera...
tipos_retorno,Tipos e formato de retorno de método,439,13,66,speed,0.0206,6,460,66@Literal@BinaryOperation@BinaryOperation@BinaryOperation@MemberReference@speed
tipos_retorno,Tipos e formato de retorno de método,487,22,b,fixTeen,0.0194,5,288,b@FormalParameter@MethodDeclaration@StatementExpression@Assignment@MethodInvo...
tipos_retorno,Tipos e formato de retorno de método,494,106,end,length,0.0193,30,228,end@VariableDeclarator@BinaryOperation@MemberReference@length
tipos_retorno,Tipos e formato de retorno de método,494,67,int,++,0.0193,7,228,int@BasicType@VariableDeclaration@ForControl@MemberReference@++
tipos_retorno,Tipos e formato de retorno de método,439,13,65,speed,0.0191,7,460,65@Literal@BinaryOperation@BinaryOperation@BinaryOperation@MemberReference@speed
tipos_retorno,Tipos e formato de retorno de método,494,44,int,1,0.0184,7,88,int@BasicType@LocalVariableDeclaration@VariableDeclarator@BinaryOperation@Lit...
tipos_retorno,Tipos e formato de retorno de método,494,106,int,start,0.0182,24,228,int@BasicType@FormalParameter@MethodDeclaration@LocalVariableDeclaration@Vari...
tipos_retorno,Tipos e formato de retorno de método,492,37,<=,x,0.0181,13,104,<PAD/UNK>
tipos_retorno,Tipos e formato de retorno de método,494,67,nums,1,0.0181,6,228,nums@FormalParameter@MethodDeclaration@IfStatement@BinaryOperation@BinaryOper...
tipos_retorno,Tipos e formato de retorno de método,439,234,cigars,isWeekend,0.0179,20,197,cigars@FormalParameter@MethodDeclaration@IfStatement@MemberReference@isWeekend
tipos_retorno,Tipos e formato de retorno de método,439,232,day,==,0.0176,10,471,day@MemberReference@BinaryOperation@BinaryOperation@BinaryOperation@==
tipos_retorno,Tipos e formato de retorno de método,439,5,==,true,0.0176,29,250,==@BinaryOperation@Literal@true
tipos_retorno,Tipos e formato de retorno de método,439,13,1,speed,0.0174,19,460,1@Literal@ReturnStatement@IfStatement@IfStatement@BinaryOperation@MemberRefer...
tipos_retorno,Tipos e formato de retorno de método,439,13,<,speed,0.0171,10,460,<@BinaryOperation@IfStatement@IfStatement@BinaryOperation@BinaryOperation@Mem...
tipos_retorno,Tipos e formato de retorno de método,439,232,day,=,0.017,5,471,day@MemberReference@BinaryOperation@BinaryOperation@IfStatement@IfStatement@A...
tipos_retorno,Tipos e formato de retorno de método,439,235,day,==,0.017,5,180,day@MemberReference@BinaryOperation@BinaryOperation@BinaryOperation@==
tipos_retorno,Tipos e formato de retorno de método,439,232,boolean,&&,0.0168,9,471,boolean@BasicType@FormalParameter@MethodDeclaration@IfStatement@BinaryOperati...
tipos_retorno,Tipos e formato de retorno de método,439,234,int,isWeekend,0.0164,9,197,int@BasicType@FormalParameter@MethodDeclaration@IfStatement@BinaryOperation@M...
tipos_retorno,Tipos e formato de retorno de método,439,1,int,&&,0.0161,6,82,int@BasicType@FormalParameter@MethodDeclaration@IfStatement@BinaryOperation@&&
tipos_retorno,Tipos e formato de retorno de método,494,41,sum3,+,0.0159,9,51,sum3@MethodDeclaration@ReturnStatement@BinaryOperation@BinaryOperation@+
tipos_retorno,Tipos e formato de retorno de método,439,234,>=,1,0.0154,6,197,>=@BinaryOperation@BinaryOperation@IfStatement@BlockStatement@ReturnStatement...
tipos_retorno,Tipos e formato de retorno de método,494,43,sum3,+,0.0151,10,259,sum3@MethodDeclaration@ReturnStatement@BinaryOperation@BinaryOperation@+
tipos_retorno,Tipos e formato de retorno de método,439,235,vacation,vacation,0.015,9,180,vacation@FormalParameter@MethodDeclaration@IfStatement@MemberReference@vacation
tipos_retorno,Tipos e formato de retorno de método,439,13,>=,speed,0.0143,9,460,>=@BinaryOperation@BinaryOperation@IfStatement@IfStatement@BinaryOperation@Me...
tipos_retorno,Tipos e formato de retorno de método,439,5,isMorning,==,0.0136,6,250,isMorning@MemberReference@BinaryOperation@BinaryOperation@BinaryOperation@==
tipos_retorno,Tipos e formato de retorno de método,494,67,1,7,0.0132,5,228,1@Literal@BinaryOperation@ArraySelector@MemberReference@BinaryOperation@Liter...
tipos_retorno,Tipos e formato de retorno de método,439,232,!,vacation,0.0131,10,471,!@MemberReference@vacation
tipos_retorno,Tipos e formato de retorno de método,439,5,public,answerCell,0.0131,5,250,<PAD/UNK>
tipos_retorno,Tipos e formato de retorno de método,439,232,60,speed,0.0128,5,471,60@Literal@BinaryOperation@IfStatement@IfStatement@BinaryOperation@MemberRefe...
tipos_retorno,Tipos e formato de retorno de método,494,44,countEvens,==,0.0128,8,88,countEvens@MethodDeclaration@ForStatement@BlockStatement@IfStatement@BinaryOp...
tipos_retorno,Tipos e formato de retorno de método,439,233,answerCell,boolean,0.0125,14,250,answerCell@MethodDeclaration@FormalParameter@BasicType@boolean
tipos_retorno,Tipos e formato de retorno de método,439,235,boolean,==,0.0124,5,180,boolean@BasicType@FormalParameter@MethodDeclaration@IfStatement@BinaryOperati...
tipos_retorno,Tipos e formato de retorno de método,439,13,<=,speed,0.012,7,460,<=@BinaryOperation@IfStatement@IfStatement@BinaryOperation@BinaryOperation@Me...
tipos_retorno,Tipos e formato de retorno de método,439,233,==,true,0.0116,6,250,==@BinaryOperation@Literal@true
tipos_retorno,Tipos e formato de retorno de método,439,232,61,speed,0.0115,6,471,61@Literal@BinaryOperation@BinaryOperation@BinaryOperation@MemberReference@speed
tipos_retorno,Tipos e formato de retorno de método,439,234,isWeekend,isWeekend,0.0108,6,197,isWeekend@FormalParameter@MethodDeclaration@IfStatement@BinaryOperation@Membe...
tipos_retorno,Tipos e formato de retorno de método,439,5,isMorning,boolean,0.0097,7,250,isMorning@FormalParameter@MethodDeclaration@FormalParameter@BasicType@boolean
tipos_retorno,Tipos e formato de retorno de método,439,232,int,=,0.0095,6,471,int@BasicType@FormalParameter@MethodDeclaration@IfStatement@Assignment@=
tipos_retorno,Tipos e formato de retorno de método,487,22,&&,19,0.0095,5,288,&&@BinaryOperation@BinaryOperation@Literal@19
tipos_retorno,Tipos e formato de retorno de método,439,232,>=,speed,0.0089,6,471,>=@BinaryOperation@MemberReference@speed
tipos_retorno,Tipos e formato de retorno de método,439,13,61,speed,0.0089,21,460,61@Literal@BinaryOperation@BinaryOperation@BinaryOperation@MemberReference@speed
tipos_retorno,Tipos e formato de retorno de método,487,22,int,&&,0.0088,10,288,int@BasicType@FormalParameter@MethodDeclaration@IfStatement@BinaryOperation@B...
tipos_retorno,Tipos e formato de retorno de método,439,13,>=,speed,0.0087,24,460,>=@BinaryOperation@BinaryOperation@BinaryOperation@MemberReference@speed
tipos_retorno,Tipos e formato de retorno de método,439,13,<=,speed,0.0085,94,460,<=@BinaryOperation@MemberReference@speed
tipos_retorno,Tipos e formato de retorno de método,439,235,boolean,vacation,0.0083,9,180,boolean@BasicType@FormalParameter@vacation
tipos_retorno,Tipos e formato de retorno de método,439,232,<=,speed,0.008,24,471,<=@BinaryOperation@MemberReference@speed
tipos_retorno,Tipos e formato de retorno de método,439,233,boolean,false,0.0077,10,250,boolean@BasicType@FormalParameter@MethodDeclaration@IfStatement@ReturnStateme...
tipos_retorno,Tipos e formato de retorno de método,439,13,isBirthday,speed,0.0076,5,460,isBirthday@MemberReference@BinaryOperation@BinaryOperation@BinaryOperation@Me...
tipos_retorno,Tipos e formato de retorno de método,439,13,int,1,0.0074,6,460,int@BasicType@LocalVariableDeclaration@VariableDeclarator@Literal@1
tipos_retorno,Tipos e formato de retorno de método,439,234,!,isWeekend,0.0071,11,197,!@MemberReference@isWeekend
tipos_retorno,Tipos e formato de retorno de método,439,13,>=,speed,0.007,62,460,>=@BinaryOperation@MemberReference@speed
tipos_retorno,Tipos e formato de retorno de método,439,13,0,speed,0.007,6,460,0@Literal@BinaryOperation@BinaryOperation@BinaryOperation@MemberReference@speed
tipos_retorno,Tipos e formato de retorno de método,439,13,<,speed,0.0069,5,460,<@BinaryOperation@IfStatement@IfStatement@BinaryOperation@MemberReference@speed
tipos_retorno,Tipos e formato de retorno de método,439,232,int,"""""",0.0064,15,471,int@BasicType@FormalParameter@MethodDeclaration@LocalVariableDeclaration@Vari...
tipos_retorno,Tipos e formato de retorno de método,439,13,60,speed,0.0063,12,460,60@Literal@BinaryOperation@IfStatement@IfStatement@BinaryOperation@MemberRefe...
tipos_retorno,Tipos e formato de retorno de método,439,232,vacation,day,0.0062,5,471,vacation@MemberReference@IfStatement@IfStatement@BinaryOperation@BinaryOperat...
tipos_retorno,Tipos e formato de retorno de método,439,5,boolean,false,0.0061,16,250,boolean@BasicType@FormalParameter@MethodDeclaration@IfStatement@ReturnStateme...
tipos_retorno,Tipos e formato de retorno de método,439,5,false,&&,0.0059,5,250,false@Literal@Assignment@BinaryOperation@IfStatement@IfStatement@BinaryOperat...
tipos_retorno,Tipos e formato de retorno de método,439,13,!,speed,0.0055,5,460,!@MemberReference@IfStatement@IfStatement@BinaryOperation@MemberReference@speed
tipos_retorno,Tipos e formato de retorno de método,487,25,||,c,0.0051,7,218,||@BinaryOperation@BinaryOperation@BinaryOperation@MemberReference@c
tipos_retorno,Tipos e formato de retorno de método,439,13,>,speed,0.0041,22,460,>@BinaryOperation@BinaryOperation@IfStatement@IfStatement@BinaryOperation@Mem...
tipos_retorno,Tipos e formato de retorno de método,439,232,day,vacation,0.0037,10,471,day@MemberReference@Assignment@BinaryOperation@MemberReference@vacation
tipos_retorno,Tipos e formato de retorno de método,439,232,int,day,0.0035,92,471,int@BasicType@FormalParameter@day
tipos_retorno,Tipos e formato de retorno de método,439,232,int,=,0.0035,9,471,int@BasicType@FormalParameter@MethodDeclaration@IfStatement@BinaryOperation@A...
tipos_retorno,Tipos e formato de retorno de método,439,234,int,boolean,0.0034,7,197,int@BasicType@FormalParameter@MethodDeclaration@FormalParameter@BasicType@boo...
tipos_retorno,Tipos e formato de retorno de método,439,234,cigars,>=,0.0032,5,197,cigars@FormalParameter@MethodDeclaration@IfStatement@BlockStatement@IfStateme...
tipos_retorno,Tipos e formato de retorno de método,439,12,isSummer,>=,0.0032,8,94,isSummer@FormalParameter@MethodDeclaration@IfStatement@IfStatement@BinaryOper...
tipos_retorno,Tipos e formato de retorno de método,439,232,int,boolean,0.0031,66,471,int@BasicType@FormalParameter@MethodDeclaration@FormalParameter@BasicType@boo...
tipos_retorno,Tipos e formato de retorno de método,439,13,<=,speed,0.0029,5,460,<=@BinaryOperation@IfStatement@BlockStatement@IfStatement@BinaryOperation@Mem...
tipos_retorno,Tipos e formato de retorno de método,439,232,boolean,==,0.0026,10,471,boolean@BasicType@FormalParameter@MethodDeclaration@IfStatement@BinaryOperati...
tipos_retorno,Tipos e formato de retorno de método,439,13,int,2,0.0024,12,460,int@BasicType@LocalVariableDeclaration@MethodDeclaration@LocalVariableDeclara...
tipos_retorno,Tipos e formato de retorno de método,439,232,int,=,0.0023,15,471,int@BasicType@FormalParameter@MethodDeclaration@IfStatement@StatementExpressi...
tipos_retorno,Tipos e formato de retorno de método,439,13,<,speed,0.0023,6,460,<@BinaryOperation@BinaryOperation@IfStatement@IfStatement@BinaryOperation@Mem...
tipos_retorno,Tipos e formato de retorno de método,439,235,int,day,0.0017,12,180,int@BasicType@FormalParameter@day
tipos_retorno,Tipos e formato de retorno de método,439,232,boolean,>=,0.0016,5,471,boolean@BasicType@FormalParameter@MethodDeclaration@IfStatement@BinaryOperati...
tipos_retorno,Tipos e formato de retorno de método,439,232,boolean,=,0.0015,6,471,boolean@BasicType@FormalParameter@MethodDeclaration@IfStatement@BinaryOperati...
tipos_retorno,Tipos e formato de retorno de método,439,235,int,boolean,0.0013,11,180,int@BasicType@FormalParameter@MethodDeclaration@FormalParameter@BasicType@boo...
tipos_retorno,Tipos e formato de retorno de método,439,235,>=,>=,0.0013,5,180,>=@BinaryOperation@BinaryOperation@BinaryOperation@>=
tipos_retorno,Tipos e formato de retorno de método,439,232,caughtSpeeding,boolean,0.0012,5,471,caughtSpeeding@MethodDeclaration@FormalParameter@BasicType@boolean
tipos_retorno,Tipos e formato de retorno de método,439,232,day,&&,0.0011,6,471,day@FormalParameter@MethodDeclaration@IfStatement@IfStatement@BinaryOperation@&&
tipos_retorno,Tipos e formato de retorno de método,439,13,caughtSpeeding,boolean,0.0011,11,460,caughtSpeeding@MethodDeclaration@FormalParameter@BasicType@boolean
tipos_retorno,Tipos e formato de retorno de método,439,232,day,6,0.0008,6,471,day@MemberReference@BinaryOperation@Assignment@Literal@6
tipos_retorno,Tipos e formato de retorno de método,439,232,day,"""7:00""",0.0007,9,471,day@MemberReference@Assignment@IfStatement@BlockStatement@ReturnStatement@Lit...
tipos_retorno,Tipos e formato de retorno de método,439,232,day,&&,0.0006,6,471,day@MemberReference@BinaryOperation@BinaryOperation@IfStatement@IfStatement@B...
tipos_retorno,Tipos e formato de retorno de método,439,235,<,8,0.0004,5,180,<@BinaryOperation@Literal@8
tipos_retorno,Tipos e formato de retorno de método,439,235,8,8,0.0004,5,180,8@Literal@BinaryOperation@BinaryOperation@BinaryOperation@Literal@8
validacao_composta,Validação de múltiplas restrições com operadores lógicos,487,101,int,*,0.4832,5,483,<PAD/UNK>
validacao_composta,Validação de múltiplas restrições com operadores lógicos,487,22,>=,fixTeen,0.4013,19,288,<PAD/UNK>
validacao_composta,Validação de múltiplas restrições com operadores lógicos,487,101,int,smalls,0.3922,11,483,<PAD/UNK>
validacao_composta,Validação de múltiplas restrições com operadores lógicos,487,21,int,=,0.3844,6,113,<PAD/UNK>
validacao_composta,Validação de múltiplas restrições com operadores lógicos,487,101,int,*,0.3762,5,483,int@BasicType@LocalVariableDeclaration@VariableDeclarator@BinaryOperation@*
validacao_composta,Validação de múltiplas restrições com operadores lógicos,487,101,>=,=,0.3709,5,483,<PAD/UNK>
validacao_composta,Validação de múltiplas restrições com operadores lógicos,487,101,int,choco,0.3655,7,483,<PAD/UNK>
validacao_composta,Validação de múltiplas restrições com operadores lógicos,487,22,int,b,0.3545,64,288,int@BasicType@FormalParameter@b
validacao_composta,Validação de múltiplas restrições com operadores lógicos,487,22,&&,fixTeen,0.3153,23,288,<PAD/UNK>
validacao_composta,Validação de múltiplas restrições com operadores lógicos,487,22,int,fixTeen,0.3084,26,288,int@BasicType@FormalParameter@MethodDeclaration@ReturnStatement@BinaryOperati...
validacao_composta,Validação de múltiplas restrições com operadores lógicos,487,101,int,c,0.3053,19,483,int@BasicType@FormalParameter@c
validacao_composta,Validação de múltiplas restrições com operadores lógicos,487,101,int,%,0.3044,11,483,int@BasicType@FormalParameter@MethodDeclaration@IfStatement@BinaryOperation@B...
validacao_composta,Validação de múltiplas restrições com operadores lógicos,487,22,b,=,0.302,13,288,<PAD/UNK>
validacao_composta,Validação de múltiplas restrições com operadores lógicos,487,101,5,-,0.2999,9,483,<PAD/UNK>
validacao_composta,Validação de múltiplas restrições com operadores lógicos,487,21,13,=,0.2958,12,113,<PAD/UNK>
validacao_composta,Validação de múltiplas restrições com operadores lógicos,487,101,big,>,0.2943,5,483,<PAD/UNK>
validacao_composta,Validação de múltiplas restrições com operadores lógicos,487,101,int,count,0.2898,18,483,<PAD/UNK>
validacao_composta,Validação de múltiplas restrições com operadores lógicos,487,22,int,fixTeen,0.2789,11,288,int@BasicType@FormalParameter@MethodDeclaration@StatementExpression@Assignmen...
validacao_composta,Validação de múltiplas restrições com operadores lógicos,487,101,<PAD/UNK>,*,0.2784,6,483,<PAD/UNK>
validacao_composta,Validação de múltiplas restrições com operadores lógicos,487,101,int,%,0.2751,11,483,<PAD/UNK>
validacao_composta,Validação de múltiplas restrições com operadores lógicos,487,21,int,c,0.2697,27,113,int@BasicType@FormalParameter@c
validacao_composta,Validação de múltiplas restrições com operadores lógicos,487,101,int,%,0.2617,8,483,int@BasicType@LocalVariableDeclaration@VariableDeclarator@BinaryOperation@%
validacao_composta,Validação de múltiplas restrições com operadores lógicos,487,21,int,==,0.2567,5,113,int@BasicType@FormalParameter@MethodDeclaration@IfStatement@BinaryOperation@B...
validacao_composta,Validação de múltiplas restrições com operadores lógicos,487,101,without2,str,0.2558,5,483,without2@MethodDeclaration@FormalParameter@str
validacao_composta,Validação de múltiplas restrições com operadores lógicos,487,22,int,==,0.2532,36,288,int@BasicType@FormalParameter@MethodDeclaration@IfStatement@BinaryOperation@B...
validacao_composta,Validação de múltiplas restrições com operadores lógicos,487,101,int,c,0.2494,25,483,int@BasicType@FormalParameter@MethodDeclaration@FormalParameter@c
validacao_composta,Validação de múltiplas restrições com operadores lógicos,487,101,0,big,0.2441,5,483,<PAD/UNK>
validacao_composta,Validação de múltiplas restrições com operadores lógicos,487,101,big,==,0.2342,6,483,<PAD/UNK>
validacao_composta,Validação de múltiplas restrições com operadores lógicos,487,22,b,20,0.2322,8,288,<PAD/UNK>
validacao_composta,Validação de múltiplas restrições com operadores lógicos,487,22,<PAD/UNK>,=,0.2314,6,288,<PAD/UNK>
validacao_composta,Validação de múltiplas restrições com operadores lógicos,487,22,||,19,0.2306,7,288,<PAD/UNK>
validacao_composta,Validação de múltiplas restrições com operadores lógicos,487,22,a,fixTeen,0.2298,8,288,<PAD/UNK>
validacao_composta,Validação de múltiplas restrições com operadores lógicos,487,101,>=,remaining,0.2279,10,483,<PAD/UNK>
validacao_composta,Validação de múltiplas restrições com operadores lógicos,487,21,<PAD/UNK>,=,0.2257,21,113,<PAD/UNK>
validacao_composta,Validação de múltiplas restrições com operadores lógicos,487,101,int,goal,0.2226,8,483,<PAD/UNK>
validacao_composta,Validação de múltiplas restrições com operadores lógicos,487,101,<PAD/UNK>,=,0.2174,8,483,<PAD/UNK>
validacao_composta,Validação de múltiplas restrições com operadores lógicos,487,101,big,--,0.2158,8,483,<PAD/UNK>
validacao_composta,Validação de múltiplas restrições com operadores lógicos,487,22,13,19,0.211,10,288,<PAD/UNK>
validacao_composta,Validação de múltiplas restrições com operadores lógicos,487,21,atFirst,str,0.2099,5,113,atFirst@MethodDeclaration@FormalParameter@str
validacao_composta,Validação de múltiplas restrições com operadores lógicos,487,101,<PAD/UNK>,%,0.2089,13,483,<PAD/UNK>
validacao_composta,Validação de múltiplas restrições com operadores lógicos,487,21,int,c,0.2044,52,113,int@BasicType@FormalParameter@MethodDeclaration@FormalParameter@c
validacao_composta,Validação de múltiplas restrições com operadores lógicos,487,22,0,||,0.2018,11,288,<PAD/UNK>
validacao_composta,Validação de múltiplas restrições com operadores lógicos,487,101,int,/,0.2017,6,483,int@BasicType@FormalParameter@MethodDeclaration@LocalVariableDeclaration@Vari...
validacao_composta,Validação de múltiplas restrições com operadores lógicos,487,21,int,answer,0.1925,5,113,int@BasicType@FormalParameter@MethodDeclaration@LocalVariableDeclaration@Vari...
validacao_composta,Validação de múltiplas restrições com operadores lógicos,487,22,b,fixTeen,0.1871,22,288,<PAD/UNK>
validacao_composta,Validação de múltiplas restrições com operadores lógicos,487,101,int,<PAD/UNK>,0.1861,76,483,<PAD/UNK>
validacao_composta,Validação de múltiplas restrições com operadores lógicos,487,22,&&,c,0.1764,15,288,<PAD/UNK>
validacao_composta,Validação de múltiplas restrições com operadores lógicos,487,101,int,%,0.1763,5,483,int@BasicType@FormalParameter@MethodDeclaration@LocalVariableDeclaration@Vari...
validacao_composta,Validação de múltiplas restrições com operadores lógicos,487,21,int,<PAD/UNK>,0.1726,23,113,<PAD/UNK>
validacao_composta,Validação de múltiplas restrições com operadores lógicos,487,22,<,fixTeen,0.1699,19,288,<PAD/UNK>
validacao_composta,Validação de múltiplas restrições com operadores lógicos,487,22,int,c,0.1688,133,288,int@BasicType@FormalParameter@c
validacao_composta,Validação de múltiplas restrições com operadores lógicos,487,22,int,<PAD/UNK>,0.1659,8,288,<PAD/UNK>
validacao_composta,Validação de múltiplas restrições com operadores lógicos,487,101,small,*,0.1659,6,483,small@MemberReference@BinaryOperation@BinaryOperation@*
validacao_composta,Validação de múltiplas restrições com operadores lógicos,487,101,0,-,0.1633,5,483,<PAD/UNK>
validacao_composta,Validação de múltiplas restrições com operadores lógicos,487,101,<PAD/UNK>,/,0.1569,14,483,<PAD/UNK>
validacao_composta,Validação de múltiplas restrições com operadores lógicos,487,21,13,x,0.1566,7,113,<PAD/UNK>
validacao_composta,Validação de múltiplas restrições com operadores lógicos,487,22,int,10,0.1538,8,288,int@BasicType@FormalParameter@MethodDeclaration@IfStatement@ReturnStatement@L...
validacao_composta,Validação de múltiplas restrições com operadores lógicos,487,101,x,goal,0.1503,9,483,<PAD/UNK>
validacao_composta,Validação de múltiplas restrições com operadores lógicos,487,21,int,=,0.1496,7,113,int@BasicType@LocalVariableDeclaration@MethodDeclaration@IfStatement@Statemen...
validacao_composta,Validação de múltiplas restrições com operadores lógicos,487,22,!=,fixTeen,0.1488,6,288,<PAD/UNK>
validacao_composta,Validação de múltiplas restrições com operadores lógicos,487,101,int,goal,0.1477,134,483,int@BasicType@FormalParameter@MethodDeclaration@FormalParameter@goal
validacao_composta,Validação de múltiplas restrições com operadores lógicos,487,101,big,-,0.1472,14,483,<PAD/UNK>
validacao_composta,Validação de múltiplas restrições com operadores lógicos,487,101,k,%,0.1413,5,483,<PAD/UNK>
validacao_composta,Validação de múltiplas restrições com operadores lógicos,487,22,int,fixTeen,0.1383,9,288,int@BasicType@LocalVariableDeclaration@VariableDeclarator@BinaryOperation@Met...
validacao_composta,Validação de múltiplas restrições com operadores lógicos,487,101,big,big,0.1382,5,483,<PAD/UNK>
validacao_composta,Validação de múltiplas restrições com operadores lógicos,487,101,int,*,0.1373,15,483,int@BasicType@LocalVariableDeclaration@VariableDeclarator@BinaryOperation@Bin...
validacao_composta,Validação de múltiplas restrições com operadores lógicos,487,21,int,x,0.1344,5,113,int@BasicType@FormalParameter@MethodDeclaration@LocalVariableDeclaration@Vari...
validacao_composta,Validação de múltiplas restrições com operadores lógicos,487,22,int,c,0.1342,142,288,int@BasicType@FormalParameter@MethodDeclaration@FormalParameter@c
validacao_composta,Validação de múltiplas restrições com operadores lógicos,487,101,int,k,0.1316,8,483,<PAD/UNK>
validacao_composta,Validação de múltiplas restrições com operadores lógicos,487,101,||,goal,0.1268,5,483,<PAD/UNK>
validacao_composta,Validação de múltiplas restrições com operadores lógicos,487,101,<PAD/UNK>,goal,0.1256,17,483,<PAD/UNK>
validacao_composta,Validação de múltiplas restrições com operadores lógicos,487,22,17,==,0.1244,6,288,<PAD/UNK>
validacao_composta,Validação de múltiplas restrições com operadores lógicos,487,101,+,>,0.1225,7,483,<PAD/UNK>
validacao_composta,Validação de múltiplas restrições com operadores lógicos,487,22,int,||,0.1203,8,288,int@BasicType@FormalParameter@MethodDeclaration@IfStatement@BinaryOperation@||
validacao_composta,Validação de múltiplas restrições com operadores lógicos,487,22,13,<,0.1167,5,288,<PAD/UNK>
validacao_composta,Validação de múltiplas restrições com operadores lógicos,487,101,5,5,0.114,5,483,<PAD/UNK>
validacao_composta,Validação de múltiplas restrições com operadores lógicos,487,101,int,makeChocolate,0.1107,28,483,int@BasicType@MethodDeclaration@makeChocolate
validacao_composta,Validação de múltiplas restrições com operadores lógicos,487,101,5,=,0.11,6,483,5@Literal@BinaryOperation@Assignment@=
validacao_composta,Validação de múltiplas restrições com operadores lógicos,487,101,+,-,0.1072,6,483,<PAD/UNK>
validacao_composta,Validação de múltiplas restrições com operadores lógicos,487,101,>=,choco,0.1067,6,483,<PAD/UNK>
validacao_composta,Validação de múltiplas restrições com operadores lógicos,487,101,++,s,0.1036,7,483,<PAD/UNK>
validacao_composta,Validação de múltiplas restrições com operadores lógicos,487,101,small,-,0.1018,6,483,<PAD/UNK>
validacao_composta,Validação de múltiplas restrições com operadores lógicos,487,21,int,c,0.0981,12,113,int@BasicType@FormalParameter@MethodDeclaration@IfStatement@BinaryOperation@M...
validacao_composta,Validação de múltiplas restrições com operadores lógicos,487,101,int,=,0.096,6,483,int@BasicType@FormalParameter@MethodDeclaration@StatementExpression@Assignment@=
validacao_composta,Validação de múltiplas restrições com operadores lógicos,487,101,int,1,0.0952,6,483,int@BasicType@FormalParameter@MethodDeclaration@IfStatement@ReturnStatement@L...
validacao_composta,Validação de múltiplas restrições com operadores lógicos,487,22,||,<,0.0944,7,288,<PAD/UNK>
validacao_composta,Validação de múltiplas restrições com operadores lógicos,487,101,<PAD/UNK>,2,0.0931,5,483,<PAD/UNK>
validacao_composta,Validação de múltiplas restrições com operadores lógicos,487,101,<PAD/UNK>,>,0.0901,11,483,<PAD/UNK>
validacao_composta,Validação de múltiplas restrições com operadores lógicos,487,101,small,x,0.0894,7,483,<PAD/UNK>
validacao_composta,Validação de múltiplas restrições com operadores lógicos,487,21,13,c,0.0873,5,113,<PAD/UNK>
validacao_composta,Validação de múltiplas restrições com operadores lógicos,487,22,a,+,0.0866,6,288,<PAD/UNK>
validacao_composta,Validação de múltiplas restrições com operadores lógicos,487,22,>,fixTeen,0.0862,8,288,<PAD/UNK>
validacao_composta,Validação de múltiplas restrições com operadores lógicos,487,21,<PAD/UNK>,sum,0.086,17,113,<PAD/UNK>
validacao_composta,Validação de múltiplas restrições com operadores lógicos,487,101,smallNum,>,0.0859,6,483,<PAD/UNK>
validacao_composta,Validação de múltiplas restrições com operadores lógicos,487,101,big,*,0.0842,11,483,big@FormalParameter@MethodDeclaration@LocalVariableDeclaration@VariableDeclar...
validacao_composta,Validação de múltiplas restrições com operadores lógicos,487,101,0,s,0.084,6,483,<PAD/UNK>
validacao_composta,Validação de múltiplas restrições com operadores lógicos,487,101,<PAD/UNK>,<=,0.0833,6,483,<PAD/UNK>
validacao_composta,Validação de múltiplas restrições com operadores lógicos,487,101,>=,*,0.0819,6,483,>=@BinaryOperation@IfStatement@BlockStatement@ReturnStatement@BinaryOperation...
validacao_composta,Validação de múltiplas restrições com operadores lógicos,487,22,int,sum,0.0783,7,288,int@BasicType@LocalVariableDeclaration@MethodDeclaration@ReturnStatement@Memb...
validacao_composta,Validação de múltiplas restrições com operadores lógicos,487,22,>=,10,0.0767,5,288,<PAD/UNK>
validacao_composta,Validação de múltiplas restrições com operadores lógicos,487,22,c,fixTeen,0.0744,22,288,<PAD/UNK>
validacao_composta,Validação de múltiplas restrições com operadores lógicos,487,22,int,+,0.0743,7,288,int@BasicType@LocalVariableDeclaration@VariableDeclarator@BinaryOperation@Bin...
validacao_composta,Validação de múltiplas restrições com operadores lógicos,487,21,<PAD/UNK>,==,0.0741,8,113,<PAD/UNK>
validacao_composta,Validação de múltiplas restrições com operadores lógicos,487,22,19,<,0.0727,6,288,<PAD/UNK>
validacao_composta,Validação de múltiplas restrições com operadores lógicos,487,101,int,round10,0.0698,24,483,int@BasicType@FormalParameter@MethodDeclaration@ReturnStatement@BinaryOperati...
validacao_composta,Validação de múltiplas restrições com operadores lógicos,487,101,<PAD/UNK>,small,0.0676,5,483,<PAD/UNK>
validacao_composta,Validação de múltiplas restrições com operadores lógicos,487,22,||,a,0.0668,6,288,<PAD/UNK>
validacao_composta,Validação de múltiplas restrições com operadores lógicos,487,101,int,||,0.0644,6,483,int@BasicType@FormalParameter@MethodDeclaration@IfStatement@BinaryOperation@||
validacao_composta,Validação de múltiplas restrições com operadores lógicos,487,101,small,choco,0.0636,5,483,<PAD/UNK>
validacao_composta,Validação de múltiplas restrições com operadores lógicos,487,101,int,*,0.0607,6,483,int@BasicType@FormalParameter@MethodDeclaration@LocalVariableDeclaration@Vari...
validacao_composta,Validação de múltiplas restrições com operadores lógicos,487,101,<PAD/UNK>,5,0.0589,7,483,<PAD/UNK>
validacao_composta,Validação de múltiplas restrições com operadores lógicos,487,21,=,=,0.057,8,113,<PAD/UNK>
validacao_composta,Validação de múltiplas restrições com operadores lógicos,487,22,int,||,0.0543,10,288,int@BasicType@FormalParameter@MethodDeclaration@IfStatement@BinaryOperation@B...
validacao_composta,Validação de múltiplas restrições com operadores lógicos,487,22,==,fixTeen,0.0462,6,288,<PAD/UNK>
validacao_composta,Validação de múltiplas restrições com operadores lógicos,487,101,int,goal,0.0444,6,483,int@BasicType@FormalParameter@goal
validacao_composta,Validação de múltiplas restrições com operadores lógicos,487,22,<=,fixTeen,0.0407,14,288,<PAD/UNK>
validacao_composta,Validação de múltiplas restrições com operadores lógicos,487,22,int,fixTeen,0.0361,52,288,int@BasicType@FormalParameter@MethodDeclaration@StatementExpression@MethodInv...
validacao_composta,Validação de múltiplas restrições com operadores lógicos,487,22,int,b,0.0349,14,288,int@BasicType@FormalParameter@MethodDeclaration@FormalParameter@b
validacao_composta,Validação de múltiplas restrições com operadores lógicos,487,21,int,13,0.0345,7,113,int@BasicType@FormalParameter@MethodDeclaration@IfStatement@BinaryOperation@L...
validacao_composta,Validação de múltiplas restrições com operadores lógicos,487,101,int,<=,0.0321,5,483,int@BasicType@LocalVariableDeclaration@MethodDeclaration@IfStatement@BinaryOp...
validacao_composta,Validação de múltiplas restrições com operadores lógicos,487,22,int,c,0.0297,26,288,int@BasicType@FormalParameter@MethodDeclaration@ReturnStatement@BinaryOperati...
validacao_composta,Validação de múltiplas restrições com operadores lógicos,487,101,int,roundSum,0.0277,12,483,int@BasicType@MethodDeclaration@roundSum
validacao_composta,Validação de múltiplas restrições com operadores lógicos,487,22,c,fixTeen,0.0275,13,288,c@FormalParameter@MethodDeclaration@ReturnStatement@BinaryOperation@MethodInv...
validacao_composta,Validação de múltiplas restrições com operadores lógicos,487,21,int,b,0.0252,6,113,int@BasicType@FormalParameter@MethodDeclaration@FormalParameter@b
validacao_composta,Validação de múltiplas restrições com operadores lógicos,487,22,b,fixTeen,0.0194,5,288,b@FormalParameter@MethodDeclaration@StatementExpression@Assignment@MethodInvo...
validacao_composta,Validação de múltiplas restrições com operadores lógicos,487,22,&&,19,0.0095,5,288,&&@BinaryOperation@BinaryOperation@Literal@19
validacao_composta,Validação de múltiplas restrições com operadores lógicos,487,22,int,&&,0.0088,10,288,int@BasicType@FormalParameter@MethodDeclaration@IfStatement@BinaryOperation@B...
